product_id,title,review_text,sentiment,image,price,soldCnt,ratingNumber,rating_score,shop_name,product_url,scenario
1649019273,Quần jean nam quảng châu SIÊU CẤP phối họa tiết rách đẹp chất thời trang chất vải bò nhập co dãn tốt chuẩn phong cách shop,"quần rách bao ngầu luôn m ơi, mặc lên cháy phố thoy 🔥",positive,https://img.lazcdn.com/g/ot/common/9fb839e66cd54c80a5caff17aaf08893.png_720x720q80.png_.webp,159000.0,364,94,4.8,Quang_thời_trang,https://www.lazada.vn/products/pdp-i1649019273.html,Normal
1649019273,Quần jean nam quảng châu SIÊU CẤP phối họa tiết rách đẹp chất thời trang chất vải bò nhập co dãn tốt chuẩn phong cách shop,"chất jean xịn xò phết, co giãn ngon ơ, t ưng nha",positive,https://img.lazcdn.com/g/ot/common/9fb839e66cd54c80a5caff17aaf08893.png_720x720q80.png_.webp,159000.0,364,94,4.8,Quang_thời_trang,https://www.lazada.vn/products/pdp-i1649019273.html,Normal
1649019273,Quần jean nam quảng châu SIÊU CẤP phối họa tiết rách đẹp chất thời trang chất vải bò nhập co dãn tốt chuẩn phong cách shop,"form chuẩn đét, mặc lên nhìn keo lỳ lắmmmm",positive,https://img.lazcdn.com/g/ot/common/9fb839e66cd54c80a5caff17aaf08893.png_720x720q80.png_.webp,159000.0,364,94,4.8,Quang_thời_trang,https://www.lazada.vn/products/pdp-i1649019273.html,Normal
1649019273,Quần jean nam quảng châu SIÊU CẤP phối họa tiết rách đẹp chất thời trang chất vải bò nhập co dãn tốt chuẩn phong cách shop,"siêu cấp vip pro nha, rách nghệ vãi 💯",positive,https://img.lazcdn.com/g/ot/common/9fb839e66cd54c80a5caff17aaf08893.png_720x720q80.png_.webp,159000.0,364,94,4.8,Quang_thời_trang,https://www.lazada.vn/products/pdp-i1649019273.html,Normal
1649019273,Quần jean nam quảng châu SIÊU CẤP phối họa tiết rách đẹp chất thời trang chất vải bò nhập co dãn tốt chuẩn phong cách shop,"mua mặc thử mà ghiền luôn, hack dáng cực kì",positive,https://img.lazcdn.com/g/ot/common/9fb839e66cd54c80a5caff17aaf08893.png_720x720q80.png_.webp,159000.0,364,94,4.8,Quang_thời_trang,https://www.lazada.vn/products/pdp-i1649019273.html,Normal
1649019273,Quần jean nam quảng châu SIÊU CẤP phối họa tiết rách đẹp chất thời trang chất vải bò nhập co dãn tốt chuẩn phong cách shop,"quần này mix với áo oversize là đúng bài, slayyy",positive,https://img.lazcdn.com/g/ot/common/9fb839e66cd54c80a5caff17aaf08893.png_720x720q80.png_.webp,159000.0,364,94,4.8,Quang_thời_trang,https://www.lazada.vn/products/pdp-i1649019273.html,Normal
1649019273,Quần jean nam quảng châu SIÊU CẤP phối họa tiết rách đẹp chất thời trang chất vải bò nhập co dãn tốt chuẩn phong cách shop,"giao hàng lẹ, quần y hình, okla m nha",positive,https://img.lazcdn.com/g/ot/common/9fb839e66cd54c80a5caff17aaf08893.png_720x720q80.png_.webp,159000.0,364,94,4.8,Quang_thời_trang,https://www.lazada.vn/products/pdp-i1649019273.html,Normal
1649019273,Quần jean nam quảng châu SIÊU CẤP phối họa tiết rách đẹp chất thời trang chất vải bò nhập co dãn tốt chuẩn phong cách shop,"vải bò mềm ko bị cứng đơ đâu, mặc thích",positive,https://img.lazcdn.com/g/ot/common/9fb839e66cd54c80a5caff17aaf08893.png_720x720q80.png_.webp,159000.0,364,94,4.8,Quang_thời_trang,https://www.lazada.vn/products/pdp-i1649019273.html,Normal
1649019273,Quần jean nam quảng châu SIÊU CẤP phối họa tiết rách đẹp chất thời trang chất vải bò nhập co dãn tốt chuẩn phong cách shop,shop đóng gói sơ sài quá t k ưng nha,negative,https://img.lazcdn.com/g/ot/common/9fb839e66cd54c80a5caff17aaf08893.png_720x720q80.png_.webp,159000.0,364,94,4.8,Quang_thời_trang,https://www.lazada.vn/products/pdp-i1649019273.html,Normal
1649019273,Quần jean nam quảng châu SIÊU CẤP phối họa tiết rách đẹp chất thời trang chất vải bò nhập co dãn tốt chuẩn phong cách shop,"quần hơi nhiều chỉ thừa, phải ngồi cắt mỏi tay thoy",negative,https://img.lazcdn.com/g/ot/common/9fb839e66cd54c80a5caff17aaf08893.png_720x720q80.png_.webp,159000.0,364,94,4.8,Quang_thời_trang,https://www.lazada.vn/products/pdp-i1649019273.html,Normal
2403373830,"Men's Straight-Leg Jeans Straight-Leg Denim Jeans Thick, Soft, Non-Stretch Fabric, Standard Form, No Color Fading","quần form đứng đẹp, t mặc đi học hợp lý phết",positive,https://img.lazcdn.com/g/p/232944056662dd8c94ac5c65aa56de2c.jpg_720x720q80.jpg_.webp,139000.0,3100,1004,4.8,xuonjeandatthanh,https://www.lazada.vn/products/pdp-i2403373830.html,Normal
2403373830,"Men's Straight-Leg Jeans Straight-Leg Denim Jeans Thick, Soft, Non-Stretch Fabric, Standard Form, No Color Fading","vai day dan, k bi phai mau dau, ok",positive,https://img.lazcdn.com/g/p/232944056662dd8c94ac5c65aa56de2c.jpg_720x720q80.jpg_.webp,139000.0,3100,1004,4.8,xuonjeandatthanh,https://www.lazada.vn/products/pdp-i2403373830.html,Normal
2403373830,"Men's Straight-Leg Jeans Straight-Leg Denim Jeans Thick, Soft, Non-Stretch Fabric, Standard Form, No Color Fading","form straight leg này hack chân dài nè, ae nên mua",positive,https://img.lazcdn.com/g/p/232944056662dd8c94ac5c65aa56de2c.jpg_720x720q80.jpg_.webp,139000.0,3100,1004,4.8,xuonjeandatthanh,https://www.lazada.vn/products/pdp-i2403373830.html,Normal
2403373830,"Men's Straight-Leg Jeans Straight-Leg Denim Jeans Thick, Soft, Non-Stretch Fabric, Standard Form, No Color Fading","dep, giong hinh.",positive,https://img.lazcdn.com/g/p/232944056662dd8c94ac5c65aa56de2c.jpg_720x720q80.jpg_.webp,139000.0,3100,1004,4.8,xuonjeandatthanh,https://www.lazada.vn/products/pdp-i2403373830.html,Normal
2403373830,"Men's Straight-Leg Jeans Straight-Leg Denim Jeans Thick, Soft, Non-Stretch Fabric, Standard Form, No Color Fading","vải xịn k bị nhăn nheo, mặc đi cafe chụp ảnh bao dính",positive,https://img.lazcdn.com/g/p/232944056662dd8c94ac5c65aa56de2c.jpg_720x720q80.jpg_.webp,139000.0,3100,1004,4.8,xuonjeandatthanh,https://www.lazada.vn/products/pdp-i2403373830.html,Normal
2403373830,"Men's Straight-Leg Jeans Straight-Leg Denim Jeans Thick, Soft, Non-Stretch Fabric, Standard Form, No Color Fading","mặc thoải mái m ạ, t mua 2 cái luôn rồi",positive,https://img.lazcdn.com/g/p/232944056662dd8c94ac5c65aa56de2c.jpg_720x720q80.jpg_.webp,139000.0,3100,1004,4.8,xuonjeandatthanh,https://www.lazada.vn/products/pdp-i2403373830.html,Normal
2403373830,"Men's Straight-Leg Jeans Straight-Leg Denim Jeans Thick, Soft, Non-Stretch Fabric, Standard Form, No Color Fading","hàng cty ngon lành, chuẩn form vãi",positive,https://img.lazcdn.com/g/p/232944056662dd8c94ac5c65aa56de2c.jpg_720x720q80.jpg_.webp,139000.0,3100,1004,4.8,xuonjeandatthanh,https://www.lazada.vn/products/pdp-i2403373830.html,Normal
2403373830,"Men's Straight-Leg Jeans Straight-Leg Denim Jeans Thick, Soft, Non-Stretch Fabric, Standard Form, No Color Fading","giặt ko ra màu nha, điểm cộng bự chà bá",positive,https://img.lazcdn.com/g/p/232944056662dd8c94ac5c65aa56de2c.jpg_720x720q80.jpg_.webp,139000.0,3100,1004,4.8,xuonjeandatthanh,https://www.lazada.vn/products/pdp-i2403373830.html,Normal
2403373830,"Men's Straight-Leg Jeans Straight-Leg Denim Jeans Thick, Soft, Non-Stretch Fabric, Standard Form, No Color Fading",10 đỉm k có nhưng. mặc đi làm bao lịch sự,positive,https://img.lazcdn.com/g/p/232944056662dd8c94ac5c65aa56de2c.jpg_720x720q80.jpg_.webp,139000.0,3100,1004,4.8,xuonjeandatthanh,https://www.lazada.vn/products/pdp-i2403373830.html,Normal
2403373830,"Men's Straight-Leg Jeans Straight-Leg Denim Jeans Thick, Soft, Non-Stretch Fabric, Standard Form, No Color Fading","giao hàng mòn mỏi mới tới tay t, bực m mình",negative,https://img.lazcdn.com/g/p/232944056662dd8c94ac5c65aa56de2c.jpg_720x720q80.jpg_.webp,139000.0,3100,1004,4.8,xuonjeandatthanh,https://www.lazada.vn/products/pdp-i2403373830.html,Normal
2325164494,[Hcm]Men's Jeans Men's Ripped Jeans Stretch Fabric High Quality Export Company Products Many Colors,uisss rách đúng chỗ t thích luônnn!!! đẹppppp 😍,positive,https://img.lazcdn.com/g/p/2e3cd6ac660571865324f50793938b2e.jpg_720x720q80.jpg_.webp,179000.0,515,147,4.7,hungphuocfashion,https://www.lazada.vn/products/pdp-i2325164494.html,Trending
2325164494,[Hcm]Men's Jeans Men's Ripped Jeans Stretch Fabric High Quality Export Company Products Many Colors,"chất co giãn đỉnh thật sự, ko bó chit đâu nha",positive,https://img.lazcdn.com/g/p/2e3cd6ac660571865324f50793938b2e.jpg_720x720q80.jpg_.webp,179000.0,515,147,4.7,hungphuocfashion,https://www.lazada.vn/products/pdp-i2325164494.html,Trending
2325164494,[Hcm]Men's Jeans Men's Ripped Jeans Stretch Fabric High Quality Export Company Products Many Colors,"hàng xuất khẩu có khác, đường may nét căng",positive,https://img.lazcdn.com/g/p/2e3cd6ac660571865324f50793938b2e.jpg_720x720q80.jpg_.webp,179000.0,515,147,4.7,hungphuocfashion,https://www.lazada.vn/products/pdp-i2325164494.html,Trending
2325164494,[Hcm]Men's Jeans Men's Ripped Jeans Stretch Fabric High Quality Export Company Products Many Colors,mua cho ny mặc ổng khen quá chừng lunnnn,positive,https://img.lazcdn.com/g/p/2e3cd6ac660571865324f50793938b2e.jpg_720x720q80.jpg_.webp,179000.0,515,147,4.7,hungphuocfashion,https://www.lazada.vn/products/pdp-i2325164494.html,Trending
2325164494,[Hcm]Men's Jeans Men's Ripped Jeans Stretch Fabric High Quality Export Company Products Many Colors,"màu ở ngoài đẹp hơn trong ảnh nha ae, xịn xò",positive,https://img.lazcdn.com/g/p/2e3cd6ac660571865324f50793938b2e.jpg_720x720q80.jpg_.webp,179000.0,515,147,4.7,hungphuocfashion,https://www.lazada.vn/products/pdp-i2325164494.html,Trending
2325164494,[Hcm]Men's Jeans Men's Ripped Jeans Stretch Fabric High Quality Export Company Products Many Colors,"form rộng vừa phải, mặc rất thoải mái á",positive,https://img.lazcdn.com/g/p/2e3cd6ac660571865324f50793938b2e.jpg_720x720q80.jpg_.webp,179000.0,515,147,4.7,hungphuocfashion,https://www.lazada.vn/products/pdp-i2325164494.html,Trending
2325164494,[Hcm]Men's Jeans Men's Ripped Jeans Stretch Fabric High Quality Export Company Products Many Colors,"quần xịn, dáng chuẩn, t cho 5 sao thoy",positive,https://img.lazcdn.com/g/p/2e3cd6ac660571865324f50793938b2e.jpg_720x720q80.jpg_.webp,179000.0,515,147,4.7,hungphuocfashion,https://www.lazada.vn/products/pdp-i2325164494.html,Trending
2325164494,[Hcm]Men's Jeans Men's Ripped Jeans Stretch Fabric High Quality Export Company Products Many Colors,"chỗ rách làm chưa kĩ lắm, t giặt máy sợ rách toạc ra",negative,https://img.lazcdn.com/g/p/2e3cd6ac660571865324f50793938b2e.jpg_720x720q80.jpg_.webp,179000.0,515,147,4.7,hungphuocfashion,https://www.lazada.vn/products/pdp-i2325164494.html,Trending
2325164494,[Hcm]Men's Jeans Men's Ripped Jeans Stretch Fabric High Quality Export Company Products Many Colors,"màu nhạt hơn ảnh mạng 1 chút, hơi thất vọng nhẹ",negative,https://img.lazcdn.com/g/p/2e3cd6ac660571865324f50793938b2e.jpg_720x720q80.jpg_.webp,179000.0,515,147,4.7,hungphuocfashion,https://www.lazada.vn/products/pdp-i2325164494.html,Trending
2325164494,[Hcm]Men's Jeans Men's Ripped Jeans Stretch Fabric High Quality Export Company Products Many Colors,shipper thái độ lồi lõm quá m ạ,negative,https://img.lazcdn.com/g/p/2e3cd6ac660571865324f50793938b2e.jpg_720x720q80.jpg_.webp,179000.0,515,147,4.7,hungphuocfashion,https://www.lazada.vn/products/pdp-i2325164494.html,Trending
2395884532,"Quần bò jean nam dài trơn khóa gối thêu chữ cá tính nhiều mẫu mới hot đẹp, chất jean co giãn chuẩn form giá tốt KAYSTORE 25/06","quả khóa gối chiến đét m ơi, mặc đi cháy phố hợp lý",positive,https://img.lazcdn.com/g/ff/kf/S51c0b05c0607400b87f8ab1af55aeb07P.jpg_720x720q80.jpg_.webp,59000.0,1100,354,4.9,Kay_store,https://www.lazada.vn/products/pdp-i2395884532.html,Trending
2395884532,"Quần bò jean nam dài trơn khóa gối thêu chữ cá tính nhiều mẫu mới hot đẹp, chất jean co giãn chuẩn form giá tốt KAYSTORE 25/06","quần thêu chữ nhìn lạ mắt phết, keo lỳ nha",positive,https://img.lazcdn.com/g/ff/kf/S51c0b05c0607400b87f8ab1af55aeb07P.jpg_720x720q80.jpg_.webp,59000.0,1100,354,4.9,Kay_store,https://www.lazada.vn/products/pdp-i2395884532.html,Trending
2395884532,"Quần bò jean nam dài trơn khóa gối thêu chữ cá tính nhiều mẫu mới hot đẹp, chất jean co giãn chuẩn form giá tốt KAYSTORE 25/06","chất jean giãn ngon, mặc vận động thoải mái thoy",positive,https://img.lazcdn.com/g/ff/kf/S51c0b05c0607400b87f8ab1af55aeb07P.jpg_720x720q80.jpg_.webp,59000.0,1100,354,4.9,Kay_store,https://www.lazada.vn/products/pdp-i2395884532.html,Trending
2395884532,"Quần bò jean nam dài trơn khóa gối thêu chữ cá tính nhiều mẫu mới hot đẹp, chất jean co giãn chuẩn form giá tốt KAYSTORE 25/06","mua của kaystore chả bao giờ thất vọng, đỉnh",positive,https://img.lazcdn.com/g/ff/kf/S51c0b05c0607400b87f8ab1af55aeb07P.jpg_720x720q80.jpg_.webp,59000.0,1100,354,4.9,Kay_store,https://www.lazada.vn/products/pdp-i2395884532.html,Trending
2395884532,"Quần bò jean nam dài trơn khóa gối thêu chữ cá tính nhiều mẫu mới hot đẹp, chất jean co giãn chuẩn form giá tốt KAYSTORE 25/06","form tôn dáng vãi, ae nào nấm lùn mặc cũng ok",positive,https://img.lazcdn.com/g/ff/kf/S51c0b05c0607400b87f8ab1af55aeb07P.jpg_720x720q80.jpg_.webp,59000.0,1100,354,4.9,Kay_store,https://www.lazada.vn/products/pdp-i2395884532.html,Trending
2395884532,"Quần bò jean nam dài trơn khóa gối thêu chữ cá tính nhiều mẫu mới hot đẹp, chất jean co giãn chuẩn form giá tốt KAYSTORE 25/06","hàng y hình, chất vải sờ đã tay",positive,https://img.lazcdn.com/g/ff/kf/S51c0b05c0607400b87f8ab1af55aeb07P.jpg_720x720q80.jpg_.webp,59000.0,1100,354,4.9,Kay_store,https://www.lazada.vn/products/pdp-i2395884532.html,Trending
2395884532,"Quần bò jean nam dài trơn khóa gối thêu chữ cá tính nhiều mẫu mới hot đẹp, chất jean co giãn chuẩn form giá tốt KAYSTORE 25/06",streetwear chính hiệu là đây chứ đâu 😎,positive,https://img.lazcdn.com/g/ff/kf/S51c0b05c0607400b87f8ab1af55aeb07P.jpg_720x720q80.jpg_.webp,59000.0,1100,354,4.9,Kay_store,https://www.lazada.vn/products/pdp-i2395884532.html,Trending
2395884532,"Quần bò jean nam dài trơn khóa gối thêu chữ cá tính nhiều mẫu mới hot đẹp, chất jean co giãn chuẩn form giá tốt KAYSTORE 25/06","quần bảnh đấy, mix với sneaker là chuẩn bài",positive,https://img.lazcdn.com/g/ff/kf/S51c0b05c0607400b87f8ab1af55aeb07P.jpg_720x720q80.jpg_.webp,59000.0,1100,354,4.9,Kay_store,https://www.lazada.vn/products/pdp-i2395884532.html,Trending
2395884532,"Quần bò jean nam dài trơn khóa gối thêu chữ cá tính nhiều mẫu mới hot đẹp, chất jean co giãn chuẩn form giá tốt KAYSTORE 25/06","rẻ mà ngon, múc liền đi ae ơiii",positive,https://img.lazcdn.com/g/ff/kf/S51c0b05c0607400b87f8ab1af55aeb07P.jpg_720x720q80.jpg_.webp,59000.0,1100,354,4.9,Kay_store,https://www.lazada.vn/products/pdp-i2395884532.html,Trending
2395884532,"Quần bò jean nam dài trơn khóa gối thêu chữ cá tính nhiều mẫu mới hot đẹp, chất jean co giãn chuẩn form giá tốt KAYSTORE 25/06","100 đỉm cho sự nhiệt tình của shop, quần quá ô kê la",positive,https://img.lazcdn.com/g/ff/kf/S51c0b05c0607400b87f8ab1af55aeb07P.jpg_720x720q80.jpg_.webp,59000.0,1100,354,4.9,Kay_store,https://www.lazada.vn/products/pdp-i2395884532.html,Trending
2339162214,"Men's Straight-Leg Poly Elastic Pants, Smooth Sporty Style, with Large Pockets and Big Size","quan the thao mat me, mac di gym ok",positive,https://img.lazcdn.com/g/ff/kf/S8148299dfae44b9abbe5313e537cf44ak.jpg_720x720q80.jpg_.webp,89000.0,3200,852,5.0,Gấu.Store,https://www.lazada.vn/products/pdp-i2339162214.html,Normal
2339162214,"Men's Straight-Leg Poly Elastic Pants, Smooth Sporty Style, with Large Pockets and Big Size","ống đứng dễ mặc, vải poly mượt ko bị xù lông",positive,https://img.lazcdn.com/g/ff/kf/S8148299dfae44b9abbe5313e537cf44ak.jpg_720x720q80.jpg_.webp,89000.0,3200,852,5.0,Gấu.Store,https://www.lazada.vn/products/pdp-i2339162214.html,Normal
2339162214,"Men's Straight-Leg Poly Elastic Pants, Smooth Sporty Style, with Large Pockets and Big Size","túi bự chà bá, đựng đt ví tiền thoải mái m ạ",positive,https://img.lazcdn.com/g/ff/kf/S8148299dfae44b9abbe5313e537cf44ak.jpg_720x720q80.jpg_.webp,89000.0,3200,852,5.0,Gấu.Store,https://www.lazada.vn/products/pdp-i2339162214.html,Normal
2339162214,"Men's Straight-Leg Poly Elastic Pants, Smooth Sporty Style, with Large Pockets and Big Size","big size mặc thoải mái, form sporty năng động phết",positive,https://img.lazcdn.com/g/ff/kf/S8148299dfae44b9abbe5313e537cf44ak.jpg_720x720q80.jpg_.webp,89000.0,3200,852,5.0,Gấu.Store,https://www.lazada.vn/products/pdp-i2339162214.html,Normal
2339162214,"Men's Straight-Leg Poly Elastic Pants, Smooth Sporty Style, with Large Pockets and Big Size","quần co giãn tốt, tập thể dục nhẹ nhàng êm ái",positive,https://img.lazcdn.com/g/ff/kf/S8148299dfae44b9abbe5313e537cf44ak.jpg_720x720q80.jpg_.webp,89000.0,3200,852,5.0,Gấu.Store,https://www.lazada.vn/products/pdp-i2339162214.html,Normal
2339162214,"Men's Straight-Leg Poly Elastic Pants, Smooth Sporty Style, with Large Pockets and Big Size",ngon bo re.,positive,https://img.lazcdn.com/g/ff/kf/S8148299dfae44b9abbe5313e537cf44ak.jpg_720x720q80.jpg_.webp,89000.0,3200,852,5.0,Gấu.Store,https://www.lazada.vn/products/pdp-i2339162214.html,Normal
2339162214,"Men's Straight-Leg Poly Elastic Pants, Smooth Sporty Style, with Large Pockets and Big Size",m mặc đi đá phò kéo mồ hôi khô nhanh lắm,positive,https://img.lazcdn.com/g/ff/kf/S8148299dfae44b9abbe5313e537cf44ak.jpg_720x720q80.jpg_.webp,89000.0,3200,852,5.0,Gấu.Store,https://www.lazada.vn/products/pdp-i2339162214.html,Normal
2339162214,"Men's Straight-Leg Poly Elastic Pants, Smooth Sporty Style, with Large Pockets and Big Size","style thể thao basic, dễ phối đồ thoy",positive,https://img.lazcdn.com/g/ff/kf/S8148299dfae44b9abbe5313e537cf44ak.jpg_720x720q80.jpg_.webp,89000.0,3200,852,5.0,Gấu.Store,https://www.lazada.vn/products/pdp-i2339162214.html,Normal
2339162214,"Men's Straight-Leg Poly Elastic Pants, Smooth Sporty Style, with Large Pockets and Big Size",quần hơi mỏng so với tưởng tượng của t,negative,https://img.lazcdn.com/g/ff/kf/S8148299dfae44b9abbe5313e537cf44ak.jpg_720x720q80.jpg_.webp,89000.0,3200,852,5.0,Gấu.Store,https://www.lazada.vn/products/pdp-i2339162214.html,Normal
2339162214,"Men's Straight-Leg Poly Elastic Pants, Smooth Sporty Style, with Large Pockets and Big Size","ống quần hơi dài, t phải đem đi cắt lên lai 1 xíu",negative,https://img.lazcdn.com/g/ff/kf/S8148299dfae44b9abbe5313e537cf44ak.jpg_720x720q80.jpg_.webp,89000.0,3200,852,5.0,Gấu.Store,https://www.lazada.vn/products/pdp-i2339162214.html,Normal
2264407518,Quần jean nam dài hàng Quảng Châu cao cấp không phai màu rách form co dãn có khóa kéo kiểu thêu logo thương hiệu chuẩn thời trang cao cấp hàng shop,"logo thêu nét căng, nhìn sang vãiiii 😭",positive,https://img.lazcdn.com/g/p/081b4a01e5e19526578a586fbfb3c828.jpg_720x720q80.jpg_.webp,199000.0,0,0,0.0,Quang_thời_trang,https://www.lazada.vn/products/pdp-i2264407518.html,Trending
2264407518,Quần jean nam dài hàng Quảng Châu cao cấp không phai màu rách form co dãn có khóa kéo kiểu thêu logo thương hiệu chuẩn thời trang cao cấp hàng shop,"hàng QC chuẩn loại 1, chất jean co giãn mặc sướng",positive,https://img.lazcdn.com/g/p/081b4a01e5e19526578a586fbfb3c828.jpg_720x720q80.jpg_.webp,199000.0,0,0,0.0,Quang_thời_trang,https://www.lazada.vn/products/pdp-i2264407518.html,Trending
2264407518,Quần jean nam dài hàng Quảng Châu cao cấp không phai màu rách form co dãn có khóa kéo kiểu thêu logo thương hiệu chuẩn thời trang cao cấp hàng shop,"rách nhẹ nhàng ko bị lố, màu đen lên form bao ngầu",positive,https://img.lazcdn.com/g/p/081b4a01e5e19526578a586fbfb3c828.jpg_720x720q80.jpg_.webp,199000.0,0,0,0.0,Quang_thời_trang,https://www.lazada.vn/products/pdp-i2264407518.html,Trending
2264407518,Quần jean nam dài hàng Quảng Châu cao cấp không phai màu rách form co dãn có khóa kéo kiểu thêu logo thương hiệu chuẩn thời trang cao cấp hàng shop,"quần khóa kéo xịn, ko phai màu thật nha",positive,https://img.lazcdn.com/g/p/081b4a01e5e19526578a586fbfb3c828.jpg_720x720q80.jpg_.webp,199000.0,0,0,0.0,Quang_thời_trang,https://www.lazada.vn/products/pdp-i2264407518.html,Trending
2264407518,Quần jean nam dài hàng Quảng Châu cao cấp không phai màu rách form co dãn có khóa kéo kiểu thêu logo thương hiệu chuẩn thời trang cao cấp hàng shop,"dạo này t chuộng mấy form này ghê, hack dáng",positive,https://img.lazcdn.com/g/p/081b4a01e5e19526578a586fbfb3c828.jpg_720x720q80.jpg_.webp,199000.0,0,0,0.0,Quang_thời_trang,https://www.lazada.vn/products/pdp-i2264407518.html,Trending
2264407518,Quần jean nam dài hàng Quảng Châu cao cấp không phai màu rách form co dãn có khóa kéo kiểu thêu logo thương hiệu chuẩn thời trang cao cấp hàng shop,chất lượng vượt quá giá tiền luônnnn,positive,https://img.lazcdn.com/g/p/081b4a01e5e19526578a586fbfb3c828.jpg_720x720q80.jpg_.webp,199000.0,0,0,0.0,Quang_thời_trang,https://www.lazada.vn/products/pdp-i2264407518.html,Trending
2264407518,Quần jean nam dài hàng Quảng Châu cao cấp không phai màu rách form co dãn có khóa kéo kiểu thêu logo thương hiệu chuẩn thời trang cao cấp hàng shop,"form eo hơi rộng m ạ, t phải dùng thắt lưng",negative,https://img.lazcdn.com/g/p/081b4a01e5e19526578a586fbfb3c828.jpg_720x720q80.jpg_.webp,199000.0,0,0,0.0,Quang_thời_trang,https://www.lazada.vn/products/pdp-i2264407518.html,Trending
2264407518,Quần jean nam dài hàng Quảng Châu cao cấp không phai màu rách form co dãn có khóa kéo kiểu thêu logo thương hiệu chuẩn thời trang cao cấp hàng shop,"cúc quần đóng bị lệch 1 xíu nha shop, m mốt soi kĩ dùm t",negative,https://img.lazcdn.com/g/p/081b4a01e5e19526578a586fbfb3c828.jpg_720x720q80.jpg_.webp,199000.0,0,0,0.0,Quang_thời_trang,https://www.lazada.vn/products/pdp-i2264407518.html,Trending
2264407518,Quần jean nam dài hàng Quảng Châu cao cấp không phai màu rách form co dãn có khóa kéo kiểu thêu logo thương hiệu chuẩn thời trang cao cấp hàng shop,"giao nhầm size của t cmnr, lười đổi quá",negative,https://img.lazcdn.com/g/p/081b4a01e5e19526578a586fbfb3c828.jpg_720x720q80.jpg_.webp,199000.0,0,0,0.0,Quang_thời_trang,https://www.lazada.vn/products/pdp-i2264407518.html,Trending
2264407518,Quần jean nam dài hàng Quảng Châu cao cấp không phai màu rách form co dãn có khóa kéo kiểu thêu logo thương hiệu chuẩn thời trang cao cấp hàng shop,"mùi vải mới hơi hắc, phải giặt mới hết",negative,https://img.lazcdn.com/g/p/081b4a01e5e19526578a586fbfb3c828.jpg_720x720q80.jpg_.webp,199000.0,0,0,0.0,Quang_thời_trang,https://www.lazada.vn/products/pdp-i2264407518.html,Trending
1565285213,"Men's Baggy Jeans with Wide-Leg, Loose-Fitting Denim Style Qd0","quần baggy ống rộng mặc siêu thích, vibe y2k lù lù ra",positive,https://img.lazcdn.com/g/p/29584b65659b1e3043f256ffcfe398b5.jpg_720x720q80.jpg_.webp,159000.0,1100,279,4.6,SHOP CÁ TÍNH VONESA,https://www.lazada.vn/products/pdp-i1565285213.html,Normal
1565285213,"Men's Baggy Jeans with Wide-Leg, Loose-Fitting Denim Style Qd0","form loose-fitting đỉnh chóp, che khuyết điểm chân to",positive,https://img.lazcdn.com/g/p/29584b65659b1e3043f256ffcfe398b5.jpg_720x720q80.jpg_.webp,159000.0,1100,279,4.6,SHOP CÁ TÍNH VONESA,https://www.lazada.vn/products/pdp-i1565285213.html,Normal
1565285213,"Men's Baggy Jeans with Wide-Leg, Loose-Fitting Denim Style Qd0","màu denim vintage vãi chưởng, mặc bao keo",positive,https://img.lazcdn.com/g/p/29584b65659b1e3043f256ffcfe398b5.jpg_720x720q80.jpg_.webp,159000.0,1100,279,4.6,SHOP CÁ TÍNH VONESA,https://www.lazada.vn/products/pdp-i1565285213.html,Normal
1565285213,"Men's Baggy Jeans with Wide-Leg, Loose-Fitting Denim Style Qd0","quần thụng thụng street style ae ơi, múc lẹ",positive,https://img.lazcdn.com/g/p/29584b65659b1e3043f256ffcfe398b5.jpg_720x720q80.jpg_.webp,159000.0,1100,279,4.6,SHOP CÁ TÍNH VONESA,https://www.lazada.vn/products/pdp-i1565285213.html,Normal
1565285213,"Men's Baggy Jeans with Wide-Leg, Loose-Fitting Denim Style Qd0","mặc mát ko bị bí, vải rũ xuống form mượt lắm",positive,https://img.lazcdn.com/g/p/29584b65659b1e3043f256ffcfe398b5.jpg_720x720q80.jpg_.webp,159000.0,1100,279,4.6,SHOP CÁ TÍNH VONESA,https://www.lazada.vn/products/pdp-i1565285213.html,Normal
1565285213,"Men's Baggy Jeans with Wide-Leg, Loose-Fitting Denim Style Qd0",mix với baby tee là đúng bài slayyyyy 🔥,positive,https://img.lazcdn.com/g/p/29584b65659b1e3043f256ffcfe398b5.jpg_720x720q80.jpg_.webp,159000.0,1100,279,4.6,SHOP CÁ TÍNH VONESA,https://www.lazada.vn/products/pdp-i1565285213.html,Normal
1565285213,"Men's Baggy Jeans with Wide-Leg, Loose-Fitting Denim Style Qd0","shop tư vấn nhiệt tình, quần y hình okla",positive,https://img.lazcdn.com/g/p/29584b65659b1e3043f256ffcfe398b5.jpg_720x720q80.jpg_.webp,159000.0,1100,279,4.6,SHOP CÁ TÍNH VONESA,https://www.lazada.vn/products/pdp-i1565285213.html,Normal
1565285213,"Men's Baggy Jeans with Wide-Leg, Loose-Fitting Denim Style Qd0","tôn dáng phết m ạ, t thích thoy",positive,https://img.lazcdn.com/g/p/29584b65659b1e3043f256ffcfe398b5.jpg_720x720q80.jpg_.webp,159000.0,1100,279,4.6,SHOP CÁ TÍNH VONESA,https://www.lazada.vn/products/pdp-i1565285213.html,Normal
1565285213,"Men's Baggy Jeans with Wide-Leg, Loose-Fitting Denim Style Qd0","10/10 nha, ko có gì để chê",positive,https://img.lazcdn.com/g/p/29584b65659b1e3043f256ffcfe398b5.jpg_720x720q80.jpg_.webp,159000.0,1100,279,4.6,SHOP CÁ TÍNH VONESA,https://www.lazada.vn/products/pdp-i1565285213.html,Normal
1565285213,"Men's Baggy Jeans with Wide-Leg, Loose-Fitting Denim Style Qd0",giao hàng bằng ninja rùa hay gì mà lâu dữ z shop,negative,https://img.lazcdn.com/g/p/29584b65659b1e3043f256ffcfe398b5.jpg_720x720q80.jpg_.webp,159000.0,1100,279,4.6,SHOP CÁ TÍNH VONESA,https://www.lazada.vn/products/pdp-i1565285213.html,Normal
2493644582,"quần bò jean nam dài DSQ đen rách gối kiểu,chất jean co giãn chuẩn form giá tốt mẫu mới","jean đen rách gối basic, dễ mặc",positive,https://img.lazcdn.com/g/p/270bf4821b7f340ae8642c425157ef27.jpg_720x720q80.jpg_.webp,159000.0,87,24,4.7,TM.FASHION,https://www.lazada.vn/products/pdp-i2493644582.html,Normal
2493644582,"quần bò jean nam dài DSQ đen rách gối kiểu,chất jean co giãn chuẩn form giá tốt mẫu mới","mau ok, form chuan.",positive,https://img.lazcdn.com/g/p/270bf4821b7f340ae8642c425157ef27.jpg_720x720q80.jpg_.webp,159000.0,87,24,4.7,TM.FASHION,https://www.lazada.vn/products/pdp-i2493644582.html,Normal
2493644582,"quần bò jean nam dài DSQ đen rách gối kiểu,chất jean co giãn chuẩn form giá tốt mẫu mới",chất co giãn nên ngồi xe ko bị cấn đùi,positive,https://img.lazcdn.com/g/p/270bf4821b7f340ae8642c425157ef27.jpg_720x720q80.jpg_.webp,159000.0,87,24,4.7,TM.FASHION,https://www.lazada.vn/products/pdp-i2493644582.html,Normal
2493644582,"quần bò jean nam dài DSQ đen rách gối kiểu,chất jean co giãn chuẩn form giá tốt mẫu mới","dáng ôm vừa vặn, nhìn người thon gọn hơn m ạ",positive,https://img.lazcdn.com/g/p/270bf4821b7f340ae8642c425157ef27.jpg_720x720q80.jpg_.webp,159000.0,87,24,4.7,TM.FASHION,https://www.lazada.vn/products/pdp-i2493644582.html,Normal
2493644582,"quần bò jean nam dài DSQ đen rách gối kiểu,chất jean co giãn chuẩn form giá tốt mẫu mới",hang re ma chat luong on ap,positive,https://img.lazcdn.com/g/p/270bf4821b7f340ae8642c425157ef27.jpg_720x720q80.jpg_.webp,159000.0,87,24,4.7,TM.FASHION,https://www.lazada.vn/products/pdp-i2493644582.html,Normal
2493644582,"quần bò jean nam dài DSQ đen rách gối kiểu,chất jean co giãn chuẩn form giá tốt mẫu mới",mua về mặc đi chơi đi làm đều dc,positive,https://img.lazcdn.com/g/p/270bf4821b7f340ae8642c425157ef27.jpg_720x720q80.jpg_.webp,159000.0,87,24,4.7,TM.FASHION,https://www.lazada.vn/products/pdp-i2493644582.html,Normal
2493644582,"quần bò jean nam dài DSQ đen rách gối kiểu,chất jean co giãn chuẩn form giá tốt mẫu mới","giặt ko bị phai màu đen đâu, yên tâm",positive,https://img.lazcdn.com/g/p/270bf4821b7f340ae8642c425157ef27.jpg_720x720q80.jpg_.webp,159000.0,87,24,4.7,TM.FASHION,https://www.lazada.vn/products/pdp-i2493644582.html,Normal
2493644582,"quần bò jean nam dài DSQ đen rách gối kiểu,chất jean co giãn chuẩn form giá tốt mẫu mới","form lên dáng dã man, chấn bé đù luôn",positive,https://img.lazcdn.com/g/p/270bf4821b7f340ae8642c425157ef27.jpg_720x720q80.jpg_.webp,159000.0,87,24,4.7,TM.FASHION,https://www.lazada.vn/products/pdp-i2493644582.html,Normal
2493644582,"quần bò jean nam dài DSQ đen rách gối kiểu,chất jean co giãn chuẩn form giá tốt mẫu mới","gối rách hơi to so với ảnh, t ko khoái lắm",negative,https://img.lazcdn.com/g/p/270bf4821b7f340ae8642c425157ef27.jpg_720x720q80.jpg_.webp,159000.0,87,24,4.7,TM.FASHION,https://www.lazada.vn/products/pdp-i2493644582.html,Normal
2493644582,"quần bò jean nam dài DSQ đen rách gối kiểu,chất jean co giãn chuẩn form giá tốt mẫu mới","quần dính nhiều bụi vải đen quá, giặt mới mặc dc",negative,https://img.lazcdn.com/g/p/270bf4821b7f340ae8642c425157ef27.jpg_720x720q80.jpg_.webp,159000.0,87,24,4.7,TM.FASHION,https://www.lazada.vn/products/pdp-i2493644582.html,Normal
2456608593,Men's Jeans Men's Plain Jeans Stretch Fabric High Quality Export Company Products,quần trơn dễ phối đồ nhất trần đờiii!!!,positive,https://img.lazcdn.com/g/p/23de483c7db5dd9429b9af98be28ef2a.png_720x720q80.png_.webp,179000.0,619,208,4.8,hungphuocfashion,https://www.lazada.vn/products/pdp-i2456608593.html,Normal
2456608593,Men's Jeans Men's Plain Jeans Stretch Fabric High Quality Export Company Products,chất co giãn mặc đi làm cả ngày k bị bí bách xíu nàooo 😭,positive,https://img.lazcdn.com/g/p/23de483c7db5dd9429b9af98be28ef2a.png_720x720q80.png_.webp,179000.0,619,208,4.8,hungphuocfashion,https://www.lazada.vn/products/pdp-i2456608593.html,Normal
2456608593,Men's Jeans Men's Plain Jeans Stretch Fabric High Quality Export Company Products,"hàng xuất xịn có khác, đường may sắc nét vãi",positive,https://img.lazcdn.com/g/p/23de483c7db5dd9429b9af98be28ef2a.png_720x720q80.png_.webp,179000.0,619,208,4.8,hungphuocfashion,https://www.lazada.vn/products/pdp-i2456608593.html,Normal
2456608593,Men's Jeans Men's Plain Jeans Stretch Fabric High Quality Export Company Products,t mua 3 màu luôn vì mặc quá êm áiiii,positive,https://img.lazcdn.com/g/p/23de483c7db5dd9429b9af98be28ef2a.png_720x720q80.png_.webp,179000.0,619,208,4.8,hungphuocfashion,https://www.lazada.vn/products/pdp-i2456608593.html,Normal
2456608593,Men's Jeans Men's Plain Jeans Stretch Fabric High Quality Export Company Products,"form chuẩn men, lên dáng siêu lịch lãm",positive,https://img.lazcdn.com/g/p/23de483c7db5dd9429b9af98be28ef2a.png_720x720q80.png_.webp,179000.0,619,208,4.8,hungphuocfashion,https://www.lazada.vn/products/pdp-i2456608593.html,Normal
2456608593,Men's Jeans Men's Plain Jeans Stretch Fabric High Quality Export Company Products,"vải xịn sờ sướng tay, ko mỏng tang đâu nha",positive,https://img.lazcdn.com/g/p/23de483c7db5dd9429b9af98be28ef2a.png_720x720q80.png_.webp,179000.0,619,208,4.8,hungphuocfashion,https://www.lazada.vn/products/pdp-i2456608593.html,Normal
2456608593,Men's Jeans Men's Plain Jeans Stretch Fabric High Quality Export Company Products,cực recommend cho ae văn phòng nhóeeee,positive,https://img.lazcdn.com/g/p/23de483c7db5dd9429b9af98be28ef2a.png_720x720q80.png_.webp,179000.0,619,208,4.8,hungphuocfashion,https://www.lazada.vn/products/pdp-i2456608593.html,Normal
2456608593,Men's Jeans Men's Plain Jeans Stretch Fabric High Quality Export Company Products,"xứng đáng từng đồng, shop uy tín 💯",positive,https://img.lazcdn.com/g/p/23de483c7db5dd9429b9af98be28ef2a.png_720x720q80.png_.webp,179000.0,619,208,4.8,hungphuocfashion,https://www.lazada.vn/products/pdp-i2456608593.html,Normal
2456608593,Men's Jeans Men's Plain Jeans Stretch Fabric High Quality Export Company Products,"form quần làm chân nhìn dài ngoằng, mê",positive,https://img.lazcdn.com/g/p/23de483c7db5dd9429b9af98be28ef2a.png_720x720q80.png_.webp,179000.0,619,208,4.8,hungphuocfashion,https://www.lazada.vn/products/pdp-i2456608593.html,Normal
2456608593,Men's Jeans Men's Plain Jeans Stretch Fabric High Quality Export Company Products,"khoét lỗ cúc chưa kĩ, t phải lấy kéo bấm lại thoy",negative,https://img.lazcdn.com/g/p/23de483c7db5dd9429b9af98be28ef2a.png_720x720q80.png_.webp,179000.0,619,208,4.8,hungphuocfashion,https://www.lazada.vn/products/pdp-i2456608593.html,Normal
2941180833,Quần jeans dài nam co giãn cao cấp,"quần co giãn cao cấp đúng nghĩa, sờ mướt rượt m ơi",positive,https://img.lazcdn.com/g/ff/kf/S610225238d184e5bad20e508dbeac1aeK.jpg_720x720q80.jpg_.webp,135000.0,1000,292,4.9,Diorgino,https://www.lazada.vn/products/pdp-i2941180833.html,Normal
2941180833,Quần jeans dài nam co giãn cao cấp,"form ống đứng hack dáng đỉnh, mặc là auto đẹp trai",positive,https://img.lazcdn.com/g/ff/kf/S610225238d184e5bad20e508dbeac1aeK.jpg_720x720q80.jpg_.webp,135000.0,1000,292,4.9,Diorgino,https://www.lazada.vn/products/pdp-i2941180833.html,Normal
2941180833,Quần jeans dài nam co giãn cao cấp,"lên đồ phát slay liền, mix với áo polo là bao cháy",positive,https://img.lazcdn.com/g/ff/kf/S610225238d184e5bad20e508dbeac1aeK.jpg_720x720q80.jpg_.webp,135000.0,1000,292,4.9,Diorgino,https://www.lazada.vn/products/pdp-i2941180833.html,Normal
2941180833,Quần jeans dài nam co giãn cao cấp,"chất jean k nhăn k xù, xịn xò con bò nha",positive,https://img.lazcdn.com/g/ff/kf/S610225238d184e5bad20e508dbeac1aeK.jpg_720x720q80.jpg_.webp,135000.0,1000,292,4.9,Diorgino,https://www.lazada.vn/products/pdp-i2941180833.html,Normal
2941180833,Quần jeans dài nam co giãn cao cấp,"t mua lần 2 rồi, vẫn ưng cái bụng thoy",positive,https://img.lazcdn.com/g/ff/kf/S610225238d184e5bad20e508dbeac1aeK.jpg_720x720q80.jpg_.webp,135000.0,1000,292,4.9,Diorgino,https://www.lazada.vn/products/pdp-i2941180833.html,Normal
2941180833,Quần jeans dài nam co giãn cao cấp,"hàng chuẩn hình, mặc đi date gái mê mệt",positive,https://img.lazcdn.com/g/ff/kf/S610225238d184e5bad20e508dbeac1aeK.jpg_720x720q80.jpg_.webp,135000.0,1000,292,4.9,Diorgino,https://www.lazada.vn/products/pdp-i2941180833.html,Normal
2941180833,Quần jeans dài nam co giãn cao cấp,"keo lỳ nha, đáng tiền",positive,https://img.lazcdn.com/g/ff/kf/S610225238d184e5bad20e508dbeac1aeK.jpg_720x720q80.jpg_.webp,135000.0,1000,292,4.9,Diorgino,https://www.lazada.vn/products/pdp-i2941180833.html,Normal
2941180833,Quần jeans dài nam co giãn cao cấp,"đợi hàng hơn 1 tuần, sốt ruột vãi chưởng",negative,https://img.lazcdn.com/g/ff/kf/S610225238d184e5bad20e508dbeac1aeK.jpg_720x720q80.jpg_.webp,135000.0,1000,292,4.9,Diorgino,https://www.lazada.vn/products/pdp-i2941180833.html,Normal
2941180833,Quần jeans dài nam co giãn cao cấp,"size ảo m ạ, t bình thường mặc 30 mà nay phải đổi 31",negative,https://img.lazcdn.com/g/ff/kf/S610225238d184e5bad20e508dbeac1aeK.jpg_720x720q80.jpg_.webp,135000.0,1000,292,4.9,Diorgino,https://www.lazada.vn/products/pdp-i2941180833.html,Normal
2941180833,Quần jeans dài nam co giãn cao cấp,"đóng gói bọc ni lông nhìn phèn phèn, xước cả tag",negative,https://img.lazcdn.com/g/ff/kf/S610225238d184e5bad20e508dbeac1aeK.jpg_720x720q80.jpg_.webp,135000.0,1000,292,4.9,Diorgino,https://www.lazada.vn/products/pdp-i2941180833.html,Normal
2096887619,QUẦN THỂ THAO NAM NỮ ỐNG XUÔNG,"quần thể thao ống xuông mặc bao mát m ơi, thoải mái cực kì",positive,https://img.lazcdn.com/g/ff/kf/S06cbb4816f4040e6957cd07c424cb96fq.jpg_720x720q80.jpg_.webp,70100.0,687,193,5.0,Style GẤU,https://www.lazada.vn/products/pdp-i2096887619.html,Normal
2096887619,QUẦN THỂ THAO NAM NỮ ỐNG XUÔNG,"form xuông nhìn chân dài phết, mặc đi tập hay đi chơi đều ổn nha",positive,https://img.lazcdn.com/g/ff/kf/S06cbb4816f4040e6957cd07c424cb96fq.jpg_720x720q80.jpg_.webp,70100.0,687,193,5.0,Style GẤU,https://www.lazada.vn/products/pdp-i2096887619.html,Normal
2096887619,QUẦN THỂ THAO NAM NỮ ỐNG XUÔNG,"vải mềm mướt, mặc vào là thích thoy, slayyy 🔥",positive,https://img.lazcdn.com/g/ff/kf/S06cbb4816f4040e6957cd07c424cb96fq.jpg_720x720q80.jpg_.webp,70100.0,687,193,5.0,Style GẤU,https://www.lazada.vn/products/pdp-i2096887619.html,Normal
2096887619,QUẦN THỂ THAO NAM NỮ ỐNG XUÔNG,"unisex nên t với ny mặc chung luôn, bao keo lỳ nha",positive,https://img.lazcdn.com/g/ff/kf/S06cbb4816f4040e6957cd07c424cb96fq.jpg_720x720q80.jpg_.webp,70100.0,687,193,5.0,Style GẤU,https://www.lazada.vn/products/pdp-i2096887619.html,Normal
2096887619,QUẦN THỂ THAO NAM NỮ ỐNG XUÔNG,"rẻ mà chất lượng ổn áp quá trời, múc lẹ đi ae",positive,https://img.lazcdn.com/g/ff/kf/S06cbb4816f4040e6957cd07c424cb96fq.jpg_720x720q80.jpg_.webp,70100.0,687,193,5.0,Style GẤU,https://www.lazada.vn/products/pdp-i2096887619.html,Normal
2096887619,QUẦN THỂ THAO NAM NỮ ỐNG XUÔNG,"mặc đi học thể dục bao cháy, ai cũng hỏi mua ở đâu",positive,https://img.lazcdn.com/g/ff/kf/S06cbb4816f4040e6957cd07c424cb96fq.jpg_720x720q80.jpg_.webp,70100.0,687,193,5.0,Style GẤU,https://www.lazada.vn/products/pdp-i2096887619.html,Normal
2096887619,QUẦN THỂ THAO NAM NỮ ỐNG XUÔNG,"okla, shop giao đúng màu đúng size t đặt",positive,https://img.lazcdn.com/g/ff/kf/S06cbb4816f4040e6957cd07c424cb96fq.jpg_720x720q80.jpg_.webp,70100.0,687,193,5.0,Style GẤU,https://www.lazada.vn/products/pdp-i2096887619.html,Normal
2096887619,QUẦN THỂ THAO NAM NỮ ỐNG XUÔNG,vai hoi mong xiu nhưng mặc mùa hè thì bao phê,positive,https://img.lazcdn.com/g/ff/kf/S06cbb4816f4040e6957cd07c424cb96fq.jpg_720x720q80.jpg_.webp,70100.0,687,193,5.0,Style GẤU,https://www.lazada.vn/products/pdp-i2096887619.html,Normal
2096887619,QUẦN THỂ THAO NAM NỮ ỐNG XUÔNG,"đợi hàng hơi lâu, shop nên cải thiện khâu vận chuyển",negative,https://img.lazcdn.com/g/ff/kf/S06cbb4816f4040e6957cd07c424cb96fq.jpg_720x720q80.jpg_.webp,70100.0,687,193,5.0,Style GẤU,https://www.lazada.vn/products/pdp-i2096887619.html,Normal
2096887619,QUẦN THỂ THAO NAM NỮ ỐNG XUÔNG,"ống hơi rộng quá so với t, nhìn hơi sượng sượng",negative,https://img.lazcdn.com/g/ff/kf/S06cbb4816f4040e6957cd07c424cb96fq.jpg_720x720q80.jpg_.webp,70100.0,687,193,5.0,Style GẤU,https://www.lazada.vn/products/pdp-i2096887619.html,Normal
1732034337,Men's Straight-Leg Sports Jogger Pants Come in Large Sizes up to 90kg,"t 85kg mặc size to nhất vẫn rộng rãi, đỉnh của chóp 💯",positive,https://img.lazcdn.com/g/ff/kf/Sdbe8cddc96d74b7096e87738c3ee6b2dE.jpg_720x720q80.jpg_.webp,82000.0,8100,1634,4.9,Gấu.Store,https://www.lazada.vn/products/pdp-i1732034337.html,Normal
1732034337,Men's Straight-Leg Sports Jogger Pants Come in Large Sizes up to 90kg,"jogger thể thao mà form đứng đẹp vãi, mặc ko bị lùn",positive,https://img.lazcdn.com/g/ff/kf/Sdbe8cddc96d74b7096e87738c3ee6b2dE.jpg_720x720q80.jpg_.webp,82000.0,8100,1634,4.9,Gấu.Store,https://www.lazada.vn/products/pdp-i1732034337.html,Normal
1732034337,Men's Straight-Leg Sports Jogger Pants Come in Large Sizes up to 90kg,"chất vải dày dặn, co giãn tốt cho mấy ông đô con",positive,https://img.lazcdn.com/g/ff/kf/Sdbe8cddc96d74b7096e87738c3ee6b2dE.jpg_720x720q80.jpg_.webp,82000.0,8100,1634,4.9,Gấu.Store,https://www.lazada.vn/products/pdp-i1732034337.html,Normal
1732034337,Men's Straight-Leg Sports Jogger Pants Come in Large Sizes up to 90kg,"mặc đi chạy bộ bao sướng, ko bị bí mồ hôi đâu m",positive,https://img.lazcdn.com/g/ff/kf/Sdbe8cddc96d74b7096e87738c3ee6b2dE.jpg_720x720q80.jpg_.webp,82000.0,8100,1634,4.9,Gấu.Store,https://www.lazada.vn/products/pdp-i1732034337.html,Normal
1732034337,Men's Straight-Leg Sports Jogger Pants Come in Large Sizes up to 90kg,"hàng xịn xò, may mặc chắc chắn, t ưng thoy",positive,https://img.lazcdn.com/g/ff/kf/Sdbe8cddc96d74b7096e87738c3ee6b2dE.jpg_720x720q80.jpg_.webp,82000.0,8100,1634,4.9,Gấu.Store,https://www.lazada.vn/products/pdp-i1732034337.html,Normal
1732034337,Men's Straight-Leg Sports Jogger Pants Come in Large Sizes up to 90kg,form straight leg này che khuyết điểm chân to tốt cực,positive,https://img.lazcdn.com/g/ff/kf/Sdbe8cddc96d74b7096e87738c3ee6b2dE.jpg_720x720q80.jpg_.webp,82000.0,8100,1634,4.9,Gấu.Store,https://www.lazada.vn/products/pdp-i1732034337.html,Normal
1732034337,Men's Straight-Leg Sports Jogger Pants Come in Large Sizes up to 90kg,"đúng chuẩn cho người big size, kiếm mỏi mắt mới ra shop này",positive,https://img.lazcdn.com/g/ff/kf/Sdbe8cddc96d74b7096e87738c3ee6b2dE.jpg_720x720q80.jpg_.webp,82000.0,8100,1634,4.9,Gấu.Store,https://www.lazada.vn/products/pdp-i1732034337.html,Normal
1732034337,Men's Straight-Leg Sports Jogger Pants Come in Large Sizes up to 90kg,"giao hàng nhanh, đóng gói cẩn thận, 5 sao",positive,https://img.lazcdn.com/g/ff/kf/Sdbe8cddc96d74b7096e87738c3ee6b2dE.jpg_720x720q80.jpg_.webp,82000.0,8100,1634,4.9,Gấu.Store,https://www.lazada.vn/products/pdp-i1732034337.html,Normal
1732034337,Men's Straight-Leg Sports Jogger Pants Come in Large Sizes up to 90kg,"quần có mùi nhựa hơi nồng, phải giặt 2 lần mới hết",negative,https://img.lazcdn.com/g/ff/kf/Sdbe8cddc96d74b7096e87738c3ee6b2dE.jpg_720x720q80.jpg_.webp,82000.0,8100,1634,4.9,Gấu.Store,https://www.lazada.vn/products/pdp-i1732034337.html,Normal
1732034337,Men's Straight-Leg Sports Jogger Pants Come in Large Sizes up to 90kg,"túi quần hơi nông, để đt to dễ bị rớt ra ngoài",negative,https://img.lazcdn.com/g/ff/kf/Sdbe8cddc96d74b7096e87738c3ee6b2dE.jpg_720x720q80.jpg_.webp,82000.0,8100,1634,4.9,Gấu.Store,https://www.lazada.vn/products/pdp-i1732034337.html,Normal
2218178707,Quần jean nam mẫu mới TANBEO_SHOP thiết kế đen trơn ống quần thới trang cá tính chất vaie DENIM cao cấp chuẩn shop,"jean đen trơn tanbeo shop chất denim dày vãi, chuẩn shop nha",positive,https://img.lazcdn.com/g/p/0b4b8432056f89f35f28e739914e5fa3.jpg_720x720q80.jpg_.webp,159000.0,146,32,4.8,TANBEO-SHOP,https://www.lazada.vn/products/pdp-i2218178707.html,Normal
2218178707,Quần jean nam mẫu mới TANBEO_SHOP thiết kế đen trơn ống quần thới trang cá tính chất vaie DENIM cao cấp chuẩn shop,"đen tuyền ko tì vết, mặc lên nhìn bảnh tỏn hẳn m ơi",positive,https://img.lazcdn.com/g/p/0b4b8432056f89f35f28e739914e5fa3.jpg_720x720q80.jpg_.webp,159000.0,146,32,4.8,TANBEO-SHOP,https://www.lazada.vn/products/pdp-i2218178707.html,Normal
2218178707,Quần jean nam mẫu mới TANBEO_SHOP thiết kế đen trơn ống quần thới trang cá tính chất vaie DENIM cao cấp chuẩn shop,"jean trơn basic dễ phối đồ nhất trần đời, keo lỳ nha",positive,https://img.lazcdn.com/g/p/0b4b8432056f89f35f28e739914e5fa3.jpg_720x720q80.jpg_.webp,159000.0,146,32,4.8,TANBEO-SHOP,https://www.lazada.vn/products/pdp-i2218178707.html,Normal
2218178707,Quần jean nam mẫu mới TANBEO_SHOP thiết kế đen trơn ống quần thới trang cá tính chất vaie DENIM cao cấp chuẩn shop,"form dáng cá tính, mặc vào nhìn có gu hẳn ra",positive,https://img.lazcdn.com/g/p/0b4b8432056f89f35f28e739914e5fa3.jpg_720x720q80.jpg_.webp,159000.0,146,32,4.8,TANBEO-SHOP,https://www.lazada.vn/products/pdp-i2218178707.html,Normal
2218178707,Quần jean nam mẫu mới TANBEO_SHOP thiết kế đen trơn ống quần thới trang cá tính chất vaie DENIM cao cấp chuẩn shop,"chất lượng denim cao cấp sờ mướt tay lắm, đáng tiền",positive,https://img.lazcdn.com/g/p/0b4b8432056f89f35f28e739914e5fa3.jpg_720x720q80.jpg_.webp,159000.0,146,32,4.8,TANBEO-SHOP,https://www.lazada.vn/products/pdp-i2218178707.html,Normal
2218178707,Quần jean nam mẫu mới TANBEO_SHOP thiết kế đen trơn ống quần thới trang cá tính chất vaie DENIM cao cấp chuẩn shop,"đường chỉ may nét căng, ko có tí chỉ thừa nào luôn",positive,https://img.lazcdn.com/g/p/0b4b8432056f89f35f28e739914e5fa3.jpg_720x720q80.jpg_.webp,159000.0,146,32,4.8,TANBEO-SHOP,https://www.lazada.vn/products/pdp-i2218178707.html,Normal
2218178707,Quần jean nam mẫu mới TANBEO_SHOP thiết kế đen trơn ống quần thới trang cá tính chất vaie DENIM cao cấp chuẩn shop,"mặc đi date gái khen quần đẹp hoài, khoái thoy",positive,https://img.lazcdn.com/g/p/0b4b8432056f89f35f28e739914e5fa3.jpg_720x720q80.jpg_.webp,159000.0,146,32,4.8,TANBEO-SHOP,https://www.lazada.vn/products/pdp-i2218178707.html,Normal
2218178707,Quần jean nam mẫu mới TANBEO_SHOP thiết kế đen trơn ống quần thới trang cá tính chất vaie DENIM cao cấp chuẩn shop,"vải jean mà co giãn nhẹ nên ngồi ko bị cấn, duyệt",positive,https://img.lazcdn.com/g/p/0b4b8432056f89f35f28e739914e5fa3.jpg_720x720q80.jpg_.webp,159000.0,146,32,4.8,TANBEO-SHOP,https://www.lazada.vn/products/pdp-i2218178707.html,Normal
2218178707,Quần jean nam mẫu mới TANBEO_SHOP thiết kế đen trơn ống quần thới trang cá tính chất vaie DENIM cao cấp chuẩn shop,"size hơi chật so với bảng size shop đưa, hơi buồn",negative,https://img.lazcdn.com/g/p/0b4b8432056f89f35f28e739914e5fa3.jpg_720x720q80.jpg_.webp,159000.0,146,32,4.8,TANBEO-SHOP,https://www.lazada.vn/products/pdp-i2218178707.html,Normal
2218178707,Quần jean nam mẫu mới TANBEO_SHOP thiết kế đen trơn ống quần thới trang cá tính chất vaie DENIM cao cấp chuẩn shop,"vải bám bụi quá m ơi, mặc màu đen hơi mệt vụ này",negative,https://img.lazcdn.com/g/p/0b4b8432056f89f35f28e739914e5fa3.jpg_720x720q80.jpg_.webp,159000.0,146,32,4.8,TANBEO-SHOP,https://www.lazada.vn/products/pdp-i2218178707.html,Normal
2212264158,Quần jean nam đen thiết kế rách gối chất jean cotton co giãn tốt bền màu form dáng skinny mẫu mới cao cấp giá rẻ chuẩn shop,"rách gối nhìn bụi bặm vãi, đúng gu streetwear của t",positive,https://img.lazcdn.com/g/p/4fc906cfc0c2228ef937b5b23be6e049.jpg_720x720q80.jpg_.webp,159000.0,82,22,4.4,TANBEO-SHOP,https://www.lazada.vn/products/pdp-i2212264158.html,Normal
2212264158,Quần jean nam đen thiết kế rách gối chất jean cotton co giãn tốt bền màu form dáng skinny mẫu mới cao cấp giá rẻ chuẩn shop,"skinny nhưng co giãn cực tốt, mặc ko bị bó khó chịu đâu",positive,https://img.lazcdn.com/g/p/4fc906cfc0c2228ef937b5b23be6e049.jpg_720x720q80.jpg_.webp,159000.0,82,22,4.4,TANBEO-SHOP,https://www.lazada.vn/products/pdp-i2212264158.html,Normal
2212264158,Quần jean nam đen thiết kế rách gối chất jean cotton co giãn tốt bền màu form dáng skinny mẫu mới cao cấp giá rẻ chuẩn shop,"jean đen rách gối bao ngầu, mặc lên là auto slay 🔥",positive,https://img.lazcdn.com/g/p/4fc906cfc0c2228ef937b5b23be6e049.jpg_720x720q80.jpg_.webp,159000.0,82,22,4.4,TANBEO-SHOP,https://www.lazada.vn/products/pdp-i2212264158.html,Normal
2212264158,Quần jean nam đen thiết kế rách gối chất jean cotton co giãn tốt bền màu form dáng skinny mẫu mới cao cấp giá rẻ chuẩn shop,"vải cotton thấm hút tốt, mặc cả ngày k thấy bí",positive,https://img.lazcdn.com/g/p/4fc906cfc0c2228ef937b5b23be6e049.jpg_720x720q80.jpg_.webp,159000.0,82,22,4.4,TANBEO-SHOP,https://www.lazada.vn/products/pdp-i2212264158.html,Normal
2212264158,Quần jean nam đen thiết kế rách gối chất jean cotton co giãn tốt bền màu form dáng skinny mẫu mới cao cấp giá rẻ chuẩn shop,"giá rẻ mà chất lượng cao cấp thật sự, bất ngờ luôn m",positive,https://img.lazcdn.com/g/p/4fc906cfc0c2228ef937b5b23be6e049.jpg_720x720q80.jpg_.webp,159000.0,82,22,4.4,TANBEO-SHOP,https://www.lazada.vn/products/pdp-i2212264158.html,Normal
2212264158,Quần jean nam đen thiết kế rách gối chất jean cotton co giãn tốt bền màu form dáng skinny mẫu mới cao cấp giá rẻ chuẩn shop,"form ôm dáng, hack chân dài miên man luôn",positive,https://img.lazcdn.com/g/p/4fc906cfc0c2228ef937b5b23be6e049.jpg_720x720q80.jpg_.webp,159000.0,82,22,4.4,TANBEO-SHOP,https://www.lazada.vn/products/pdp-i2212264158.html,Normal
2212264158,Quần jean nam đen thiết kế rách gối chất jean cotton co giãn tốt bền màu form dáng skinny mẫu mới cao cấp giá rẻ chuẩn shop,"màu đen bền phết, giặt mấy lần chưa thấy phai",positive,https://img.lazcdn.com/g/p/4fc906cfc0c2228ef937b5b23be6e049.jpg_720x720q80.jpg_.webp,159000.0,82,22,4.4,TANBEO-SHOP,https://www.lazada.vn/products/pdp-i2212264158.html,Normal
2212264158,Quần jean nam đen thiết kế rách gối chất jean cotton co giãn tốt bền màu form dáng skinny mẫu mới cao cấp giá rẻ chuẩn shop,"quần chuẩn shop, đóng gói xịn xò, t cho 10 điểm",positive,https://img.lazcdn.com/g/p/4fc906cfc0c2228ef937b5b23be6e049.jpg_720x720q80.jpg_.webp,159000.0,82,22,4.4,TANBEO-SHOP,https://www.lazada.vn/products/pdp-i2212264158.html,Normal
2212264158,Quần jean nam đen thiết kế rách gối chất jean cotton co giãn tốt bền màu form dáng skinny mẫu mới cao cấp giá rẻ chuẩn shop,"chỗ rách gối hơi to, t sợ giặt máy nó rách thêm",negative,https://img.lazcdn.com/g/p/4fc906cfc0c2228ef937b5b23be6e049.jpg_720x720q80.jpg_.webp,159000.0,82,22,4.4,TANBEO-SHOP,https://www.lazada.vn/products/pdp-i2212264158.html,Normal
2212264158,Quần jean nam đen thiết kế rách gối chất jean cotton co giãn tốt bền màu form dáng skinny mẫu mới cao cấp giá rẻ chuẩn shop,"shipper giao hàng lúc t đang ngủ, gọi cháy máy sượng vãi",negative,https://img.lazcdn.com/g/p/4fc906cfc0c2228ef937b5b23be6e049.jpg_720x720q80.jpg_.webp,159000.0,82,22,4.4,TANBEO-SHOP,https://www.lazada.vn/products/pdp-i2212264158.html,Normal
3130562819,"Men's Sports Pants, Men's Long Pants, High-Quality Stretchy Poly Fabric, Comfortable, Size up to 90kg","poly co giãn mặc đi gym bao phê, mát rượi m ơi",positive,https://img.lazcdn.com/g/p/670280952cee649e0bba0171006c8566.jpg_720x720q80.jpg_.webp,99000.0,476,98,4.9,CHUYÊN SỈ GIÁ RẺ-HCM,https://www.lazada.vn/products/pdp-i3130562819.html,Normal
3130562819,"Men's Sports Pants, Men's Long Pants, High-Quality Stretchy Poly Fabric, Comfortable, Size up to 90kg","quần dài thể thao mà form đẹp như quần tây, đỉnh",positive,https://img.lazcdn.com/g/p/670280952cee649e0bba0171006c8566.jpg_720x720q80.jpg_.webp,99000.0,476,98,4.9,CHUYÊN SỈ GIÁ RẺ-HCM,https://www.lazada.vn/products/pdp-i3130562819.html,Normal
3130562819,"Men's Sports Pants, Men's Long Pants, High-Quality Stretchy Poly Fabric, Comfortable, Size up to 90kg","t 90kg mặc vẫn thoải mái, vải ko bị dão đâu nha",positive,https://img.lazcdn.com/g/p/670280952cee649e0bba0171006c8566.jpg_720x720q80.jpg_.webp,99000.0,476,98,4.9,CHUYÊN SỈ GIÁ RẺ-HCM,https://www.lazada.vn/products/pdp-i3130562819.html,Normal
3130562819,"Men's Sports Pants, Men's Long Pants, High-Quality Stretchy Poly Fabric, Comfortable, Size up to 90kg","chất vải poly cao cấp sờ mịn tay, ko xù lông",positive,https://img.lazcdn.com/g/p/670280952cee649e0bba0171006c8566.jpg_720x720q80.jpg_.webp,99000.0,476,98,4.9,CHUYÊN SỈ GIÁ RẺ-HCM,https://www.lazada.vn/products/pdp-i3130562819.html,Normal
3130562819,"Men's Sports Pants, Men's Long Pants, High-Quality Stretchy Poly Fabric, Comfortable, Size up to 90kg",mặc ở nhà hay đi chạy bộ đều hợp lý thoy,positive,https://img.lazcdn.com/g/p/670280952cee649e0bba0171006c8566.jpg_720x720q80.jpg_.webp,99000.0,476,98,4.9,CHUYÊN SỈ GIÁ RẺ-HCM,https://www.lazada.vn/products/pdp-i3130562819.html,Normal
3130562819,"Men's Sports Pants, Men's Long Pants, High-Quality Stretchy Poly Fabric, Comfortable, Size up to 90kg","vải mỏng nhẹ, khô nhanh, đi mưa ko sợ nặng quần",positive,https://img.lazcdn.com/g/p/670280952cee649e0bba0171006c8566.jpg_720x720q80.jpg_.webp,99000.0,476,98,4.9,CHUYÊN SỈ GIÁ RẺ-HCM,https://www.lazada.vn/products/pdp-i3130562819.html,Normal
3130562819,"Men's Sports Pants, Men's Long Pants, High-Quality Stretchy Poly Fabric, Comfortable, Size up to 90kg","màu sắc y hình, giá này thì quá rẻ cho 1 cuộc tình",positive,https://img.lazcdn.com/g/p/670280952cee649e0bba0171006c8566.jpg_720x720q80.jpg_.webp,99000.0,476,98,4.9,CHUYÊN SỈ GIÁ RẺ-HCM,https://www.lazada.vn/products/pdp-i3130562819.html,Normal
3130562819,"Men's Sports Pants, Men's Long Pants, High-Quality Stretchy Poly Fabric, Comfortable, Size up to 90kg","đúng chuẩn form cho người đô con, t ưng cái bụng",positive,https://img.lazcdn.com/g/p/670280952cee649e0bba0171006c8566.jpg_720x720q80.jpg_.webp,99000.0,476,98,4.9,CHUYÊN SỈ GIÁ RẺ-HCM,https://www.lazada.vn/products/pdp-i3130562819.html,Normal
3130562819,"Men's Sports Pants, Men's Long Pants, High-Quality Stretchy Poly Fabric, Comfortable, Size up to 90kg","dây chun quần hơi lỏng, t phải thắt nút lại cho chắc",negative,https://img.lazcdn.com/g/p/670280952cee649e0bba0171006c8566.jpg_720x720q80.jpg_.webp,99000.0,476,98,4.9,CHUYÊN SỈ GIÁ RẺ-HCM,https://www.lazada.vn/products/pdp-i3130562819.html,Normal
3130562819,"Men's Sports Pants, Men's Long Pants, High-Quality Stretchy Poly Fabric, Comfortable, Size up to 90kg","giao hàng bị nhầm size, may mà shop cho đổi lẹ",negative,https://img.lazcdn.com/g/p/670280952cee649e0bba0171006c8566.jpg_720x720q80.jpg_.webp,99000.0,476,98,4.9,CHUYÊN SỈ GIÁ RẺ-HCM,https://www.lazada.vn/products/pdp-i3130562819.html,Normal
3169732274,"(18-52kg) Men's Khaki Shorts, Fashionable Khaki Pants with Box Pockets for Boys, Model Z Size 18-52kg, Boys' School Pants","quần kaki túi hộp cho bé đẹp xỉu, nhìn như người lớn thu nhỏ",positive,https://img.lazcdn.com/g/p/1110e225587ed96a0c7842ca565df0d3.jpg_720x720q80.jpg_.webp,85000.0,102,28,4.2,Xưởng May Chi Chi 1,https://www.lazada.vn/products/pdp-i3169732274.html,Normal
3169732274,"(18-52kg) Men's Khaki Shorts, Fashionable Khaki Pants with Box Pockets for Boys, Model Z Size 18-52kg, Boys' School Pants","vải kaki dày dặn, con t mặc đi học bao bảnh",positive,https://img.lazcdn.com/g/p/1110e225587ed96a0c7842ca565df0d3.jpg_720x720q80.jpg_.webp,85000.0,102,28,4.2,Xưởng May Chi Chi 1,https://www.lazada.vn/products/pdp-i3169732274.html,Normal
3169732274,"(18-52kg) Men's Khaki Shorts, Fashionable Khaki Pants with Box Pockets for Boys, Model Z Size 18-52kg, Boys' School Pants","form túi hộp trendy vãi, mấy bé mặc lên nhìn năng động cực",positive,https://img.lazcdn.com/g/p/1110e225587ed96a0c7842ca565df0d3.jpg_720x720q80.jpg_.webp,85000.0,102,28,4.2,Xưởng May Chi Chi 1,https://www.lazada.vn/products/pdp-i3169732274.html,Normal
3169732274,"(18-52kg) Men's Khaki Shorts, Fashionable Khaki Pants with Box Pockets for Boys, Model Z Size 18-52kg, Boys' School Pants","chất vải ko bị cứng, con mặc chạy nhảy thoải mái thoy",positive,https://img.lazcdn.com/g/p/1110e225587ed96a0c7842ca565df0d3.jpg_720x720q80.jpg_.webp,85000.0,102,28,4.2,Xưởng May Chi Chi 1,https://www.lazada.vn/products/pdp-i3169732274.html,Normal
3169732274,"(18-52kg) Men's Khaki Shorts, Fashionable Khaki Pants with Box Pockets for Boys, Model Z Size 18-52kg, Boys' School Pants","đúng mẫu z đang hot nha, sắm cho con là chuẩn bài",positive,https://img.lazcdn.com/g/p/1110e225587ed96a0c7842ca565df0d3.jpg_720x720q80.jpg_.webp,85000.0,102,28,4.2,Xưởng May Chi Chi 1,https://www.lazada.vn/products/pdp-i3169732274.html,Normal
3169732274,"(18-52kg) Men's Khaki Shorts, Fashionable Khaki Pants with Box Pockets for Boys, Model Z Size 18-52kg, Boys' School Pants","size 18-52kg chuẩn nha, t mua cho con 30kg vừa in",positive,https://img.lazcdn.com/g/p/1110e225587ed96a0c7842ca565df0d3.jpg_720x720q80.jpg_.webp,85000.0,102,28,4.2,Xưởng May Chi Chi 1,https://www.lazada.vn/products/pdp-i3169732274.html,Normal
3169732274,"(18-52kg) Men's Khaki Shorts, Fashionable Khaki Pants with Box Pockets for Boys, Model Z Size 18-52kg, Boys' School Pants","màu kaki nhã nhặn, phối với sơ mi hay áo thun đều okla",positive,https://img.lazcdn.com/g/p/1110e225587ed96a0c7842ca565df0d3.jpg_720x720q80.jpg_.webp,85000.0,102,28,4.2,Xưởng May Chi Chi 1,https://www.lazada.vn/products/pdp-i3169732274.html,Normal
3169732274,"(18-52kg) Men's Khaki Shorts, Fashionable Khaki Pants with Box Pockets for Boys, Model Z Size 18-52kg, Boys' School Pants","shop tư vấn size có tâm, quần đẹp y hình",positive,https://img.lazcdn.com/g/p/1110e225587ed96a0c7842ca565df0d3.jpg_720x720q80.jpg_.webp,85000.0,102,28,4.2,Xưởng May Chi Chi 1,https://www.lazada.vn/products/pdp-i3169732274.html,Normal
3169732274,"(18-52kg) Men's Khaki Shorts, Fashionable Khaki Pants with Box Pockets for Boys, Model Z Size 18-52kg, Boys' School Pants","nút quần hơi lỏng, con t mặc xíu là tuột, sượng ghê",negative,https://img.lazcdn.com/g/p/1110e225587ed96a0c7842ca565df0d3.jpg_720x720q80.jpg_.webp,85000.0,102,28,4.2,Xưởng May Chi Chi 1,https://www.lazada.vn/products/pdp-i3169732274.html,Normal
3169732274,"(18-52kg) Men's Khaki Shorts, Fashionable Khaki Pants with Box Pockets for Boys, Model Z Size 18-52kg, Boys' School Pants","vải hơi dễ nhăn, giặt xong phải ủi mới đẹp dc",negative,https://img.lazcdn.com/g/p/1110e225587ed96a0c7842ca565df0d3.jpg_720x720q80.jpg_.webp,85000.0,102,28,4.2,Xưởng May Chi Chi 1,https://www.lazada.vn/products/pdp-i3169732274.html,Normal
2244825901,"Men's sports pants, cool, POLY, zipper pocket, big size","túi có khóa kéo bao tiện luôn, ko sợ rớt đồ lúc tập",positive,https://img.lazcdn.com/g/p/0895e6d8e7be0263fe8de7eb3cf38288.jpg_720x720q80.jpg_.webp,89000.0,660,134,4.9,Gấu.Store,https://www.lazada.vn/products/pdp-i2244825901.html,Normal
2244825901,"Men's sports pants, cool, POLY, zipper pocket, big size","vải poly mặc mát lạnh, đúng chất quần thể thao xịn",positive,https://img.lazcdn.com/g/p/0895e6d8e7be0263fe8de7eb3cf38288.jpg_720x720q80.jpg_.webp,89000.0,660,134,4.9,Gấu.Store,https://www.lazada.vn/products/pdp-i2244825901.html,Normal
2244825901,"Men's sports pants, cool, POLY, zipper pocket, big size","big size mặc thoải mái cực, t béo bụng vẫn vừa nha",positive,https://img.lazcdn.com/g/p/0895e6d8e7be0263fe8de7eb3cf38288.jpg_720x720q80.jpg_.webp,89000.0,660,134,4.9,Gấu.Store,https://www.lazada.vn/products/pdp-i2244825901.html,Normal
2244825901,"Men's sports pants, cool, POLY, zipper pocket, big size","form quần gọn gàng, mặc lên nhìn ko bị luộm thuộm",positive,https://img.lazcdn.com/g/p/0895e6d8e7be0263fe8de7eb3cf38288.jpg_720x720q80.jpg_.webp,89000.0,660,134,4.9,Gấu.Store,https://www.lazada.vn/products/pdp-i2244825901.html,Normal
2244825901,"Men's sports pants, cool, POLY, zipper pocket, big size","hàng xịn, đường may chắc chắn, ko sợ bục chỉ",positive,https://img.lazcdn.com/g/p/0895e6d8e7be0263fe8de7eb3cf38288.jpg_720x720q80.jpg_.webp,89000.0,660,134,4.9,Gấu.Store,https://www.lazada.vn/products/pdp-i2244825901.html,Normal
2244825901,"Men's sports pants, cool, POLY, zipper pocket, big size","giao hàng nhanh như chớp, mới đặt hôm trước hôm sau có",positive,https://img.lazcdn.com/g/p/0895e6d8e7be0263fe8de7eb3cf38288.jpg_720x720q80.jpg_.webp,89000.0,660,134,4.9,Gấu.Store,https://www.lazada.vn/products/pdp-i2244825901.html,Normal
2244825901,"Men's sports pants, cool, POLY, zipper pocket, big size",mặc đi đá bóng hay đi cafe đều ổn áp thoy,positive,https://img.lazcdn.com/g/p/0895e6d8e7be0263fe8de7eb3cf38288.jpg_720x720q80.jpg_.webp,89000.0,660,134,4.9,Gấu.Store,https://www.lazada.vn/products/pdp-i2244825901.html,Normal
2244825901,"Men's sports pants, cool, POLY, zipper pocket, big size",giá rẻ mà chất lượng poly này là quá ngon rồi,positive,https://img.lazcdn.com/g/p/0895e6d8e7be0263fe8de7eb3cf38288.jpg_720x720q80.jpg_.webp,89000.0,660,134,4.9,Gấu.Store,https://www.lazada.vn/products/pdp-i2244825901.html,Normal
2244825901,"Men's sports pants, cool, POLY, zipper pocket, big size","khóa kéo thỉnh thoảng bị kẹt, t phải bôi nến vào",negative,https://img.lazcdn.com/g/p/0895e6d8e7be0263fe8de7eb3cf38288.jpg_720x720q80.jpg_.webp,89000.0,660,134,4.9,Gấu.Store,https://www.lazada.vn/products/pdp-i2244825901.html,Normal
2244825901,"Men's sports pants, cool, POLY, zipper pocket, big size",màu ở ngoài hơi tối hơn trong ảnh 1 tông,negative,https://img.lazcdn.com/g/p/0895e6d8e7be0263fe8de7eb3cf38288.jpg_720x720q80.jpg_.webp,89000.0,660,134,4.9,Gấu.Store,https://www.lazada.vn/products/pdp-i2244825901.html,Normal
2212097793,Quần jean nam đen rách khóa gối chất bò co giãn loang màu form dáng skinny phong cách thời trang cá tính mẫu mới TANBEO-SHOP,"loang màu đúng chất boy phố luôn m ơi, ngầu đét 🔥",positive,https://img.lazcdn.com/g/p/76dfe4bd69f7a89f9f29304b999ad51d.jpg_720x720q80.jpg_.webp,79000.0,136,35,4.5,TANBEO-SHOP,https://www.lazada.vn/products/pdp-i2212097793.html,Normal
2212097793,Quần jean nam đen rách khóa gối chất bò co giãn loang màu form dáng skinny phong cách thời trang cá tính mẫu mới TANBEO-SHOP,"rách khóa gối bao chiến, mặc đi chơi là hết nước chấm",positive,https://img.lazcdn.com/g/p/76dfe4bd69f7a89f9f29304b999ad51d.jpg_720x720q80.jpg_.webp,79000.0,136,35,4.5,TANBEO-SHOP,https://www.lazada.vn/products/pdp-i2212097793.html,Normal
2212097793,Quần jean nam đen rách khóa gối chất bò co giãn loang màu form dáng skinny phong cách thời trang cá tính mẫu mới TANBEO-SHOP,skinny nhưng chất bò co giãn nên mặc thoải mái lắm,positive,https://img.lazcdn.com/g/p/76dfe4bd69f7a89f9f29304b999ad51d.jpg_720x720q80.jpg_.webp,79000.0,136,35,4.5,TANBEO-SHOP,https://www.lazada.vn/products/pdp-i2212097793.html,Normal
2212097793,Quần jean nam đen rách khóa gối chất bò co giãn loang màu form dáng skinny phong cách thời trang cá tính mẫu mới TANBEO-SHOP,"mẫu mới tanbeo shop chưa bao giờ làm t thất vọng, keo lỳ",positive,https://img.lazcdn.com/g/p/76dfe4bd69f7a89f9f29304b999ad51d.jpg_720x720q80.jpg_.webp,79000.0,136,35,4.5,TANBEO-SHOP,https://www.lazada.vn/products/pdp-i2212097793.html,Normal
2212097793,Quần jean nam đen rách khóa gối chất bò co giãn loang màu form dáng skinny phong cách thời trang cá tính mẫu mới TANBEO-SHOP,"màu loang nhìn nghệ vãi chưởng, mặc bao cháy phố",positive,https://img.lazcdn.com/g/p/76dfe4bd69f7a89f9f29304b999ad51d.jpg_720x720q80.jpg_.webp,79000.0,136,35,4.5,TANBEO-SHOP,https://www.lazada.vn/products/pdp-i2212097793.html,Normal
2212097793,Quần jean nam đen rách khóa gối chất bò co giãn loang màu form dáng skinny phong cách thời trang cá tính mẫu mới TANBEO-SHOP,"form ôm dáng cực chuẩn, hack chân dài miên man",positive,https://img.lazcdn.com/g/p/76dfe4bd69f7a89f9f29304b999ad51d.jpg_720x720q80.jpg_.webp,79000.0,136,35,4.5,TANBEO-SHOP,https://www.lazada.vn/products/pdp-i2212097793.html,Normal
2212097793,Quần jean nam đen rách khóa gối chất bò co giãn loang màu form dáng skinny phong cách thời trang cá tính mẫu mới TANBEO-SHOP,"vải dày dặn, chất lượng cao cấp, t cho 10 đỉm",positive,https://img.lazcdn.com/g/p/76dfe4bd69f7a89f9f29304b999ad51d.jpg_720x720q80.jpg_.webp,79000.0,136,35,4.5,TANBEO-SHOP,https://www.lazada.vn/products/pdp-i2212097793.html,Normal
2212097793,Quần jean nam đen rách khóa gối chất bò co giãn loang màu form dáng skinny phong cách thời trang cá tính mẫu mới TANBEO-SHOP,"quần bảnh, mặc lên nhìn có gu hẳn ra m ạ",positive,https://img.lazcdn.com/g/p/76dfe4bd69f7a89f9f29304b999ad51d.jpg_720x720q80.jpg_.webp,79000.0,136,35,4.5,TANBEO-SHOP,https://www.lazada.vn/products/pdp-i2212097793.html,Normal
2212097793,Quần jean nam đen rách khóa gối chất bò co giãn loang màu form dáng skinny phong cách thời trang cá tính mẫu mới TANBEO-SHOP,"vải mới có mùi hơi hắc, t phải ngâm xả mới hết",negative,https://img.lazcdn.com/g/p/76dfe4bd69f7a89f9f29304b999ad51d.jpg_720x720q80.jpg_.webp,79000.0,136,35,4.5,TANBEO-SHOP,https://www.lazada.vn/products/pdp-i2212097793.html,Normal
2212097793,Quần jean nam đen rách khóa gối chất bò co giãn loang màu form dáng skinny phong cách thời trang cá tính mẫu mới TANBEO-SHOP,mấy cái xích ở khóa gối kêu hơi ồn lúc đi bộ,negative,https://img.lazcdn.com/g/p/76dfe4bd69f7a89f9f29304b999ad51d.jpg_720x720q80.jpg_.webp,79000.0,136,35,4.5,TANBEO-SHOP,https://www.lazada.vn/products/pdp-i2212097793.html,Normal
2212107783,Quần jean nam đen chất bò co giãn cao cấp thêu chữ thời trang boy phố cá tính mẫu mới TANBEO_SHOP,"thêu chữ nhìn tinh tế vãi, ko bị sến đâu m",positive,https://img.lazcdn.com/g/ff/kf/S2d84598215ea483a8de3f5bf08141686H.jpg_720x720q80.jpg_.webp,79000.0,191,59,4.3,TANBEO-SHOP,https://www.lazada.vn/products/pdp-i2212107783.html,Normal
2212107783,Quần jean nam đen chất bò co giãn cao cấp thêu chữ thời trang boy phố cá tính mẫu mới TANBEO_SHOP,"chất bò đen xịn xò, co giãn mặc sướng cái chân thoy",positive,https://img.lazcdn.com/g/ff/kf/S2d84598215ea483a8de3f5bf08141686H.jpg_720x720q80.jpg_.webp,79000.0,191,59,4.3,TANBEO-SHOP,https://www.lazada.vn/products/pdp-i2212107783.html,Normal
2212107783,Quần jean nam đen chất bò co giãn cao cấp thêu chữ thời trang boy phố cá tính mẫu mới TANBEO_SHOP,boy phố chính hiệu là phải múc ngay em này nha ae,positive,https://img.lazcdn.com/g/ff/kf/S2d84598215ea483a8de3f5bf08141686H.jpg_720x720q80.jpg_.webp,79000.0,191,59,4.3,TANBEO-SHOP,https://www.lazada.vn/products/pdp-i2212107783.html,Normal
2212107783,Quần jean nam đen chất bò co giãn cao cấp thêu chữ thời trang boy phố cá tính mẫu mới TANBEO_SHOP,"form quần chuẩn, mặc lên nhìn cao ráo bảnh trai hẳn",positive,https://img.lazcdn.com/g/ff/kf/S2d84598215ea483a8de3f5bf08141686H.jpg_720x720q80.jpg_.webp,79000.0,191,59,4.3,TANBEO-SHOP,https://www.lazada.vn/products/pdp-i2212107783.html,Normal
2212107783,Quần jean nam đen chất bò co giãn cao cấp thêu chữ thời trang boy phố cá tính mẫu mới TANBEO_SHOP,"vải dày dặn, giặt máy k bị mất form hay xù lông",positive,https://img.lazcdn.com/g/ff/kf/S2d84598215ea483a8de3f5bf08141686H.jpg_720x720q80.jpg_.webp,79000.0,191,59,4.3,TANBEO-SHOP,https://www.lazada.vn/products/pdp-i2212107783.html,Normal
2212107783,Quần jean nam đen chất bò co giãn cao cấp thêu chữ thời trang boy phố cá tính mẫu mới TANBEO_SHOP,"chữ thêu sắc nét, nhìn sang chảnh vãi lúa 😭",positive,https://img.lazcdn.com/g/ff/kf/S2d84598215ea483a8de3f5bf08141686H.jpg_720x720q80.jpg_.webp,79000.0,191,59,4.3,TANBEO-SHOP,https://www.lazada.vn/products/pdp-i2212107783.html,Normal
2212107783,Quần jean nam đen chất bò co giãn cao cấp thêu chữ thời trang boy phố cá tính mẫu mới TANBEO_SHOP,mix với sơ mi trắng là bao keo lỳ luôn m ơi,positive,https://img.lazcdn.com/g/ff/kf/S2d84598215ea483a8de3f5bf08141686H.jpg_720x720q80.jpg_.webp,79000.0,191,59,4.3,TANBEO-SHOP,https://www.lazada.vn/products/pdp-i2212107783.html,Normal
2212107783,Quần jean nam đen chất bò co giãn cao cấp thêu chữ thời trang boy phố cá tính mẫu mới TANBEO_SHOP,"hàng tanbeo shop uy tín, đóng gói đẹp, giao lẹ",positive,https://img.lazcdn.com/g/ff/kf/S2d84598215ea483a8de3f5bf08141686H.jpg_720x720q80.jpg_.webp,79000.0,191,59,4.3,TANBEO-SHOP,https://www.lazada.vn/products/pdp-i2212107783.html,Normal
2212107783,Quần jean nam đen chất bò co giãn cao cấp thêu chữ thời trang boy phố cá tính mẫu mới TANBEO_SHOP,chữ thêu bên trong hơi bị ngứa da t xíu,negative,https://img.lazcdn.com/g/ff/kf/S2d84598215ea483a8de3f5bf08141686H.jpg_720x720q80.jpg_.webp,79000.0,191,59,4.3,TANBEO-SHOP,https://www.lazada.vn/products/pdp-i2212107783.html,Normal
2212107783,Quần jean nam đen chất bò co giãn cao cấp thêu chữ thời trang boy phố cá tính mẫu mới TANBEO_SHOP,"size hơi ảo, t mặc chật đùi quá phải đổi size",negative,https://img.lazcdn.com/g/ff/kf/S2d84598215ea483a8de3f5bf08141686H.jpg_720x720q80.jpg_.webp,79000.0,191,59,4.3,TANBEO-SHOP,https://www.lazada.vn/products/pdp-i2212107783.html,Normal
3196140412,JIFANPAUL | Men's Stretch Denim Pants for Work and Leisure,jifanpaul chất denim giãn mặc đi làm cả ngày ko mỏi,positive,https://img.lazcdn.com/collect/ae/kf/Sc9d77f0bae564435a64ab4eeeeed8581Z.jpg_720x720q80.jpg_.webp,128480.0,129,67,4.7,JIFANPAUL Global,https://www.lazada.vn/products/pdp-i3196140412.html,Normal
3196140412,JIFANPAUL | Men's Stretch Denim Pants for Work and Leisure,"vừa lịch sự đi làm vừa thoải mái đi chơi, đa năng cực",positive,https://img.lazcdn.com/collect/ae/kf/Sc9d77f0bae564435a64ab4eeeeed8581Z.jpg_720x720q80.jpg_.webp,128480.0,129,67,4.7,JIFANPAUL Global,https://www.lazada.vn/products/pdp-i3196140412.html,Normal
3196140412,JIFANPAUL | Men's Stretch Denim Pants for Work and Leisure,"chất vải denim xịn, đứng form, mặc lên nhìn sang trọng",positive,https://img.lazcdn.com/collect/ae/kf/Sc9d77f0bae564435a64ab4eeeeed8581Z.jpg_720x720q80.jpg_.webp,128480.0,129,67,4.7,JIFANPAUL Global,https://www.lazada.vn/products/pdp-i3196140412.html,Normal
3196140412,JIFANPAUL | Men's Stretch Denim Pants for Work and Leisure,"quần co giãn tốt, vận động thoải mái ko bị gò bó",positive,https://img.lazcdn.com/collect/ae/kf/Sc9d77f0bae564435a64ab4eeeeed8581Z.jpg_720x720q80.jpg_.webp,128480.0,129,67,4.7,JIFANPAUL Global,https://www.lazada.vn/products/pdp-i3196140412.html,Normal
3196140412,JIFANPAUL | Men's Stretch Denim Pants for Work and Leisure,"đúng chuẩn hàng jifanpaul, chất lượng ko có gì chê",positive,https://img.lazcdn.com/collect/ae/kf/Sc9d77f0bae564435a64ab4eeeeed8581Z.jpg_720x720q80.jpg_.webp,128480.0,129,67,4.7,JIFANPAUL Global,https://www.lazada.vn/products/pdp-i3196140412.html,Normal
3196140412,JIFANPAUL | Men's Stretch Denim Pants for Work and Leisure,"form quần chuẩn men, mặc vào nhìn chững chạc hẳn",positive,https://img.lazcdn.com/collect/ae/kf/Sc9d77f0bae564435a64ab4eeeeed8581Z.jpg_720x720q80.jpg_.webp,128480.0,129,67,4.7,JIFANPAUL Global,https://www.lazada.vn/products/pdp-i3196140412.html,Normal
3196140412,JIFANPAUL | Men's Stretch Denim Pants for Work and Leisure,"màu sắc bền đẹp, giặt nhiều lần vẫn như mới nha m",positive,https://img.lazcdn.com/collect/ae/kf/Sc9d77f0bae564435a64ab4eeeeed8581Z.jpg_720x720q80.jpg_.webp,128480.0,129,67,4.7,JIFANPAUL Global,https://www.lazada.vn/products/pdp-i3196140412.html,Normal
3196140412,JIFANPAUL | Men's Stretch Denim Pants for Work and Leisure,"đáng đồng tiền bát gạo, ae nên sắm 1 cái thoy",positive,https://img.lazcdn.com/collect/ae/kf/Sc9d77f0bae564435a64ab4eeeeed8581Z.jpg_720x720q80.jpg_.webp,128480.0,129,67,4.7,JIFANPAUL Global,https://www.lazada.vn/products/pdp-i3196140412.html,Normal
3196140412,JIFANPAUL | Men's Stretch Denim Pants for Work and Leisure,giá hơi cao so với mặt bằng chung nhưng xắt ra miếng,negative,https://img.lazcdn.com/collect/ae/kf/Sc9d77f0bae564435a64ab4eeeeed8581Z.jpg_720x720q80.jpg_.webp,128480.0,129,67,4.7,JIFANPAUL Global,https://www.lazada.vn/products/pdp-i3196140412.html,Normal
3196140412,JIFANPAUL | Men's Stretch Denim Pants for Work and Leisure,"ship hàng quốc tế đợi mòn mỏi luôn, sượng sượng",negative,https://img.lazcdn.com/collect/ae/kf/Sc9d77f0bae564435a64ab4eeeeed8581Z.jpg_720x720q80.jpg_.webp,128480.0,129,67,4.7,JIFANPAUL Global,https://www.lazada.vn/products/pdp-i3196140412.html,Normal
3191816303,"Quần 3 sọc thể dục poly co giãn 4 chiều màu xanh đen quần dài thể thao nam nữ, VỪA CHO HỌC SINH CẤP 1-2-3","mình mua cho cu em đi học thể dục, nó khen vải poly mát lắm m ạ, co giãn 4 chiều chạy nhảy bao phê luôn 🏃‍♂️💨",positive,https://img.lazcdn.com/g/p/0d10091517b7fe7c992018c45d4c9347.jpg_720x720q80.jpg_.webp,88330.0,109,27,5.0,Platinum Menswear,https://www.lazada.vn/products/pdp-i3191816303.html,Normal
3191816303,"Quần 3 sọc thể dục poly co giãn 4 chiều màu xanh đen quần dài thể thao nam nữ, VỪA CHO HỌC SINH CẤP 1-2-3","quần 3 sọc quốc dân cho học sinh nè, rẻ mà bền vãi, ta thấy giặt máy hoài ko thấy sứt chỉ miếng nào luôn á 💯",positive,https://img.lazcdn.com/g/p/0d10091517b7fe7c992018c45d4c9347.jpg_720x720q80.jpg_.webp,88330.0,109,27,5.0,Platinum Menswear,https://www.lazada.vn/products/pdp-i3191816303.html,Normal
3191816303,"Quần 3 sọc thể dục poly co giãn 4 chiều màu xanh đen quần dài thể thao nam nữ, VỪA CHO HỌC SINH CẤP 1-2-3","xanh đen nhìn sạch, form vừa vặn cho mấy đứa cấp 2 cấp 3, okla phết",positive,https://img.lazcdn.com/g/p/0d10091517b7fe7c992018c45d4c9347.jpg_720x720q80.jpg_.webp,88330.0,109,27,5.0,Platinum Menswear,https://www.lazada.vn/products/pdp-i3191816303.html,Normal
3191816303,"Quần 3 sọc thể dục poly co giãn 4 chiều màu xanh đen quần dài thể thao nam nữ, VỪA CHO HỌC SINH CẤP 1-2-3","mình thấy vải hơi mỏng xíu nhưng được cái mát, mặc mùa hè là đúng bài thoy",positive,https://img.lazcdn.com/g/p/0d10091517b7fe7c992018c45d4c9347.jpg_720x720q80.jpg_.webp,88330.0,109,27,5.0,Platinum Menswear,https://www.lazada.vn/products/pdp-i3191816303.html,Normal
3191816303,"Quần 3 sọc thể dục poly co giãn 4 chiều màu xanh đen quần dài thể thao nam nữ, VỪA CHO HỌC SINH CẤP 1-2-3","vừa khít luôn, shipper giao hàng lẹ như chớp, keo lỳ nha shop ơi 😍",positive,https://img.lazcdn.com/g/p/0d10091517b7fe7c992018c45d4c9347.jpg_720x720q80.jpg_.webp,88330.0,109,27,5.0,Platinum Menswear,https://www.lazada.vn/products/pdp-i3191816303.html,Normal
3191816303,"Quần 3 sọc thể dục poly co giãn 4 chiều màu xanh đen quần dài thể thao nam nữ, VỪA CHO HỌC SINH CẤP 1-2-3","chất lượng ổn so với giá tiền, mình sẽ ủng hộ shop dài dài",positive,https://img.lazcdn.com/g/p/0d10091517b7fe7c992018c45d4c9347.jpg_720x720q80.jpg_.webp,88330.0,109,27,5.0,Platinum Menswear,https://www.lazada.vn/products/pdp-i3191816303.html,Normal
3191816303,"Quần 3 sọc thể dục poly co giãn 4 chiều màu xanh đen quần dài thể thao nam nữ, VỪA CHO HỌC SINH CẤP 1-2-3","mặc đi đá banh hay đi học đều ổn áp, m nên mua nha",positive,https://img.lazcdn.com/g/p/0d10091517b7fe7c992018c45d4c9347.jpg_720x720q80.jpg_.webp,88330.0,109,27,5.0,Platinum Menswear,https://www.lazada.vn/products/pdp-i3191816303.html,Normal
3191816303,"Quần 3 sọc thể dục poly co giãn 4 chiều màu xanh đen quần dài thể thao nam nữ, VỪA CHO HỌC SINH CẤP 1-2-3","form hơi ôm so với tưởng tượng của mình, chắc tại t đùi to quá",negative,https://img.lazcdn.com/g/p/0d10091517b7fe7c992018c45d4c9347.jpg_720x720q80.jpg_.webp,88330.0,109,27,5.0,Platinum Menswear,https://www.lazada.vn/products/pdp-i3191816303.html,Normal
3191816303,"Quần 3 sọc thể dục poly co giãn 4 chiều màu xanh đen quần dài thể thao nam nữ, VỪA CHO HỌC SINH CẤP 1-2-3","đường may ở đáy quần hơi ẩu, mình phải đem ra tiệm sửa lại chút thoy 😤",negative,https://img.lazcdn.com/g/p/0d10091517b7fe7c992018c45d4c9347.jpg_720x720q80.jpg_.webp,88330.0,109,27,5.0,Platinum Menswear,https://www.lazada.vn/products/pdp-i3191816303.html,Normal
3191816303,"Quần 3 sọc thể dục poly co giãn 4 chiều màu xanh đen quần dài thể thao nam nữ, VỪA CHO HỌC SINH CẤP 1-2-3","giao nhầm size cho mình rồi shop ơi, làm ăn sượng sùng quá đi",negative,https://img.lazcdn.com/g/p/0d10091517b7fe7c992018c45d4c9347.jpg_720x720q80.jpg_.webp,88330.0,109,27,5.0,Platinum Menswear,https://www.lazada.vn/products/pdp-i3191816303.html,Normal
538080458,QUẦN BAGGY JEAN NAM CHẤT BÒ XANH LƯNG THUN CẠP CHUN ỐNG RỘNG DÀI SÀNH ĐIỆU HÈ HOT TREND 2025 DB-31 - TOKYO FASHION,"mình thấy cái form baggy này chuẩn hot trend 2025 luôn m ơi, mặc vào nhìn sành điệu vãi chưởng lù lù ra 👖✨",positive,https://img.lazcdn.com/g/p/83f935f889988c4a2e5b4e178c5d1c56.jpg_720x720q80.jpg_.webp,144000.0,780,209,3.9,tokyo.shop,https://www.lazada.vn/products/pdp-i538080458.html,Normal
538080458,QUẦN BAGGY JEAN NAM CHẤT BÒ XANH LƯNG THUN CẠP CHUN ỐNG RỘNG DÀI SÀNH ĐIỆU HÈ HOT TREND 2025 DB-31 - TOKYO FASHION,"lưng thun cạp chun bao sướng, ăn no ko lo tức bụng, t cực kì recommend cho mấy đứa hay đi ăn buffet như t nha lol",positive,https://img.lazcdn.com/g/p/83f935f889988c4a2e5b4e178c5d1c56.jpg_720x720q80.jpg_.webp,144000.0,780,209,3.9,tokyo.shop,https://www.lazada.vn/products/pdp-i538080458.html,Normal
538080458,QUẦN BAGGY JEAN NAM CHẤT BÒ XANH LƯNG THUN CẠP CHUN ỐNG RỘNG DÀI SÀNH ĐIỆU HÈ HOT TREND 2025 DB-31 - TOKYO FASHION,"jean xanh mẫu này phối với croptop là bao slay, mình cực thích cái vibe này luôn á 💅",positive,https://img.lazcdn.com/g/p/83f935f889988c4a2e5b4e178c5d1c56.jpg_720x720q80.jpg_.webp,144000.0,780,209,3.9,tokyo.shop,https://www.lazada.vn/products/pdp-i538080458.html,Normal
538080458,QUẦN BAGGY JEAN NAM CHẤT BÒ XANH LƯNG THUN CẠP CHUN ỐNG RỘNG DÀI SÀNH ĐIỆU HÈ HOT TREND 2025 DB-31 - TOKYO FASHION,"chất bò xịn mịn, form rộng thoải mái mặc hè bao mát m ạ",positive,https://img.lazcdn.com/g/p/83f935f889988c4a2e5b4e178c5d1c56.jpg_720x720q80.jpg_.webp,144000.0,780,209,3.9,tokyo.shop,https://www.lazada.vn/products/pdp-i538080458.html,Normal
538080458,QUẦN BAGGY JEAN NAM CHẤT BÒ XANH LƯNG THUN CẠP CHUN ỐNG RỘNG DÀI SÀNH ĐIỆU HÈ HOT TREND 2025 DB-31 - TOKYO FASHION,"tokyo fashion chưa bao giờ làm mình thất vọng, quần quá đẹp 10 đỉm",positive,https://img.lazcdn.com/g/p/83f935f889988c4a2e5b4e178c5d1c56.jpg_720x720q80.jpg_.webp,144000.0,780,209,3.9,tokyo.shop,https://www.lazada.vn/products/pdp-i538080458.html,Normal
538080458,QUẦN BAGGY JEAN NAM CHẤT BÒ XANH LƯNG THUN CẠP CHUN ỐNG RỘNG DÀI SÀNH ĐIỆU HÈ HOT TREND 2025 DB-31 - TOKYO FASHION,"ta thấy mặc em này đi cafe sống ảo là bao dính, hack dáng cực kì",positive,https://img.lazcdn.com/g/p/83f935f889988c4a2e5b4e178c5d1c56.jpg_720x720q80.jpg_.webp,144000.0,780,209,3.9,tokyo.shop,https://www.lazada.vn/products/pdp-i538080458.html,Normal
538080458,QUẦN BAGGY JEAN NAM CHẤT BÒ XANH LƯNG THUN CẠP CHUN ỐNG RỘNG DÀI SÀNH ĐIỆU HÈ HOT TREND 2025 DB-31 - TOKYO FASHION,"màu jean đẹp y hình, vải dày dặn cầm sướng tay vãi",positive,https://img.lazcdn.com/g/p/83f935f889988c4a2e5b4e178c5d1c56.jpg_720x720q80.jpg_.webp,144000.0,780,209,3.9,tokyo.shop,https://www.lazada.vn/products/pdp-i538080458.html,Normal
538080458,QUẦN BAGGY JEAN NAM CHẤT BÒ XANH LƯNG THUN CẠP CHUN ỐNG RỘNG DÀI SÀNH ĐIỆU HÈ HOT TREND 2025 DB-31 - TOKYO FASHION,"quần đẹp, giao nhanh.",positive,https://img.lazcdn.com/g/p/83f935f889988c4a2e5b4e178c5d1c56.jpg_720x720q80.jpg_.webp,144000.0,780,209,3.9,tokyo.shop,https://www.lazada.vn/products/pdp-i538080458.html,Normal
538080458,QUẦN BAGGY JEAN NAM CHẤT BÒ XANH LƯNG THUN CẠP CHUN ỐNG RỘNG DÀI SÀNH ĐIỆU HÈ HOT TREND 2025 DB-31 - TOKYO FASHION,"size ảo quá m ơi, mình mặc bị rộng thùng thình nhìn như bơi trong quần ý 😭",negative,https://img.lazcdn.com/g/p/83f935f889988c4a2e5b4e178c5d1c56.jpg_720x720q80.jpg_.webp,144000.0,780,209,3.9,tokyo.shop,https://www.lazada.vn/products/pdp-i538080458.html,Normal
538080458,QUẦN BAGGY JEAN NAM CHẤT BÒ XANH LƯNG THUN CẠP CHUN ỐNG RỘNG DÀI SÀNH ĐIỆU HÈ HOT TREND 2025 DB-31 - TOKYO FASHION,"mùi vải mới nồng quá, mình phải ngâm nước xả 3 lần mới hết mùi, sượng thật sự",negative,https://img.lazcdn.com/g/p/83f935f889988c4a2e5b4e178c5d1c56.jpg_720x720q80.jpg_.webp,144000.0,780,209,3.9,tokyo.shop,https://www.lazada.vn/products/pdp-i538080458.html,Normal
3133479106,"Bonnie Cathy Quần short nam rộng rãi thoáng khí thoải mái, quần lót ice silk cho mặc ở nhà","ice silk mát lạnh luôn m ơi, mặc ở nhà bao phê, thoáng khí cực kì ko bị bí bách đâu ❄️🩲",positive,https://img.lazcdn.com/g/p/02d1d920de21d453fe4712e35d5904f5.png_720x720q80.png_.webp,58000.0,95,37,4.9,Bonnie Cathy Mall,https://www.lazada.vn/products/pdp-i3133479106.html,Normal
3133479106,"Bonnie Cathy Quần short nam rộng rãi thoáng khí thoải mái, quần lót ice silk cho mặc ở nhà","mình thấy bonnie cathy làm đồ lót nam đỉnh thật sự, vải mướt rượt như da em bé vậy á",positive,https://img.lazcdn.com/g/p/02d1d920de21d453fe4712e35d5904f5.png_720x720q80.png_.webp,58000.0,95,37,4.9,Bonnie Cathy Mall,https://www.lazada.vn/products/pdp-i3133479106.html,Normal
3133479106,"Bonnie Cathy Quần short nam rộng rãi thoáng khí thoải mái, quần lót ice silk cho mặc ở nhà","rộng rãi thoải mái, mặc như ko mặc, t ưng thoy",positive,https://img.lazcdn.com/g/p/02d1d920de21d453fe4712e35d5904f5.png_720x720q80.png_.webp,58000.0,95,37,4.9,Bonnie Cathy Mall,https://www.lazada.vn/products/pdp-i3133479106.html,Normal
3133479106,"Bonnie Cathy Quần short nam rộng rãi thoáng khí thoải mái, quần lót ice silk cho mặc ở nhà","quần short mặc ở nhà bao dính, vải nhẹ tênh à",positive,https://img.lazcdn.com/g/p/02d1d920de21d453fe4712e35d5904f5.png_720x720q80.png_.webp,58000.0,95,37,4.9,Bonnie Cathy Mall,https://www.lazada.vn/products/pdp-i3133479106.html,Normal
3133479106,"Bonnie Cathy Quần short nam rộng rãi thoáng khí thoải mái, quần lót ice silk cho mặc ở nhà","ta thấy mua combo này quá hời, chất lượng hơn hẳn mấy loại ngoài chợ",positive,https://img.lazcdn.com/g/p/02d1d920de21d453fe4712e35d5904f5.png_720x720q80.png_.webp,58000.0,95,37,4.9,Bonnie Cathy Mall,https://www.lazada.vn/products/pdp-i3133479106.html,Normal
3133479106,"Bonnie Cathy Quần short nam rộng rãi thoáng khí thoải mái, quần lót ice silk cho mặc ở nhà",mát lạnh tê người.,positive,https://img.lazcdn.com/g/p/02d1d920de21d453fe4712e35d5904f5.png_720x720q80.png_.webp,58000.0,95,37,4.9,Bonnie Cathy Mall,https://www.lazada.vn/products/pdp-i3133479106.html,Normal
3133479106,"Bonnie Cathy Quần short nam rộng rãi thoáng khí thoải mái, quần lót ice silk cho mặc ở nhà","vải ice silk này mặc mùa hè đúng là cứu cánh luôn, mình mua cho cả nhà luôn rồi",positive,https://img.lazcdn.com/g/p/02d1d920de21d453fe4712e35d5904f5.png_720x720q80.png_.webp,58000.0,95,37,4.9,Bonnie Cathy Mall,https://www.lazada.vn/products/pdp-i3133479106.html,Normal
3133479106,"Bonnie Cathy Quần short nam rộng rãi thoáng khí thoải mái, quần lót ice silk cho mặc ở nhà","đóng gói xịn xò, giao hàng lẹ, 5 sao cho shop",positive,https://img.lazcdn.com/g/p/02d1d920de21d453fe4712e35d5904f5.png_720x720q80.png_.webp,58000.0,95,37,4.9,Bonnie Cathy Mall,https://www.lazada.vn/products/pdp-i3133479106.html,Normal
3133479106,"Bonnie Cathy Quần short nam rộng rãi thoáng khí thoải mái, quần lót ice silk cho mặc ở nhà","quần mỏng quá m ạ, mặc đi ra đường là lộ hết hàng họ, ngại chết mất 🙈",negative,https://img.lazcdn.com/g/p/02d1d920de21d453fe4712e35d5904f5.png_720x720q80.png_.webp,58000.0,95,37,4.9,Bonnie Cathy Mall,https://www.lazada.vn/products/pdp-i3133479106.html,Normal
3133479106,"Bonnie Cathy Quần short nam rộng rãi thoáng khí thoải mái, quần lót ice silk cho mặc ở nhà","giặt máy xong nó bị giãn ra nhìn chán đời vãi, phí tiền thoy",negative,https://img.lazcdn.com/g/p/02d1d920de21d453fe4712e35d5904f5.png_720x720q80.png_.webp,58000.0,95,37,4.9,Bonnie Cathy Mall,https://www.lazada.vn/products/pdp-i3133479106.html,Normal
1894283150,Men's Baggy Jean Pants in Blue Black Cow Leather in 2 Colors Korean Seoul Stylish New Style 2024 - Dubai Fashion,"baggy jean blue black màu này lạ vãi, đậm chất seoul stylish luôn m ơi, mặc vào nhìn bảnh tỏn hẳn 😎",positive,https://img.lazcdn.com/g/p/1d91fd4ae90ad51df86dbf8e5a539b55.jpg_720x720q80.jpg_.webp,170000.0,628,170,4.4,Dubaishop,https://www.lazada.vn/products/pdp-i1894283150.html,Trending
1894283150,Men's Baggy Jean Pants in Blue Black Cow Leather in 2 Colors Korean Seoul Stylish New Style 2024 - Dubai Fashion,"mình thấy dubai fashion thiết kế form này hack chân dài miên man, phối với sneaker là đúng bài luôn",positive,https://img.lazcdn.com/g/p/1d91fd4ae90ad51df86dbf8e5a539b55.jpg_720x720q80.jpg_.webp,170000.0,628,170,4.4,Dubaishop,https://www.lazada.vn/products/pdp-i1894283150.html,Trending
1894283150,Men's Baggy Jean Pants in Blue Black Cow Leather in 2 Colors Korean Seoul Stylish New Style 2024 - Dubai Fashion,"vibe hàn quốc xịn xò, t mặc đi chơi ai cũng hỏi mua ở đâu, slay quá",positive,https://img.lazcdn.com/g/p/1d91fd4ae90ad51df86dbf8e5a539b55.jpg_720x720q80.jpg_.webp,170000.0,628,170,4.4,Dubaishop,https://www.lazada.vn/products/pdp-i1894283150.html,Trending
1894283150,Men's Baggy Jean Pants in Blue Black Cow Leather in 2 Colors Korean Seoul Stylish New Style 2024 - Dubai Fashion,"chất bò dày dặn, ko phai màu, mình cực ưng cái kiểu rách nhẹ này",positive,https://img.lazcdn.com/g/p/1d91fd4ae90ad51df86dbf8e5a539b55.jpg_720x720q80.jpg_.webp,170000.0,628,170,4.4,Dubaishop,https://www.lazada.vn/products/pdp-i1894283150.html,Trending
1894283150,Men's Baggy Jean Pants in Blue Black Cow Leather in 2 Colors Korean Seoul Stylish New Style 2024 - Dubai Fashion,"form baggy mặc thoải mái, ko gò bó, chuẩn style 2024 nha ae",positive,https://img.lazcdn.com/g/p/1d91fd4ae90ad51df86dbf8e5a539b55.jpg_720x720q80.jpg_.webp,170000.0,628,170,4.4,Dubaishop,https://www.lazada.vn/products/pdp-i1894283150.html,Trending
1894283150,Men's Baggy Jean Pants in Blue Black Cow Leather in 2 Colors Korean Seoul Stylish New Style 2024 - Dubai Fashion,"ta thấy mẫu này xứng đáng là hot trend, màu sắc phối đồ bao cháy",positive,https://img.lazcdn.com/g/p/1d91fd4ae90ad51df86dbf8e5a539b55.jpg_720x720q80.jpg_.webp,170000.0,628,170,4.4,Dubaishop,https://www.lazada.vn/products/pdp-i1894283150.html,Trending
1894283150,Men's Baggy Jean Pants in Blue Black Cow Leather in 2 Colors Korean Seoul Stylish New Style 2024 - Dubai Fashion,"quần xịn, giá rẻ.",positive,https://img.lazcdn.com/g/p/1d91fd4ae90ad51df86dbf8e5a539b55.jpg_720x720q80.jpg_.webp,170000.0,628,170,4.4,Dubaishop,https://www.lazada.vn/products/pdp-i1894283150.html,Trending
1894283150,Men's Baggy Jean Pants in Blue Black Cow Leather in 2 Colors Korean Seoul Stylish New Style 2024 - Dubai Fashion,"mặc lên nhìn có gu hẳn ra, mình sẽ giới thiệu cho bạn bè",positive,https://img.lazcdn.com/g/p/1d91fd4ae90ad51df86dbf8e5a539b55.jpg_720x720q80.jpg_.webp,170000.0,628,170,4.4,Dubaishop,https://www.lazada.vn/products/pdp-i1894283150.html,Trending
1894283150,Men's Baggy Jean Pants in Blue Black Cow Leather in 2 Colors Korean Seoul Stylish New Style 2024 - Dubai Fashion,"shop giao hàng thiếu cho mình, gọi hotline thì ko ai nghe máy, làm ăn kiểu gì vậy 😡",negative,https://img.lazcdn.com/g/p/1d91fd4ae90ad51df86dbf8e5a539b55.jpg_720x720q80.jpg_.webp,170000.0,628,170,4.4,Dubaishop,https://www.lazada.vn/products/pdp-i1894283150.html,Trending
1894283150,Men's Baggy Jean Pants in Blue Black Cow Leather in 2 Colors Korean Seoul Stylish New Style 2024 - Dubai Fashion,"cúc quần lỏng lẻo quá, mình vừa mặc vào đã tuột ra, sượng sùng vãi",negative,https://img.lazcdn.com/g/p/1d91fd4ae90ad51df86dbf8e5a539b55.jpg_720x720q80.jpg_.webp,170000.0,628,170,4.4,Dubaishop,https://www.lazada.vn/products/pdp-i1894283150.html,Trending
2181023455,Men's Jeans Men's Plain Jeans Stretch Fabric Export Company Products,"quần jean trơn basic dễ phối đồ nhất trần đời, mình mặc đi làm hàng ngày bao lịch sự luôn m ạ 👔",positive,https://img.lazcdn.com/g/p/0eb5a91e1a2a2ba33f7267d797af0144.jpg_720x720q80.jpg_.webp,179000.0,250,78,4.7,hungphuocfashion,https://www.lazada.vn/products/pdp-i2181023455.html,Normal
2181023455,Men's Jeans Men's Plain Jeans Stretch Fabric Export Company Products,"chất vải co giãn tốt, vận động thoải mái ko bị bí, hàng công ty xuất khẩu có khác xịn vãi",positive,https://img.lazcdn.com/g/p/0eb5a91e1a2a2ba33f7267d797af0144.jpg_720x720q80.jpg_.webp,179000.0,250,78,4.7,hungphuocfashion,https://www.lazada.vn/products/pdp-i2181023455.html,Normal
2181023455,Men's Jeans Men's Plain Jeans Stretch Fabric Export Company Products,"mình thấy quần này đáng đồng tiền bát gạo, form đứng đẹp ko bị nhăn",positive,https://img.lazcdn.com/g/p/0eb5a91e1a2a2ba33f7267d797af0144.jpg_720x720q80.jpg_.webp,179000.0,250,78,4.7,hungphuocfashion,https://www.lazada.vn/products/pdp-i2181023455.html,Normal
2181023455,Men's Jeans Men's Plain Jeans Stretch Fabric Export Company Products,"plain jeans nhưng mặc lên ko hề bị già, nhìn vẫn trẻ trung năng động thoy",positive,https://img.lazcdn.com/g/p/0eb5a91e1a2a2ba33f7267d797af0144.jpg_720x720q80.jpg_.webp,179000.0,250,78,4.7,hungphuocfashion,https://www.lazada.vn/products/pdp-i2181023455.html,Normal
2181023455,Men's Jeans Men's Plain Jeans Stretch Fabric Export Company Products,"ta thấy đường may rất chắc chắn, mặc cả năm chắc chưa hỏng đâu",positive,https://img.lazcdn.com/g/p/0eb5a91e1a2a2ba33f7267d797af0144.jpg_720x720q80.jpg_.webp,179000.0,250,78,4.7,hungphuocfashion,https://www.lazada.vn/products/pdp-i2181023455.html,Normal
2181023455,Men's Jeans Men's Plain Jeans Stretch Fabric Export Company Products,"vải jean xịn sờ sướng tay cực, m nên múc 1 cái nha",positive,https://img.lazcdn.com/g/p/0eb5a91e1a2a2ba33f7267d797af0144.jpg_720x720q80.jpg_.webp,179000.0,250,78,4.7,hungphuocfashion,https://www.lazada.vn/products/pdp-i2181023455.html,Normal
2181023455,Men's Jeans Men's Plain Jeans Stretch Fabric Export Company Products,"form chuẩn men, lên dáng bao bảnh",positive,https://img.lazcdn.com/g/p/0eb5a91e1a2a2ba33f7267d797af0144.jpg_720x720q80.jpg_.webp,179000.0,250,78,4.7,hungphuocfashion,https://www.lazada.vn/products/pdp-i2181023455.html,Normal
2181023455,Men's Jeans Men's Plain Jeans Stretch Fabric Export Company Products,"quần tốt, giá ok.",positive,https://img.lazcdn.com/g/p/0eb5a91e1a2a2ba33f7267d797af0144.jpg_720x720q80.jpg_.webp,179000.0,250,78,4.7,hungphuocfashion,https://www.lazada.vn/products/pdp-i2181023455.html,Normal
2181023455,Men's Jeans Men's Plain Jeans Stretch Fabric Export Company Products,"màu ở ngoài hơi tối hơn trong ảnh, mình nhìn ko ưng lắm, hơi thất vọng",negative,https://img.lazcdn.com/g/p/0eb5a91e1a2a2ba33f7267d797af0144.jpg_720x720q80.jpg_.webp,179000.0,250,78,4.7,hungphuocfashion,https://www.lazada.vn/products/pdp-i2181023455.html,Normal
2181023455,Men's Jeans Men's Plain Jeans Stretch Fabric Export Company Products,"ship hàng lâu quá trời luôn, đợi mòn mỏi mới thấy mặt mũi cái quần",negative,https://img.lazcdn.com/g/p/0eb5a91e1a2a2ba33f7267d797af0144.jpg_720x720q80.jpg_.webp,179000.0,250,78,4.7,hungphuocfashion,https://www.lazada.vn/products/pdp-i2181023455.html,Normal
3196709456,JIFANPAUL | Elastic Durable Men's Straight Leg Jeans,"jifanpaul bền vãi chưởng, t mặc cày cuốc cả năm mà form vẫn đứng đẹp như mới mua luôn á 🏗️👖",positive,https://img.lazcdn.com/g/ff/kf/S24c5d409b0ef4a1bb7a4bebf5d5b5637z.jpg_720x720q80.jpg_.webp,154880.0,106,40,4.2,JIFANPAUL Global,https://www.lazada.vn/products/pdp-i3196709456.html,Normal
3196709456,JIFANPAUL | Elastic Durable Men's Straight Leg Jeans,"mình thấy chất denim này co giãn vừa phải, mặc đi làm cả ngày ko thấy mỏi mệt gì luôn",positive,https://img.lazcdn.com/g/ff/kf/S24c5d409b0ef4a1bb7a4bebf5d5b5637z.jpg_720x720q80.jpg_.webp,154880.0,106,40,4.2,JIFANPAUL Global,https://www.lazada.vn/products/pdp-i3196709456.html,Normal
3196709456,JIFANPAUL | Elastic Durable Men's Straight Leg Jeans,"straight leg hack dáng chân thẳng tắp, mình cực kì hài lòng với em này",positive,https://img.lazcdn.com/g/ff/kf/S24c5d409b0ef4a1bb7a4bebf5d5b5637z.jpg_720x720q80.jpg_.webp,154880.0,106,40,4.2,JIFANPAUL Global,https://www.lazada.vn/products/pdp-i3196709456.html,Normal
3196709456,JIFANPAUL | Elastic Durable Men's Straight Leg Jeans,"ta thấy hiệu này uy tín từ xưa rồi, vải dày dặn mặc bao bền",positive,https://img.lazcdn.com/g/ff/kf/S24c5d409b0ef4a1bb7a4bebf5d5b5637z.jpg_720x720q80.jpg_.webp,154880.0,106,40,4.2,JIFANPAUL Global,https://www.lazada.vn/products/pdp-i3196709456.html,Normal
3196709456,JIFANPAUL | Elastic Durable Men's Straight Leg Jeans,đàn ông mặc form này nhìn chững chạc bảnh trai hẳn ra m ạ,positive,https://img.lazcdn.com/g/ff/kf/S24c5d409b0ef4a1bb7a4bebf5d5b5637z.jpg_720x720q80.jpg_.webp,154880.0,106,40,4.2,JIFANPAUL Global,https://www.lazada.vn/products/pdp-i3196709456.html,Normal
3196709456,JIFANPAUL | Elastic Durable Men's Straight Leg Jeans,"quần xịn, chuẩn form.",positive,https://img.lazcdn.com/g/ff/kf/S24c5d409b0ef4a1bb7a4bebf5d5b5637z.jpg_720x720q80.jpg_.webp,154880.0,106,40,4.2,JIFANPAUL Global,https://www.lazada.vn/products/pdp-i3196709456.html,Normal
3196709456,JIFANPAUL | Elastic Durable Men's Straight Leg Jeans,"vải mềm mại ko bị thô cứng, mặc vào thoải mái cực kì",positive,https://img.lazcdn.com/g/ff/kf/S24c5d409b0ef4a1bb7a4bebf5d5b5637z.jpg_720x720q80.jpg_.webp,154880.0,106,40,4.2,JIFANPAUL Global,https://www.lazada.vn/products/pdp-i3196709456.html,Normal
3196709456,JIFANPAUL | Elastic Durable Men's Straight Leg Jeans,"đúng là tiền nào của nấy, chất lượng miễn bàn luôn 💯",positive,https://img.lazcdn.com/g/ff/kf/S24c5d409b0ef4a1bb7a4bebf5d5b5637z.jpg_720x720q80.jpg_.webp,154880.0,106,40,4.2,JIFANPAUL Global,https://www.lazada.vn/products/pdp-i3196709456.html,Normal
3196709456,JIFANPAUL | Elastic Durable Men's Straight Leg Jeans,"túi quần hơi nhỏ, mình bỏ cái iphone pro max vào là nó lòi ra ngoài, sượng vãi",negative,https://img.lazcdn.com/g/ff/kf/S24c5d409b0ef4a1bb7a4bebf5d5b5637z.jpg_720x720q80.jpg_.webp,154880.0,106,40,4.2,JIFANPAUL Global,https://www.lazada.vn/products/pdp-i3196709456.html,Normal
3196709456,JIFANPAUL | Elastic Durable Men's Straight Leg Jeans,"cửa quần (khóa kéo) thỉnh thoảng bị kẹt, mình kéo mãi ko lên bực cả mình",negative,https://img.lazcdn.com/g/ff/kf/S24c5d409b0ef4a1bb7a4bebf5d5b5637z.jpg_720x720q80.jpg_.webp,154880.0,106,40,4.2,JIFANPAUL Global,https://www.lazada.vn/products/pdp-i3196709456.html,Normal
2952811943,MOLAN Men's Jeans Loose Casual Straight-Leg Men's Trousers,"molan mặc casual đi cafe là bao dính m ơi, form loose casual rộng rãi nhìn chill vãi luôn ☕",positive,https://img.lazcdn.com/g/p/2b6cfd5f6c994a54e6876b0c58f8ac66.jpg_720x720q80.jpg_.webp,199000.0,1000,351,4.9,MOLAN Shopping Mall,https://www.lazada.vn/products/pdp-i2952811943.html,Normal
2952811943,MOLAN Men's Jeans Loose Casual Straight-Leg Men's Trousers,"mình thấy kiểu straight-leg này cực dễ phối đồ, mặc với áo phông hay hoodie đều ổn áp",positive,https://img.lazcdn.com/g/p/2b6cfd5f6c994a54e6876b0c58f8ac66.jpg_720x720q80.jpg_.webp,199000.0,1000,351,4.9,MOLAN Shopping Mall,https://www.lazada.vn/products/pdp-i2952811943.html,Normal
2952811943,MOLAN Men's Jeans Loose Casual Straight-Leg Men's Trousers,"loose style mặc thoải mái, ko lo lộ khuyết điểm chân, mình cực ưng",positive,https://img.lazcdn.com/g/p/2b6cfd5f6c994a54e6876b0c58f8ac66.jpg_720x720q80.jpg_.webp,199000.0,1000,351,4.9,MOLAN Shopping Mall,https://www.lazada.vn/products/pdp-i2952811943.html,Normal
2952811943,MOLAN Men's Jeans Loose Casual Straight-Leg Men's Trousers,"ta thấy vải jean của molan khá mượt, mặc lên form nhẹ nhàng",positive,https://img.lazcdn.com/g/p/2b6cfd5f6c994a54e6876b0c58f8ac66.jpg_720x720q80.jpg_.webp,199000.0,1000,351,4.9,MOLAN Shopping Mall,https://www.lazada.vn/products/pdp-i2952811943.html,Normal
2952811943,MOLAN Men's Jeans Loose Casual Straight-Leg Men's Trousers,"style đường phố chính hiệu, keo lỳ nha shop ơi",positive,https://img.lazcdn.com/g/p/2b6cfd5f6c994a54e6876b0c58f8ac66.jpg_720x720q80.jpg_.webp,199000.0,1000,351,4.9,MOLAN Shopping Mall,https://www.lazada.vn/products/pdp-i2952811943.html,Normal
2952811943,MOLAN Men's Jeans Loose Casual Straight-Leg Men's Trousers,"quần rộng mặc sướng, màu sắc y hình thoy",positive,https://img.lazcdn.com/g/p/2b6cfd5f6c994a54e6876b0c58f8ac66.jpg_720x720q80.jpg_.webp,199000.0,1000,351,4.9,MOLAN Shopping Mall,https://www.lazada.vn/products/pdp-i2952811943.html,Normal
2952811943,MOLAN Men's Jeans Loose Casual Straight-Leg Men's Trousers,"form chuẩn, vải đẹp.",positive,https://img.lazcdn.com/g/p/2b6cfd5f6c994a54e6876b0c58f8ac66.jpg_720x720q80.jpg_.webp,199000.0,1000,351,4.9,MOLAN Shopping Mall,https://www.lazada.vn/products/pdp-i2952811943.html,Normal
2952811943,MOLAN Men's Jeans Loose Casual Straight-Leg Men's Trousers,"mình rất hài lòng với trải nghiệm mua hàng lần này, shop nhiệt tình",positive,https://img.lazcdn.com/g/p/2b6cfd5f6c994a54e6876b0c58f8ac66.jpg_720x720q80.jpg_.webp,199000.0,1000,351,4.9,MOLAN Shopping Mall,https://www.lazada.vn/products/pdp-i2952811943.html,Normal
2952811943,MOLAN Men's Jeans Loose Casual Straight-Leg Men's Trousers,"vải hơi mỏng so với các hãng jean khác, mình sợ giặt vài lần là nhão",negative,https://img.lazcdn.com/g/p/2b6cfd5f6c994a54e6876b0c58f8ac66.jpg_720x720q80.jpg_.webp,199000.0,1000,351,4.9,MOLAN Shopping Mall,https://www.lazada.vn/products/pdp-i2952811943.html,Normal
2952811943,MOLAN Men's Jeans Loose Casual Straight-Leg Men's Trousers,"giao hàng bị rách một lỗ nhỏ ở gấu quần, sượng sùng ghê luôn",negative,https://img.lazcdn.com/g/p/2b6cfd5f6c994a54e6876b0c58f8ac66.jpg_720x720q80.jpg_.webp,199000.0,1000,351,4.9,MOLAN Shopping Mall,https://www.lazada.vn/products/pdp-i2952811943.html,Normal
3288758301,High-Quality Ccb Pants K-08 in Ocean Blue Color/ Type 1 Ccb Pants,"màu ocean blue này nhìn lạ mắt mà sang vãi, mình mặc đi biển chụp ảnh là bao cháy máy 🌊🔥",positive,https://img.lazcdn.com/collect/social-img/9973c07877454e27b3e861332d5e00e8_3_1766557490.190389.jpg_720x720q80.jpg_.webp,179000.0,0,0,0.0,RUSSIAN FLYING DRESS,https://www.lazada.vn/products/pdp-i3288758301.html,Normal
3288758301,High-Quality Ccb Pants K-08 in Ocean Blue Color/ Type 1 Ccb Pants,"chất lượng ccb pants k-08 đúng là loại 1 có khác, vải dày mịn, đường kim mũi chỉ nét căng",positive,https://img.lazcdn.com/collect/social-img/9973c07877454e27b3e861332d5e00e8_3_1766557490.190389.jpg_720x720q80.jpg_.webp,179000.0,0,0,0.0,RUSSIAN FLYING DRESS,https://www.lazada.vn/products/pdp-i3288758301.html,Normal
3288758301,High-Quality Ccb Pants K-08 in Ocean Blue Color/ Type 1 Ccb Pants,"mình cực kì thích cái tông xanh này, phối với áo trắng nhìn thanh lịch cực",positive,https://img.lazcdn.com/collect/social-img/9973c07877454e27b3e861332d5e00e8_3_1766557490.190389.jpg_720x720q80.jpg_.webp,179000.0,0,0,0.0,RUSSIAN FLYING DRESS,https://www.lazada.vn/products/pdp-i3288758301.html,Normal
3288758301,High-Quality Ccb Pants K-08 in Ocean Blue Color/ Type 1 Ccb Pants,"ta thấy mặc em này đi làm hay đi tiệc đều ổn, form dáng cực sang",positive,https://img.lazcdn.com/collect/social-img/9973c07877454e27b3e861332d5e00e8_3_1766557490.190389.jpg_720x720q80.jpg_.webp,179000.0,0,0,0.0,RUSSIAN FLYING DRESS,https://www.lazada.vn/products/pdp-i3288758301.html,Normal
3288758301,High-Quality Ccb Pants K-08 in Ocean Blue Color/ Type 1 Ccb Pants,"high-quality đúng như quảng cáo, mình sẽ mua thêm màu khác",positive,https://img.lazcdn.com/collect/social-img/9973c07877454e27b3e861332d5e00e8_3_1766557490.190389.jpg_720x720q80.jpg_.webp,179000.0,0,0,0.0,RUSSIAN FLYING DRESS,https://www.lazada.vn/products/pdp-i3288758301.html,Normal
3288758301,High-Quality Ccb Pants K-08 in Ocean Blue Color/ Type 1 Ccb Pants,"quần đẹp, màu sang.",positive,https://img.lazcdn.com/collect/social-img/9973c07877454e27b3e861332d5e00e8_3_1766557490.190389.jpg_720x720q80.jpg_.webp,179000.0,0,0,0.0,RUSSIAN FLYING DRESS,https://www.lazada.vn/products/pdp-i3288758301.html,Normal
3288758301,High-Quality Ccb Pants K-08 in Ocean Blue Color/ Type 1 Ccb Pants,"vải mặc mát, ko bị bí mồ hôi, mình ưng cái bụng thoy",positive,https://img.lazcdn.com/collect/social-img/9973c07877454e27b3e861332d5e00e8_3_1766557490.190389.jpg_720x720q80.jpg_.webp,179000.0,0,0,0.0,RUSSIAN FLYING DRESS,https://www.lazada.vn/products/pdp-i3288758301.html,Normal
3288758301,High-Quality Ccb Pants K-08 in Ocean Blue Color/ Type 1 Ccb Pants,"đóng gói chuyên nghiệp, giao hàng đúng hẹn, tuyệt vời",positive,https://img.lazcdn.com/collect/social-img/9973c07877454e27b3e861332d5e00e8_3_1766557490.190389.jpg_720x720q80.jpg_.webp,179000.0,0,0,0.0,RUSSIAN FLYING DRESS,https://www.lazada.vn/products/pdp-i3288758301.html,Normal
3288758301,High-Quality Ccb Pants K-08 in Ocean Blue Color/ Type 1 Ccb Pants,"ống quần hơi dài quá so với mình, phải tốn thêm tiền đi cắt gấu, sượng ghê",negative,https://img.lazcdn.com/collect/social-img/9973c07877454e27b3e861332d5e00e8_3_1766557490.190389.jpg_720x720q80.jpg_.webp,179000.0,0,0,0.0,RUSSIAN FLYING DRESS,https://www.lazada.vn/products/pdp-i3288758301.html,Normal
3288758301,High-Quality Ccb Pants K-08 in Ocean Blue Color/ Type 1 Ccb Pants,"vải dễ bám bụi bẩn quá m ạ, mặc xíu là nhìn bẩn bẩn chán đời vãi",negative,https://img.lazcdn.com/collect/social-img/9973c07877454e27b3e861332d5e00e8_3_1766557490.190389.jpg_720x720q80.jpg_.webp,179000.0,0,0,0.0,RUSSIAN FLYING DRESS,https://www.lazada.vn/products/pdp-i3288758301.html,Normal
2368999481,Ap21 Sports Pants with 3 Stripes and 2 Side Pockets Size 34-65kg,"quần 3 sọc ap21 mặc đi tập gym bao phê, 2 túi bên túi nào cũng to đựng đồ thoải mái m ơi 🏋️‍♂️",positive,https://img.lazcdn.com/g/p/36f2e096aacb4ab2aee9226b83f6bc72.jpg_720x720q80.jpg_.webp,48400.0,225,41,4.8,Thoi Trang An Phu,https://www.lazada.vn/products/pdp-i2368999481.html,Normal
2368999481,Ap21 Sports Pants with 3 Stripes and 2 Side Pockets Size 34-65kg,"mình thấy vải poly này co giãn tốt, mình 65kg mặc size to nhất vẫn rộng rãi",positive,https://img.lazcdn.com/g/p/36f2e096aacb4ab2aee9226b83f6bc72.jpg_720x720q80.jpg_.webp,48400.0,225,41,4.8,Thoi Trang An Phu,https://www.lazada.vn/products/pdp-i2368999481.html,Normal
2368999481,Ap21 Sports Pants with 3 Stripes and 2 Side Pockets Size 34-65kg,"style thể thao năng động, mặc đi chạy bộ hay đi chơi đều okla nha",positive,https://img.lazcdn.com/g/p/36f2e096aacb4ab2aee9226b83f6bc72.jpg_720x720q80.jpg_.webp,48400.0,225,41,4.8,Thoi Trang An Phu,https://www.lazada.vn/products/pdp-i2368999481.html,Normal
2368999481,Ap21 Sports Pants with 3 Stripes and 2 Side Pockets Size 34-65kg,ta thấy rẻ mà chất lượng xịn xò như này là quá hời rồi ae ơi,positive,https://img.lazcdn.com/g/p/36f2e096aacb4ab2aee9226b83f6bc72.jpg_720x720q80.jpg_.webp,48400.0,225,41,4.8,Thoi Trang An Phu,https://www.lazada.vn/products/pdp-i2368999481.html,Normal
2368999481,Ap21 Sports Pants with 3 Stripes and 2 Side Pockets Size 34-65kg,"quần mát, co giãn tốt.",positive,https://img.lazcdn.com/g/p/36f2e096aacb4ab2aee9226b83f6bc72.jpg_720x720q80.jpg_.webp,48400.0,225,41,4.8,Thoi Trang An Phu,https://www.lazada.vn/products/pdp-i2368999481.html,Normal
2368999481,Ap21 Sports Pants with 3 Stripes and 2 Side Pockets Size 34-65kg,"form xuông nhìn chân dài phết, mặc vào nhìn như idol thể thao thoy",positive,https://img.lazcdn.com/g/p/36f2e096aacb4ab2aee9226b83f6bc72.jpg_720x720q80.jpg_.webp,48400.0,225,41,4.8,Thoi Trang An Phu,https://www.lazada.vn/products/pdp-i2368999481.html,Normal
2368999481,Ap21 Sports Pants with 3 Stripes and 2 Side Pockets Size 34-65kg,"màu đen 3 sọc trắng basic ko bao giờ lỗi mốt, mình cực thích",positive,https://img.lazcdn.com/g/p/36f2e096aacb4ab2aee9226b83f6bc72.jpg_720x720q80.jpg_.webp,48400.0,225,41,4.8,Thoi Trang An Phu,https://www.lazada.vn/products/pdp-i2368999481.html,Normal
2368999481,Ap21 Sports Pants with 3 Stripes and 2 Side Pockets Size 34-65kg,"giao hàng nhanh, đóng gói cẩn thận, 10 đỉm cho shop",positive,https://img.lazcdn.com/g/p/36f2e096aacb4ab2aee9226b83f6bc72.jpg_720x720q80.jpg_.webp,48400.0,225,41,4.8,Thoi Trang An Phu,https://www.lazada.vn/products/pdp-i2368999481.html,Normal
2368999481,Ap21 Sports Pants with 3 Stripes and 2 Side Pockets Size 34-65kg,"vải hơi bóng quá nhìn hơi sến, mình ko khoái kiểu này lắm",negative,https://img.lazcdn.com/g/p/36f2e096aacb4ab2aee9226b83f6bc72.jpg_720x720q80.jpg_.webp,48400.0,225,41,4.8,Thoi Trang An Phu,https://www.lazada.vn/products/pdp-i2368999481.html,Normal
2368999481,Ap21 Sports Pants with 3 Stripes and 2 Side Pockets Size 34-65kg,"chun quần bị lỏng, mình mặc chạy bộ mà nó cứ tuột xuống, sượng sùng vãi",negative,https://img.lazcdn.com/g/p/36f2e096aacb4ab2aee9226b83f6bc72.jpg_720x720q80.jpg_.webp,48400.0,225,41,4.8,Thoi Trang An Phu,https://www.lazada.vn/products/pdp-i2368999481.html,Normal
1895422149,Quần Sườn Xẻ Phong Cách Đường Tăng Thiền Tu Mùa Hè Thời Trang Nam Quần Áo Chất Liệu Vải Lụa Thêu Hoa Thường Ngày,"ta thấy phong cách đường tăng thiền tu này độc lạ bình dương luôn á, vải lụa thêu hoa nhìn sang xịn mịn vãi 🌸🧘‍♂️",positive,https://img.lazcdn.com/g/ff/kf/S2ab9354d2a284c29aabbbbe216c8e79en.jpg_720x720q80.jpg_.webp,580000.0,381,41,4.9,TAO Handsome Apparel,https://www.lazada.vn/products/pdp-i1895422149.html,Normal
1895422149,Quần Sườn Xẻ Phong Cách Đường Tăng Thiền Tu Mùa Hè Thời Trang Nam Quần Áo Chất Liệu Vải Lụa Thêu Hoa Thường Ngày,"mình mặc bộ này đi chùa hay đi cafe thiền là bao hợp vibe luôn m ơi, lụa mát rượi sờ vào sướng cực",positive,https://img.lazcdn.com/g/ff/kf/S2ab9354d2a284c29aabbbbe216c8e79en.jpg_720x720q80.jpg_.webp,580000.0,381,41,4.9,TAO Handsome Apparel,https://www.lazada.vn/products/pdp-i1895422149.html,Normal
1895422149,Quần Sườn Xẻ Phong Cách Đường Tăng Thiền Tu Mùa Hè Thời Trang Nam Quần Áo Chất Liệu Vải Lụa Thêu Hoa Thường Ngày,"style sườn xẻ nhìn cá tính vãi, hoa văn thêu tinh tế ko bị sến nha",positive,https://img.lazcdn.com/g/ff/kf/S2ab9354d2a284c29aabbbbe216c8e79en.jpg_720x720q80.jpg_.webp,580000.0,381,41,4.9,TAO Handsome Apparel,https://www.lazada.vn/products/pdp-i1895422149.html,Normal
1895422149,Quần Sườn Xẻ Phong Cách Đường Tăng Thiền Tu Mùa Hè Thời Trang Nam Quần Áo Chất Liệu Vải Lụa Thêu Hoa Thường Ngày,"mùa hè mặc lụa này là đúng chân ái, mình thấy nhẹ tênh như ko mặc gì",positive,https://img.lazcdn.com/g/ff/kf/S2ab9354d2a284c29aabbbbe216c8e79en.jpg_720x720q80.jpg_.webp,580000.0,381,41,4.9,TAO Handsome Apparel,https://www.lazada.vn/products/pdp-i1895422149.html,Normal
1895422149,Quần Sườn Xẻ Phong Cách Đường Tăng Thiền Tu Mùa Hè Thời Trang Nam Quần Áo Chất Liệu Vải Lụa Thêu Hoa Thường Ngày,"phong cách thiền tu nhưng vẫn rất thời trang, keo lỳ nha shop ơi",positive,https://img.lazcdn.com/g/ff/kf/S2ab9354d2a284c29aabbbbe216c8e79en.jpg_720x720q80.jpg_.webp,580000.0,381,41,4.9,TAO Handsome Apparel,https://www.lazada.vn/products/pdp-i1895422149.html,Normal
1895422149,Quần Sườn Xẻ Phong Cách Đường Tăng Thiền Tu Mùa Hè Thời Trang Nam Quần Áo Chất Liệu Vải Lụa Thêu Hoa Thường Ngày,"lụa xịn, thêu đẹp.",positive,https://img.lazcdn.com/g/ff/kf/S2ab9354d2a284c29aabbbbe216c8e79en.jpg_720x720q80.jpg_.webp,580000.0,381,41,4.9,TAO Handsome Apparel,https://www.lazada.vn/products/pdp-i1895422149.html,Normal
1895422149,Quần Sườn Xẻ Phong Cách Đường Tăng Thiền Tu Mùa Hè Thời Trang Nam Quần Áo Chất Liệu Vải Lụa Thêu Hoa Thường Ngày,"mình cực kì hài lòng với thiết kế này, mặc lên nhìn thư thái hẳn ra",positive,https://img.lazcdn.com/g/ff/kf/S2ab9354d2a284c29aabbbbe216c8e79en.jpg_720x720q80.jpg_.webp,580000.0,381,41,4.9,TAO Handsome Apparel,https://www.lazada.vn/products/pdp-i1895422149.html,Normal
1895422149,Quần Sườn Xẻ Phong Cách Đường Tăng Thiền Tu Mùa Hè Thời Trang Nam Quần Áo Chất Liệu Vải Lụa Thêu Hoa Thường Ngày,"đóng gói đẹp như quà tặng, shop rất có tâm luôn",positive,https://img.lazcdn.com/g/ff/kf/S2ab9354d2a284c29aabbbbe216c8e79en.jpg_720x720q80.jpg_.webp,580000.0,381,41,4.9,TAO Handsome Apparel,https://www.lazada.vn/products/pdp-i1895422149.html,Normal
1895422149,Quần Sườn Xẻ Phong Cách Đường Tăng Thiền Tu Mùa Hè Thời Trang Nam Quần Áo Chất Liệu Vải Lụa Thêu Hoa Thường Ngày,"vải lụa mỏng quá m ạ, đứng dưới nắng là nhìn xuyên thấu luôn, sượng chết mất",negative,https://img.lazcdn.com/g/ff/kf/S2ab9354d2a284c29aabbbbe216c8e79en.jpg_720x720q80.jpg_.webp,580000.0,381,41,4.9,TAO Handsome Apparel,https://www.lazada.vn/products/pdp-i1895422149.html,Normal
1895422149,Quần Sườn Xẻ Phong Cách Đường Tăng Thiền Tu Mùa Hè Thời Trang Nam Quần Áo Chất Liệu Vải Lụa Thêu Hoa Thường Ngày,"đường xẻ sườn hơi cao, mình ngồi xuống là lộ hết cả đùi, ngại quá trời",negative,https://img.lazcdn.com/g/ff/kf/S2ab9354d2a284c29aabbbbe216c8e79en.jpg_720x720q80.jpg_.webp,580000.0,381,41,4.9,TAO Handsome Apparel,https://www.lazada.vn/products/pdp-i1895422149.html,Normal
2023862391,Quần jean Nam dài vá gối rách nhẹ quần chất bò co giãn màu đen trơn mẫu mã đẹp KAYSTORE 25/06,"vá gối nhìn lạ mắt mà bảnh lắm m ơi, mặc lên đúng chất dân chơi luôn á 🔥",positive,https://img.lazcdn.com/g/ff/kf/S925ef124d9704fb6a9346e9195328762Z.jpg_720x720q80.jpg_.webp,169000.0,852,268,4.7,Kay_store,https://www.lazada.vn/products/pdp-i2023862391.html,Trending
2023862391,Quần jean Nam dài vá gối rách nhẹ quần chất bò co giãn màu đen trơn mẫu mã đẹp KAYSTORE 25/06,"ta thấy quần jean của kaystore vải bò co giãn sướng cái chân vãi, múc đi ae",positive,https://img.lazcdn.com/g/ff/kf/S925ef124d9704fb6a9346e9195328762Z.jpg_720x720q80.jpg_.webp,169000.0,852,268,4.7,Kay_store,https://www.lazada.vn/products/pdp-i2023862391.html,Trending
2023862391,Quần jean Nam dài vá gối rách nhẹ quần chất bò co giãn màu đen trơn mẫu mã đẹp KAYSTORE 25/06,"màu đen trơn dễ phối đồ, rách nhẹ nhàng ko bị lố, keo lỳ nha shop ơi 😍",positive,https://img.lazcdn.com/g/ff/kf/S925ef124d9704fb6a9346e9195328762Z.jpg_720x720q80.jpg_.webp,169000.0,852,268,4.7,Kay_store,https://www.lazada.vn/products/pdp-i2023862391.html,Trending
2023862391,Quần jean Nam dài vá gối rách nhẹ quần chất bò co giãn màu đen trơn mẫu mã đẹp KAYSTORE 25/06,"mình thấy form quần chuẩn đét, mặc đi cafe sống ảo bao cháy máy luônnnn",positive,https://img.lazcdn.com/g/ff/kf/S925ef124d9704fb6a9346e9195328762Z.jpg_720x720q80.jpg_.webp,169000.0,852,268,4.7,Kay_store,https://www.lazada.vn/products/pdp-i2023862391.html,Trending
2023862391,Quần jean Nam dài vá gối rách nhẹ quần chất bò co giãn màu đen trơn mẫu mã đẹp KAYSTORE 25/06,"vải dày dặn mà co giãn ngon ơ, đúng là tiền nào của nấy thoy",positive,https://img.lazcdn.com/g/ff/kf/S925ef124d9704fb6a9346e9195328762Z.jpg_720x720q80.jpg_.webp,169000.0,852,268,4.7,Kay_store,https://www.lazada.vn/products/pdp-i2023862391.html,Trending
2023862391,Quần jean Nam dài vá gối rách nhẹ quần chất bò co giãn màu đen trơn mẫu mã đẹp KAYSTORE 25/06,"hàng y hình, đóng gói xịn xò như quà tặng luôn, m nên mua nhóe",positive,https://img.lazcdn.com/g/ff/kf/S925ef124d9704fb6a9346e9195328762Z.jpg_720x720q80.jpg_.webp,169000.0,852,268,4.7,Kay_store,https://www.lazada.vn/products/pdp-i2023862391.html,Trending
2023862391,Quần jean Nam dài vá gối rách nhẹ quần chất bò co giãn màu đen trơn mẫu mã đẹp KAYSTORE 25/06,"mình cực thích kiểu vá gối này, nhìn cá tính vãi chưởng",positive,https://img.lazcdn.com/g/ff/kf/S925ef124d9704fb6a9346e9195328762Z.jpg_720x720q80.jpg_.webp,169000.0,852,268,4.7,Kay_store,https://www.lazada.vn/products/pdp-i2023862391.html,Trending
2023862391,Quần jean Nam dài vá gối rách nhẹ quần chất bò co giãn màu đen trơn mẫu mã đẹp KAYSTORE 25/06,"quần đẹp, chất lượng ổn.",positive,https://img.lazcdn.com/g/ff/kf/S925ef124d9704fb6a9346e9195328762Z.jpg_720x720q80.jpg_.webp,169000.0,852,268,4.7,Kay_store,https://www.lazada.vn/products/pdp-i2023862391.html,Trending
2023862391,Quần jean Nam dài vá gối rách nhẹ quần chất bò co giãn màu đen trơn mẫu mã đẹp KAYSTORE 25/06,"giao hàng hơi lâu m ạ, t đợi muốn mòn mỏi luôn mới thấy mặt cái quần 😤",negative,https://img.lazcdn.com/g/ff/kf/S925ef124d9704fb6a9346e9195328762Z.jpg_720x720q80.jpg_.webp,169000.0,852,268,4.7,Kay_store,https://www.lazada.vn/products/pdp-i2023862391.html,Trending
2023862391,Quần jean Nam dài vá gối rách nhẹ quần chất bò co giãn màu đen trơn mẫu mã đẹp KAYSTORE 25/06,"cái miếng vá gối may hơi bị lệch 1 xíu, mình nhìn hơi sượng sượng",negative,https://img.lazcdn.com/g/ff/kf/S925ef124d9704fb6a9346e9195328762Z.jpg_720x720q80.jpg_.webp,169000.0,852,268,4.7,Kay_store,https://www.lazada.vn/products/pdp-i2023862391.html,Trending
2326403172,"(Wholesale) Men's Jean Shorts/High Quality Basic Men's Jeans Qsj01, Standard Form, Beautiful, Luxurious, Comfortable, Convenient","jean short mặc mùa hè bao mát luôn m ơi, chuẩn basic dễ mặc cực kì ☀️🩳",positive,https://img.lazcdn.com/g/ff/kf/S5ca8dd2b37634ee7bedbd6fb34856152S.jpg_720x720q80.jpg_.webp,79000.0,120,36,4.9,XƯỞNG SỈ TT,https://www.lazada.vn/products/pdp-i2326403172.html,Normal
2326403172,"(Wholesale) Men's Jean Shorts/High Quality Basic Men's Jeans Qsj01, Standard Form, Beautiful, Luxurious, Comfortable, Convenient","mình mua giá sỉ mà chất lượng cao cấp vãi, form standard mặc lên bao bảnh",positive,https://img.lazcdn.com/g/ff/kf/S5ca8dd2b37634ee7bedbd6fb34856152S.jpg_720x720q80.jpg_.webp,79000.0,120,36,4.9,XƯỞNG SỈ TT,https://www.lazada.vn/products/pdp-i2326403172.html,Normal
2326403172,"(Wholesale) Men's Jean Shorts/High Quality Basic Men's Jeans Qsj01, Standard Form, Beautiful, Luxurious, Comfortable, Convenient","tiện lợi thoải mái, mặc ở nhà hay đi dạo phố đều okla nha ae",positive,https://img.lazcdn.com/g/ff/kf/S5ca8dd2b37634ee7bedbd6fb34856152S.jpg_720x720q80.jpg_.webp,79000.0,120,36,4.9,XƯỞNG SỈ TT,https://www.lazada.vn/products/pdp-i2326403172.html,Normal
2326403172,"(Wholesale) Men's Jean Shorts/High Quality Basic Men's Jeans Qsj01, Standard Form, Beautiful, Luxurious, Comfortable, Convenient","ta thấy vải jean này bền, giặt máy hoài ko thấy phai màu hay sờn vải gì hết",positive,https://img.lazcdn.com/g/ff/kf/S5ca8dd2b37634ee7bedbd6fb34856152S.jpg_720x720q80.jpg_.webp,79000.0,120,36,4.9,XƯỞNG SỈ TT,https://www.lazada.vn/products/pdp-i2326403172.html,Normal
2326403172,"(Wholesale) Men's Jean Shorts/High Quality Basic Men's Jeans Qsj01, Standard Form, Beautiful, Luxurious, Comfortable, Convenient","đẹp, sang, múc lẹ.",positive,https://img.lazcdn.com/g/ff/kf/S5ca8dd2b37634ee7bedbd6fb34856152S.jpg_720x720q80.jpg_.webp,79000.0,120,36,4.9,XƯỞNG SỈ TT,https://www.lazada.vn/products/pdp-i2326403172.html,Normal
2326403172,"(Wholesale) Men's Jean Shorts/High Quality Basic Men's Jeans Qsj01, Standard Form, Beautiful, Luxurious, Comfortable, Convenient","quần mặc sướng, rộng rãi ko gò bó, t cho 5 sao thoy",positive,https://img.lazcdn.com/g/ff/kf/S5ca8dd2b37634ee7bedbd6fb34856152S.jpg_720x720q80.jpg_.webp,79000.0,120,36,4.9,XƯỞNG SỈ TT,https://www.lazada.vn/products/pdp-i2326403172.html,Normal
2326403172,"(Wholesale) Men's Jean Shorts/High Quality Basic Men's Jeans Qsj01, Standard Form, Beautiful, Luxurious, Comfortable, Convenient","vải đẹp mịn màng, túi quần sâu đựng đồ thoải mái m ạ",positive,https://img.lazcdn.com/g/ff/kf/S5ca8dd2b37634ee7bedbd6fb34856152S.jpg_720x720q80.jpg_.webp,79000.0,120,36,4.9,XƯỞNG SỈ TT,https://www.lazada.vn/products/pdp-i2326403172.html,Normal
2326403172,"(Wholesale) Men's Jean Shorts/High Quality Basic Men's Jeans Qsj01, Standard Form, Beautiful, Luxurious, Comfortable, Convenient","mình hài lòng cực kì, shop tư vấn size chuẩn đét luôn",positive,https://img.lazcdn.com/g/ff/kf/S5ca8dd2b37634ee7bedbd6fb34856152S.jpg_720x720q80.jpg_.webp,79000.0,120,36,4.9,XƯỞNG SỈ TT,https://www.lazada.vn/products/pdp-i2326403172.html,Normal
2326403172,"(Wholesale) Men's Jean Shorts/High Quality Basic Men's Jeans Qsj01, Standard Form, Beautiful, Luxurious, Comfortable, Convenient","đóng gói hơi bị rách cái bọc bên ngoài, mình nhìn hơi mất thiện cảm xíu",negative,https://img.lazcdn.com/g/ff/kf/S5ca8dd2b37634ee7bedbd6fb34856152S.jpg_720x720q80.jpg_.webp,79000.0,120,36,4.9,XƯỞNG SỈ TT,https://www.lazada.vn/products/pdp-i2326403172.html,Normal
2326403172,"(Wholesale) Men's Jean Shorts/High Quality Basic Men's Jeans Qsj01, Standard Form, Beautiful, Luxurious, Comfortable, Convenient","giao nhầm mẫu cho mình rồi shop ơi, làm ăn gì sượng sùng vậy trời 😡",negative,https://img.lazcdn.com/g/ff/kf/S5ca8dd2b37634ee7bedbd6fb34856152S.jpg_720x720q80.jpg_.webp,79000.0,120,36,4.9,XƯỞNG SỈ TT,https://www.lazada.vn/products/pdp-i2326403172.html,Normal
2212024770,"Quần jean nam đen trơn co giãn loang màu thêu logo,from chuẩn,vải dày, chất vải DENIM cao cấp mẫu mới TANBEO_SHOP","loang màu đúng chất tanbeo shop luôn m ơi, nhìn nghệ vãi chưởng 🎨👖",positive,https://img.lazcdn.com/g/p/0134aa22824e5dfb37433330b5085be8.jpg_720x720q80.jpg_.webp,79000.0,88,22,4.5,TANBEO-SHOP,https://www.lazada.vn/products/pdp-i2212024770.html,Normal
2212024770,"Quần jean nam đen trơn co giãn loang màu thêu logo,from chuẩn,vải dày, chất vải DENIM cao cấp mẫu mới TANBEO_SHOP","mình thấy vải denim cao cấp sờ mướt tay vãi, thêu logo nhìn sang xịn mịn cực",positive,https://img.lazcdn.com/g/p/0134aa22824e5dfb37433330b5085be8.jpg_720x720q80.jpg_.webp,79000.0,88,22,4.5,TANBEO-SHOP,https://www.lazada.vn/products/pdp-i2212024770.html,Normal
2212024770,"Quần jean nam đen trơn co giãn loang màu thêu logo,from chuẩn,vải dày, chất vải DENIM cao cấp mẫu mới TANBEO_SHOP","đen trơn loang nhẹ nhìn bảnh tỏn hẳn, mặc lên là auto slay nha ae",positive,https://img.lazcdn.com/g/p/0134aa22824e5dfb37433330b5085be8.jpg_720x720q80.jpg_.webp,79000.0,88,22,4.5,TANBEO-SHOP,https://www.lazada.vn/products/pdp-i2212024770.html,Normal
2212024770,"Quần jean nam đen trơn co giãn loang màu thêu logo,from chuẩn,vải dày, chất vải DENIM cao cấp mẫu mới TANBEO_SHOP","ta thấy form dáng skinny ôm vừa vặn, hack chân dài miên man luôn á",positive,https://img.lazcdn.com/g/p/0134aa22824e5dfb37433330b5085be8.jpg_720x720q80.jpg_.webp,79000.0,88,22,4.5,TANBEO-SHOP,https://www.lazada.vn/products/pdp-i2212024770.html,Normal
2212024770,"Quần jean nam đen trơn co giãn loang màu thêu logo,from chuẩn,vải dày, chất vải DENIM cao cấp mẫu mới TANBEO_SHOP","vải dày dặn cầm chắc tay, chất lượng đúng chuẩn shop xịn nhóe",positive,https://img.lazcdn.com/g/p/0134aa22824e5dfb37433330b5085be8.jpg_720x720q80.jpg_.webp,79000.0,88,22,4.5,TANBEO-SHOP,https://www.lazada.vn/products/pdp-i2212024770.html,Normal
2212024770,"Quần jean nam đen trơn co giãn loang màu thêu logo,from chuẩn,vải dày, chất vải DENIM cao cấp mẫu mới TANBEO_SHOP","keo lỳ nha, mẫu mới này đỉnh thiệt sự, m nên mua",positive,https://img.lazcdn.com/g/p/0134aa22824e5dfb37433330b5085be8.jpg_720x720q80.jpg_.webp,79000.0,88,22,4.5,TANBEO-SHOP,https://www.lazada.vn/products/pdp-i2212024770.html,Normal
2212024770,"Quần jean nam đen trơn co giãn loang màu thêu logo,from chuẩn,vải dày, chất vải DENIM cao cấp mẫu mới TANBEO_SHOP","màu loang lạ mắt, phối đồ bao cháy phố luôn m ạ",positive,https://img.lazcdn.com/g/p/0134aa22824e5dfb37433330b5085be8.jpg_720x720q80.jpg_.webp,79000.0,88,22,4.5,TANBEO-SHOP,https://www.lazada.vn/products/pdp-i2212024770.html,Normal
2212024770,"Quần jean nam đen trơn co giãn loang màu thêu logo,from chuẩn,vải dày, chất vải DENIM cao cấp mẫu mới TANBEO_SHOP","mình mua lần 2 rồi vẫn ưng cái bụng, shop uy tín 💯",positive,https://img.lazcdn.com/g/p/0134aa22824e5dfb37433330b5085be8.jpg_720x720q80.jpg_.webp,79000.0,88,22,4.5,TANBEO-SHOP,https://www.lazada.vn/products/pdp-i2212024770.html,Normal
2212024770,"Quần jean nam đen trơn co giãn loang màu thêu logo,from chuẩn,vải dày, chất vải DENIM cao cấp mẫu mới TANBEO_SHOP","mùi vải mới hơi hắc, mình phải ngâm nước xả 2 lần mới hết mùi, sượng ghê",negative,https://img.lazcdn.com/g/p/0134aa22824e5dfb37433330b5085be8.jpg_720x720q80.jpg_.webp,79000.0,88,22,4.5,TANBEO-SHOP,https://www.lazada.vn/products/pdp-i2212024770.html,Normal
2212024770,"Quần jean nam đen trơn co giãn loang màu thêu logo,from chuẩn,vải dày, chất vải DENIM cao cấp mẫu mới TANBEO_SHOP","ship hàng chậm như ninja rùa vậy á, mình đợi phát bực luôn",negative,https://img.lazcdn.com/g/p/0134aa22824e5dfb37433330b5085be8.jpg_720x720q80.jpg_.webp,79000.0,88,22,4.5,TANBEO-SHOP,https://www.lazada.vn/products/pdp-i2212024770.html,Normal
1107310209,[HCM]Quần Short Jeans qua đầu gối dành cho Nam chuẩn thời trang phong cách đơn giản chất vải cứng không co dãn và thoải mái,"short jeans dài qua đầu gối mặc bao mát m ơi, đúng style đơn giản t tìm 👟",positive,https://img.lazcdn.com/g/p/177bf68c06e1c38c379031004aa009be.jpg_720x720q80.jpg_.webp,60000.0,296,45,4.6,Trùm Sỉ & Lẻ,https://www.lazada.vn/products/pdp-i1107310209.html,Normal
1107310209,[HCM]Quần Short Jeans qua đầu gối dành cho Nam chuẩn thời trang phong cách đơn giản chất vải cứng không co dãn và thoải mái,"mình thấy vải cứng ko giãn nhưng mặc lại rất thoải mái, ko bị bí bách đâu",positive,https://img.lazcdn.com/g/p/177bf68c06e1c38c379031004aa009be.jpg_720x720q80.jpg_.webp,60000.0,296,45,4.6,Trùm Sỉ & Lẻ,https://www.lazada.vn/products/pdp-i1107310209.html,Normal
1107310209,[HCM]Quần Short Jeans qua đầu gối dành cho Nam chuẩn thời trang phong cách đơn giản chất vải cứng không co dãn và thoải mái,"phong cách hcm chuẩn thời trang luôn á, phối với sneaker nhìn bao bảnh",positive,https://img.lazcdn.com/g/p/177bf68c06e1c38c379031004aa009be.jpg_720x720q80.jpg_.webp,60000.0,296,45,4.6,Trùm Sỉ & Lẻ,https://www.lazada.vn/products/pdp-i1107310209.html,Normal
1107310209,[HCM]Quần Short Jeans qua đầu gối dành cho Nam chuẩn thời trang phong cách đơn giản chất vải cứng không co dãn và thoải mái,"ta thấy mặc em này đi chơi hay đi cafe đều ổn áp, keo lỳ nha",positive,https://img.lazcdn.com/g/p/177bf68c06e1c38c379031004aa009be.jpg_720x720q80.jpg_.webp,60000.0,296,45,4.6,Trùm Sỉ & Lẻ,https://www.lazada.vn/products/pdp-i1107310209.html,Normal
1107310209,[HCM]Quần Short Jeans qua đầu gối dành cho Nam chuẩn thời trang phong cách đơn giản chất vải cứng không co dãn và thoải mái,"đơn giản mà đẹp, mình cực thích cái chất jean này",positive,https://img.lazcdn.com/g/p/177bf68c06e1c38c379031004aa009be.jpg_720x720q80.jpg_.webp,60000.0,296,45,4.6,Trùm Sỉ & Lẻ,https://www.lazada.vn/products/pdp-i1107310209.html,Normal
1107310209,[HCM]Quần Short Jeans qua đầu gối dành cho Nam chuẩn thời trang phong cách đơn giản chất vải cứng không co dãn và thoải mái,"vải jean xịn, đứng form, mặc lên nhìn chững chạc hẳn ra",positive,https://img.lazcdn.com/g/p/177bf68c06e1c38c379031004aa009be.jpg_720x720q80.jpg_.webp,60000.0,296,45,4.6,Trùm Sỉ & Lẻ,https://www.lazada.vn/products/pdp-i1107310209.html,Normal
1107310209,[HCM]Quần Short Jeans qua đầu gối dành cho Nam chuẩn thời trang phong cách đơn giản chất vải cứng không co dãn và thoải mái,"quần tốt, giá ok.",positive,https://img.lazcdn.com/g/p/177bf68c06e1c38c379031004aa009be.jpg_720x720q80.jpg_.webp,60000.0,296,45,4.6,Trùm Sỉ & Lẻ,https://www.lazada.vn/products/pdp-i1107310209.html,Normal
1107310209,[HCM]Quần Short Jeans qua đầu gối dành cho Nam chuẩn thời trang phong cách đơn giản chất vải cứng không co dãn và thoải mái,"giao hàng nhanh như chớp, mình mới đặt hôm trước hôm sau đã có rồi",positive,https://img.lazcdn.com/g/p/177bf68c06e1c38c379031004aa009be.jpg_720x720q80.jpg_.webp,60000.0,296,45,4.6,Trùm Sỉ & Lẻ,https://www.lazada.vn/products/pdp-i1107310209.html,Normal
1107310209,[HCM]Quần Short Jeans qua đầu gối dành cho Nam chuẩn thời trang phong cách đơn giản chất vải cứng không co dãn và thoải mái,"vải hơi thô ráp quá m ạ, mình mặc vào thấy hơi ngứa da xíu, sượng thật",negative,https://img.lazcdn.com/g/p/177bf68c06e1c38c379031004aa009be.jpg_720x720q80.jpg_.webp,60000.0,296,45,4.6,Trùm Sỉ & Lẻ,https://www.lazada.vn/products/pdp-i1107310209.html,Normal
1107310209,[HCM]Quần Short Jeans qua đầu gối dành cho Nam chuẩn thời trang phong cách đơn giản chất vải cứng không co dãn và thoải mái,"size hơi nhỏ so với bảng size shop đưa, mình mặc bị chật đùi, buồn thoy",negative,https://img.lazcdn.com/g/p/177bf68c06e1c38c379031004aa009be.jpg_720x720q80.jpg_.webp,60000.0,296,45,4.6,Trùm Sỉ & Lẻ,https://www.lazada.vn/products/pdp-i1107310209.html,Normal
2212291342,Quần jean nam cao cấp thiết kế rách gối xước nhẹ chất liệu vải DENIM cao cấp chuẩn form 2 màu trắng đen mẫu mới cao cấp,"rách gối xước nhẹ nhìn cá tính vãi m ơi, 2 màu trắng đen màu nào cũng keo ⚪⚫",positive,https://img.lazcdn.com/g/p/17c5d2c95743f3b454a857ac3805157a.jpg_720x720q80.jpg_.webp,169000.0,18,9,4.3,TANBEO-SHOP,https://www.lazada.vn/products/pdp-i2212291342.html,Normal
2212291342,Quần jean nam cao cấp thiết kế rách gối xước nhẹ chất liệu vải DENIM cao cấp chuẩn form 2 màu trắng đen mẫu mới cao cấp,"mình thấy vải denim cao cấp đúng chuẩn form luôn, mặc lên nhìn sang trọng cực",positive,https://img.lazcdn.com/g/p/17c5d2c95743f3b454a857ac3805157a.jpg_720x720q80.jpg_.webp,169000.0,18,9,4.3,TANBEO-SHOP,https://www.lazada.vn/products/pdp-i2212291342.html,Normal
2212291342,Quần jean nam cao cấp thiết kế rách gối xước nhẹ chất liệu vải DENIM cao cấp chuẩn form 2 màu trắng đen mẫu mới cao cấp,"thiết kế rách gối nhẹ nhàng ko bị lố, mặc đi chơi là bao cháy phố",positive,https://img.lazcdn.com/g/p/17c5d2c95743f3b454a857ac3805157a.jpg_720x720q80.jpg_.webp,169000.0,18,9,4.3,TANBEO-SHOP,https://www.lazada.vn/products/pdp-i2212291342.html,Normal
2212291342,Quần jean nam cao cấp thiết kế rách gối xước nhẹ chất liệu vải DENIM cao cấp chuẩn form 2 màu trắng đen mẫu mới cao cấp,"ta thấy mẫu này xứng đáng là hot trend luôn á, chất lượng miễn bàn",positive,https://img.lazcdn.com/g/p/17c5d2c95743f3b454a857ac3805157a.jpg_720x720q80.jpg_.webp,169000.0,18,9,4.3,TANBEO-SHOP,https://www.lazada.vn/products/pdp-i2212291342.html,Normal
2212291342,Quần jean nam cao cấp thiết kế rách gối xước nhẹ chất liệu vải DENIM cao cấp chuẩn form 2 màu trắng đen mẫu mới cao cấp,"mình mua màu trắng mặc lên nhìn công tử vãi, ai cũng khen hết trơn",positive,https://img.lazcdn.com/g/p/17c5d2c95743f3b454a857ac3805157a.jpg_720x720q80.jpg_.webp,169000.0,18,9,4.3,TANBEO-SHOP,https://www.lazada.vn/products/pdp-i2212291342.html,Normal
2212291342,Quần jean nam cao cấp thiết kế rách gối xước nhẹ chất liệu vải DENIM cao cấp chuẩn form 2 màu trắng đen mẫu mới cao cấp,"vải đẹp đứng dáng, đường may sắc nét vãi chưởng luôn 💯",positive,https://img.lazcdn.com/g/p/17c5d2c95743f3b454a857ac3805157a.jpg_720x720q80.jpg_.webp,169000.0,18,9,4.3,TANBEO-SHOP,https://www.lazada.vn/products/pdp-i2212291342.html,Normal
2212291342,Quần jean nam cao cấp thiết kế rách gối xước nhẹ chất liệu vải DENIM cao cấp chuẩn form 2 màu trắng đen mẫu mới cao cấp,"quần xịn xò, giá rẻ.",positive,https://img.lazcdn.com/g/p/17c5d2c95743f3b454a857ac3805157a.jpg_720x720q80.jpg_.webp,169000.0,18,9,4.3,TANBEO-SHOP,https://www.lazada.vn/products/pdp-i2212291342.html,Normal
2212291342,Quần jean nam cao cấp thiết kế rách gối xước nhẹ chất liệu vải DENIM cao cấp chuẩn form 2 màu trắng đen mẫu mới cao cấp,"mặc vào thấy tự tin hẳn, mình sẽ ủng hộ shop dài dài thoy",positive,https://img.lazcdn.com/g/p/17c5d2c95743f3b454a857ac3805157a.jpg_720x720q80.jpg_.webp,169000.0,18,9,4.3,TANBEO-SHOP,https://www.lazada.vn/products/pdp-i2212291342.html,Normal
2212291342,Quần jean nam cao cấp thiết kế rách gối xước nhẹ chất liệu vải DENIM cao cấp chuẩn form 2 màu trắng đen mẫu mới cao cấp,"màu trắng hơi dễ bám bẩn quá m ạ, mình mặc đi xíu là thấy dơ rồi, sượng ghê",negative,https://img.lazcdn.com/g/p/17c5d2c95743f3b454a857ac3805157a.jpg_720x720q80.jpg_.webp,169000.0,18,9,4.3,TANBEO-SHOP,https://www.lazada.vn/products/pdp-i2212291342.html,Normal
2212291342,Quần jean nam cao cấp thiết kế rách gối xước nhẹ chất liệu vải DENIM cao cấp chuẩn form 2 màu trắng đen mẫu mới cao cấp,"khóa kéo thỉnh thoảng bị kẹt, mình phải dùng nến bôi vào mới trơn dc",negative,https://img.lazcdn.com/g/p/17c5d2c95743f3b454a857ac3805157a.jpg_720x720q80.jpg_.webp,169000.0,18,9,4.3,TANBEO-SHOP,https://www.lazada.vn/products/pdp-i2212291342.html,Normal
2041372505,Men's Jeans H90 Unisex Wide Leg Jeans High Quality Non-Stretch Denim Anti-Wrinkle No Fade Qdj03,"wide leg jeans mặc bao chill luôn m ơi, form rộng thoải mái vibe unisex đỉnh 🌊",positive,https://img.lazcdn.com/g/ff/kf/Sdd4ea245d7524725b1875d61f5b8cabde.jpg_720x720q80.jpg_.webp,239000.0,1600,420,4.8,H90 Store,https://www.lazada.vn/products/pdp-i2041372505.html,Normal
2041372505,Men's Jeans H90 Unisex Wide Leg Jeans High Quality Non-Stretch Denim Anti-Wrinkle No Fade Qdj03,"mình thấy chất denim h90 ko giãn nhưng mặc rất sướng, ko bị nhăn hay phai màu",positive,https://img.lazcdn.com/g/ff/kf/Sdd4ea245d7524725b1875d61f5b8cabde.jpg_720x720q80.jpg_.webp,239000.0,1600,420,4.8,H90 Store,https://www.lazada.vn/products/pdp-i2041372505.html,Normal
2041372505,Men's Jeans H90 Unisex Wide Leg Jeans High Quality Non-Stretch Denim Anti-Wrinkle No Fade Qdj03,"high quality đúng như quảng cáo, chống nhăn cực tốt luôn á ae",positive,https://img.lazcdn.com/g/ff/kf/Sdd4ea245d7524725b1875d61f5b8cabde.jpg_720x720q80.jpg_.webp,239000.0,1600,420,4.8,H90 Store,https://www.lazada.vn/products/pdp-i2041372505.html,Normal
2041372505,Men's Jeans H90 Unisex Wide Leg Jeans High Quality Non-Stretch Denim Anti-Wrinkle No Fade Qdj03,ta thấy mặc em này phối với áo thun rộng là đúng bài street style thoy,positive,https://img.lazcdn.com/g/ff/kf/Sdd4ea245d7524725b1875d61f5b8cabde.jpg_720x720q80.jpg_.webp,239000.0,1600,420,4.8,H90 Store,https://www.lazada.vn/products/pdp-i2041372505.html,Normal
2041372505,Men's Jeans H90 Unisex Wide Leg Jeans High Quality Non-Stretch Denim Anti-Wrinkle No Fade Qdj03,"keo lỳ nha, mặc vào nhìn như idol hàn quốc vậy á m",positive,https://img.lazcdn.com/g/ff/kf/Sdd4ea245d7524725b1875d61f5b8cabde.jpg_720x720q80.jpg_.webp,239000.0,1600,420,4.8,H90 Store,https://www.lazada.vn/products/pdp-i2041372505.html,Normal
2041372505,Men's Jeans H90 Unisex Wide Leg Jeans High Quality Non-Stretch Denim Anti-Wrinkle No Fade Qdj03,"form chuẩn, vải đẹp.",positive,https://img.lazcdn.com/g/ff/kf/Sdd4ea245d7524725b1875d61f5b8cabde.jpg_720x720q80.jpg_.webp,239000.0,1600,420,4.8,H90 Store,https://www.lazada.vn/products/pdp-i2041372505.html,Normal
2041372505,Men's Jeans H90 Unisex Wide Leg Jeans High Quality Non-Stretch Denim Anti-Wrinkle No Fade Qdj03,"vải dày dặn đứng form, mặc đi học hay đi chơi đều bao dính luôn",positive,https://img.lazcdn.com/g/ff/kf/Sdd4ea245d7524725b1875d61f5b8cabde.jpg_720x720q80.jpg_.webp,239000.0,1600,420,4.8,H90 Store,https://www.lazada.vn/products/pdp-i2041372505.html,Normal
2041372505,Men's Jeans H90 Unisex Wide Leg Jeans High Quality Non-Stretch Denim Anti-Wrinkle No Fade Qdj03,"mình rất hài lòng với mẫu h90 này, sẽ mua thêm màu khác",positive,https://img.lazcdn.com/g/ff/kf/Sdd4ea245d7524725b1875d61f5b8cabde.jpg_720x720q80.jpg_.webp,239000.0,1600,420,4.8,H90 Store,https://www.lazada.vn/products/pdp-i2041372505.html,Normal
2041372505,Men's Jeans H90 Unisex Wide Leg Jeans High Quality Non-Stretch Denim Anti-Wrinkle No Fade Qdj03,"ống quần to quá m ạ, mình mặc vào nhìn như đang bơi trong quần, sượng vãi",negative,https://img.lazcdn.com/g/ff/kf/Sdd4ea245d7524725b1875d61f5b8cabde.jpg_720x720q80.jpg_.webp,239000.0,1600,420,4.8,H90 Store,https://www.lazada.vn/products/pdp-i2041372505.html,Normal
2041372505,Men's Jeans H90 Unisex Wide Leg Jeans High Quality Non-Stretch Denim Anti-Wrinkle No Fade Qdj03,"giao hàng bị chậm 3 ngày so với dự kiến, làm mình lỡ việc, bực thoy",negative,https://img.lazcdn.com/g/ff/kf/Sdd4ea245d7524725b1875d61f5b8cabde.jpg_720x720q80.jpg_.webp,239000.0,1600,420,4.8,H90 Store,https://www.lazada.vn/products/pdp-i2041372505.html,Normal
2242302041,Quần jean nam rách gối vá trắng chất vải bò co giãn cao cấp lên form cực trẻ trung năng động mẫu mới-AX77 STORE,"vá trắng rách gối nhìn năng động vãi m ơi, lên form cực trẻ trung luôn 🔥",positive,https://img.lazcdn.com/g/ff/kf/Sac7681de1b714d8a84d4db1c15f5965fk.jpg_720x720q80.jpg_.webp,39000.0,2100,578,4.7,ATC77 SHOP,https://www.lazada.vn/products/pdp-i2242302041.html,Normal
2242302041,Quần jean nam rách gối vá trắng chất vải bò co giãn cao cấp lên form cực trẻ trung năng động mẫu mới-AX77 STORE,"mình thấy vải bò co giãn cao cấp mặc sướng cái chân cực, đúng hàng ax77 store",positive,https://img.lazcdn.com/g/ff/kf/Sac7681de1b714d8a84d4db1c15f5965fk.jpg_720x720q80.jpg_.webp,39000.0,2100,578,4.7,ATC77 SHOP,https://www.lazada.vn/products/pdp-i2242302041.html,Normal
2242302041,Quần jean nam rách gối vá trắng chất vải bò co giãn cao cấp lên form cực trẻ trung năng động mẫu mới-AX77 STORE,"mẫu mới này bảnh tỏn vãi, phối với giày cao cổ là bao cháy phố nha",positive,https://img.lazcdn.com/g/ff/kf/Sac7681de1b714d8a84d4db1c15f5965fk.jpg_720x720q80.jpg_.webp,39000.0,2100,578,4.7,ATC77 SHOP,https://www.lazada.vn/products/pdp-i2242302041.html,Normal
2242302041,Quần jean nam rách gối vá trắng chất vải bò co giãn cao cấp lên form cực trẻ trung năng động mẫu mới-AX77 STORE,"ta thấy quần form chuẩn, mặc vào nhìn chân dài miên man luôn á m",positive,https://img.lazcdn.com/g/ff/kf/Sac7681de1b714d8a84d4db1c15f5965fk.jpg_720x720q80.jpg_.webp,39000.0,2100,578,4.7,ATC77 SHOP,https://www.lazada.vn/products/pdp-i2242302041.html,Normal
2242302041,Quần jean nam rách gối vá trắng chất vải bò co giãn cao cấp lên form cực trẻ trung năng động mẫu mới-AX77 STORE,"chất lượng ổn áp, đường may kĩ càng, mình cho 10 đỉm luôn",positive,https://img.lazcdn.com/g/ff/kf/Sac7681de1b714d8a84d4db1c15f5965fk.jpg_720x720q80.jpg_.webp,39000.0,2100,578,4.7,ATC77 SHOP,https://www.lazada.vn/products/pdp-i2242302041.html,Normal
2242302041,Quần jean nam rách gối vá trắng chất vải bò co giãn cao cấp lên form cực trẻ trung năng động mẫu mới-AX77 STORE,"keo nha, mặc đi date gái mê mệt luôn m ạ lol",positive,https://img.lazcdn.com/g/ff/kf/Sac7681de1b714d8a84d4db1c15f5965fk.jpg_720x720q80.jpg_.webp,39000.0,2100,578,4.7,ATC77 SHOP,https://www.lazada.vn/products/pdp-i2242302041.html,Normal
2242302041,Quần jean nam rách gối vá trắng chất vải bò co giãn cao cấp lên form cực trẻ trung năng động mẫu mới-AX77 STORE,"vải dày dặn ko phai màu, mình cực kì ưng ý",positive,https://img.lazcdn.com/g/ff/kf/Sac7681de1b714d8a84d4db1c15f5965fk.jpg_720x720q80.jpg_.webp,39000.0,2100,578,4.7,ATC77 SHOP,https://www.lazada.vn/products/pdp-i2242302041.html,Normal
2242302041,Quần jean nam rách gối vá trắng chất vải bò co giãn cao cấp lên form cực trẻ trung năng động mẫu mới-AX77 STORE,"quần đẹp, giá tốt.",positive,https://img.lazcdn.com/g/ff/kf/Sac7681de1b714d8a84d4db1c15f5965fk.jpg_720x720q80.jpg_.webp,39000.0,2100,578,4.7,ATC77 SHOP,https://www.lazada.vn/products/pdp-i2242302041.html,Normal
2242302041,Quần jean nam rách gối vá trắng chất vải bò co giãn cao cấp lên form cực trẻ trung năng động mẫu mới-AX77 STORE,"miếng vá trắng hơi bị lỏng lẻo, mình sợ giặt vài lần là nó rớt ra ngoài",negative,https://img.lazcdn.com/g/ff/kf/Sac7681de1b714d8a84d4db1c15f5965fk.jpg_720x720q80.jpg_.webp,39000.0,2100,578,4.7,ATC77 SHOP,https://www.lazada.vn/products/pdp-i2242302041.html,Normal
2242302041,Quần jean nam rách gối vá trắng chất vải bò co giãn cao cấp lên form cực trẻ trung năng động mẫu mới-AX77 STORE,"size chật quá m ơi, mình bình thường mặc 30 mà nay mặc 30 ko vừa, sượng ghê",negative,https://img.lazcdn.com/g/ff/kf/Sac7681de1b714d8a84d4db1c15f5965fk.jpg_720x720q80.jpg_.webp,39000.0,2100,578,4.7,ATC77 SHOP,https://www.lazada.vn/products/pdp-i2242302041.html,Normal
3235961268,Summer Men's Fashionable Simple Straight Leg Jeans White Slim Fit Casual Long Pants Youth Popular mid Waist Zipper Closure,"quần trắng slim fit mặc bao thanh lịch luôn m ơi, vibe mùa hè rực rỡ 🤍✨",positive,https://img.lazcdn.com/g/ff/kf/S1695787938bc44aab0b569aefb0e718cX.jpg_720x720q80.jpg_.webp,188000.0,197,5,5.0,N/A,https://www.lazada.vn/products/pdp-i3235961268.html,Normal
3235961268,Summer Men's Fashionable Simple Straight Leg Jeans White Slim Fit Casual Long Pants Youth Popular mid Waist Zipper Closure,"mình thấy chất vải casual long pants này mặc mát, ko bị bí mồ hôi đâu",positive,https://img.lazcdn.com/g/ff/kf/S1695787938bc44aab0b569aefb0e718cX.jpg_720x720q80.jpg_.webp,188000.0,197,5,5.0,N/A,https://www.lazada.vn/products/pdp-i3235961268.html,Normal
3235961268,Summer Men's Fashionable Simple Straight Leg Jeans White Slim Fit Casual Long Pants Youth Popular mid Waist Zipper Closure,"straight leg hack dáng chân thẳng tắp, mình cực hài lòng với mẫu youth popular này",positive,https://img.lazcdn.com/g/ff/kf/S1695787938bc44aab0b569aefb0e718cX.jpg_720x720q80.jpg_.webp,188000.0,197,5,5.0,N/A,https://www.lazada.vn/products/pdp-i3235961268.html,Normal
3235961268,Summer Men's Fashionable Simple Straight Leg Jeans White Slim Fit Casual Long Pants Youth Popular mid Waist Zipper Closure,"ta thấy khóa kéo zipper closure rất xịn, trơn tru ko bị kẹt miếng nào",positive,https://img.lazcdn.com/g/ff/kf/S1695787938bc44aab0b569aefb0e718cX.jpg_720x720q80.jpg_.webp,188000.0,197,5,5.0,N/A,https://www.lazada.vn/products/pdp-i3235961268.html,Normal
3235961268,Summer Men's Fashionable Simple Straight Leg Jeans White Slim Fit Casual Long Pants Youth Popular mid Waist Zipper Closure,"trắng tinh khôi, mặc đi biển chụp ảnh là bao cháy máy luôn m ạ",positive,https://img.lazcdn.com/g/ff/kf/S1695787938bc44aab0b569aefb0e718cX.jpg_720x720q80.jpg_.webp,188000.0,197,5,5.0,N/A,https://www.lazada.vn/products/pdp-i3235961268.html,Normal
3235961268,Summer Men's Fashionable Simple Straight Leg Jeans White Slim Fit Casual Long Pants Youth Popular mid Waist Zipper Closure,"form chuẩn, vải mịn.",positive,https://img.lazcdn.com/g/ff/kf/S1695787938bc44aab0b569aefb0e718cX.jpg_720x720q80.jpg_.webp,188000.0,197,5,5.0,N/A,https://www.lazada.vn/products/pdp-i3235961268.html,Normal
3235961268,Summer Men's Fashionable Simple Straight Leg Jeans White Slim Fit Casual Long Pants Youth Popular mid Waist Zipper Closure,"mid waist mặc thoải mái ko bị cấn bụng, đúng chuẩn thời trang mùa hè",positive,https://img.lazcdn.com/g/ff/kf/S1695787938bc44aab0b569aefb0e718cX.jpg_720x720q80.jpg_.webp,188000.0,197,5,5.0,N/A,https://www.lazada.vn/products/pdp-i3235961268.html,Normal
3235961268,Summer Men's Fashionable Simple Straight Leg Jeans White Slim Fit Casual Long Pants Youth Popular mid Waist Zipper Closure,"đóng gói đẹp, giao hàng đúng hẹn, 5 sao cho shop",positive,https://img.lazcdn.com/g/ff/kf/S1695787938bc44aab0b569aefb0e718cX.jpg_720x720q80.jpg_.webp,188000.0,197,5,5.0,N/A,https://www.lazada.vn/products/pdp-i3235961268.html,Normal
3235961268,Summer Men's Fashionable Simple Straight Leg Jeans White Slim Fit Casual Long Pants Youth Popular mid Waist Zipper Closure,"vải hơi mỏng quá m ạ, mặc đồ lót đậm màu là bị lộ hết trơn, ngại sượng sùng",negative,https://img.lazcdn.com/g/ff/kf/S1695787938bc44aab0b569aefb0e718cX.jpg_720x720q80.jpg_.webp,188000.0,197,5,5.0,N/A,https://www.lazada.vn/products/pdp-i3235961268.html,Normal
3235961268,Summer Men's Fashionable Simple Straight Leg Jeans White Slim Fit Casual Long Pants Youth Popular mid Waist Zipper Closure,"size ống quần hơi ôm quá so với chân mình, mặc hơi khó chịu chút thoy",negative,https://img.lazcdn.com/g/ff/kf/S1695787938bc44aab0b569aefb0e718cX.jpg_720x720q80.jpg_.webp,188000.0,197,5,5.0,N/A,https://www.lazada.vn/products/pdp-i3235961268.html,Normal
3169696608,"(18-52kg) Men's Khaki Shorts, Fashionable Khaki Pants with Box Pockets for Boys, Model Eag Size 18-52kg, Boys' School Pants","quần kaki túi hộp cho bé mẫu eag đẹp xỉu, nhìn bảnh tỏn như người lớn thu nhỏ luôn 👶🎒",positive,https://img.lazcdn.com/g/p/1110e225587ed96a0c7842ca565df0d3.jpg_720x720q80.jpg_.webp,79000.0,6,1,3.0,Xưởng May Chi Chi 1,https://www.lazada.vn/products/pdp-i3169696608.html,Normal
3169696608,"(18-52kg) Men's Khaki Shorts, Fashionable Khaki Pants with Box Pockets for Boys, Model Eag Size 18-52kg, Boys' School Pants","mình thấy vải kaki dày dặn, con mình mặc đi học bao bền bao ngầu nha m",positive,https://img.lazcdn.com/g/p/1110e225587ed96a0c7842ca565df0d3.jpg_720x720q80.jpg_.webp,79000.0,6,1,3.0,Xưởng May Chi Chi 1,https://www.lazada.vn/products/pdp-i3169696608.html,Normal
3169696608,"(18-52kg) Men's Khaki Shorts, Fashionable Khaki Pants with Box Pockets for Boys, Model Eag Size 18-52kg, Boys' School Pants","túi hộp trendy vãi, mấy bé trai mặc lên nhìn năng động cực kì luôn",positive,https://img.lazcdn.com/g/p/1110e225587ed96a0c7842ca565df0d3.jpg_720x720q80.jpg_.webp,79000.0,6,1,3.0,Xưởng May Chi Chi 1,https://www.lazada.vn/products/pdp-i3169696608.html,Normal
3169696608,"(18-52kg) Men's Khaki Shorts, Fashionable Khaki Pants with Box Pockets for Boys, Model Eag Size 18-52kg, Boys' School Pants","ta thấy mẫu này chuẩn school pants, màu sắc nhã nhặn dễ phối đồ thoy",positive,https://img.lazcdn.com/g/p/1110e225587ed96a0c7842ca565df0d3.jpg_720x720q80.jpg_.webp,79000.0,6,1,3.0,Xưởng May Chi Chi 1,https://www.lazada.vn/products/pdp-i3169696608.html,Normal
3169696608,"(18-52kg) Men's Khaki Shorts, Fashionable Khaki Pants with Box Pockets for Boys, Model Eag Size 18-52kg, Boys' School Pants","size 18-52kg chuẩn nha, mình mua cho bé 25kg mặc vừa in luôn nè",positive,https://img.lazcdn.com/g/p/1110e225587ed96a0c7842ca565df0d3.jpg_720x720q80.jpg_.webp,79000.0,6,1,3.0,Xưởng May Chi Chi 1,https://www.lazada.vn/products/pdp-i3169696608.html,Normal
3169696608,"(18-52kg) Men's Khaki Shorts, Fashionable Khaki Pants with Box Pockets for Boys, Model Eag Size 18-52kg, Boys' School Pants","vải mịn ko kích ứng da bé, mình cực kì yên tâm",positive,https://img.lazcdn.com/g/p/1110e225587ed96a0c7842ca565df0d3.jpg_720x720q80.jpg_.webp,79000.0,6,1,3.0,Xưởng May Chi Chi 1,https://www.lazada.vn/products/pdp-i3169696608.html,Normal
3169696608,"(18-52kg) Men's Khaki Shorts, Fashionable Khaki Pants with Box Pockets for Boys, Model Eag Size 18-52kg, Boys' School Pants","quần xinh, giá rẻ.",positive,https://img.lazcdn.com/g/p/1110e225587ed96a0c7842ca565df0d3.jpg_720x720q80.jpg_.webp,79000.0,6,1,3.0,Xưởng May Chi Chi 1,https://www.lazada.vn/products/pdp-i3169696608.html,Normal
3169696608,"(18-52kg) Men's Khaki Shorts, Fashionable Khaki Pants with Box Pockets for Boys, Model Eag Size 18-52kg, Boys' School Pants","shop giao hàng nhanh, tư vấn nhiệt tình, 10 đỉm cho chất lượng",positive,https://img.lazcdn.com/g/p/1110e225587ed96a0c7842ca565df0d3.jpg_720x720q80.jpg_.webp,79000.0,6,1,3.0,Xưởng May Chi Chi 1,https://www.lazada.vn/products/pdp-i3169696608.html,Normal
3169696608,"(18-52kg) Men's Khaki Shorts, Fashionable Khaki Pants with Box Pockets for Boys, Model Eag Size 18-52kg, Boys' School Pants","cái cúc quần hơi khó đóng m ạ, con mình ko tự làm dc, sượng ghê",negative,https://img.lazcdn.com/g/p/1110e225587ed96a0c7842ca565df0d3.jpg_720x720q80.jpg_.webp,79000.0,6,1,3.0,Xưởng May Chi Chi 1,https://www.lazada.vn/products/pdp-i3169696608.html,Normal
3169696608,"(18-52kg) Men's Khaki Shorts, Fashionable Khaki Pants with Box Pockets for Boys, Model Eag Size 18-52kg, Boys' School Pants","màu ở ngoài hơi tối hơn trong hình một chút, mình ko ưng lắm thoy",negative,https://img.lazcdn.com/g/p/1110e225587ed96a0c7842ca565df0d3.jpg_720x720q80.jpg_.webp,79000.0,6,1,3.0,Xưởng May Chi Chi 1,https://www.lazada.vn/products/pdp-i3169696608.html,Normal
811444942,Quần jogger nam nữ thun da cá/nỉ bigsize thể thao,"jogger thun da cá mặc bao mát m ơi, bigsize cho người đô con như mình 🦈💪",positive,https://img.lazcdn.com/g/p/2f13ce0b4b11b1cb760884e71323e6e0.jpg_720x720q80.jpg_.webp,15000.0,406,89,4.7,GIÀY ĐÁ BÓNG ĐẸP,https://www.lazada.vn/products/pdp-i811444942.html,Normal
811444942,Quần jogger nam nữ thun da cá/nỉ bigsize thể thao,"mình thấy vải nỉ này co giãn tốt, mặc tập thể thao hay đi chơi đều okla",positive,https://img.lazcdn.com/g/p/2f13ce0b4b11b1cb760884e71323e6e0.jpg_720x720q80.jpg_.webp,15000.0,406,89,4.7,GIÀY ĐÁ BÓNG ĐẸP,https://www.lazada.vn/products/pdp-i811444942.html,Normal
811444942,Quần jogger nam nữ thun da cá/nỉ bigsize thể thao,"unisex nên t với người yêu mặc cặp luôn, bao keo lỳ nha shop ơi",positive,https://img.lazcdn.com/g/p/2f13ce0b4b11b1cb760884e71323e6e0.jpg_720x720q80.jpg_.webp,15000.0,406,89,4.7,GIÀY ĐÁ BÓNG ĐẸP,https://www.lazada.vn/products/pdp-i811444942.html,Normal
811444942,Quần jogger nam nữ thun da cá/nỉ bigsize thể thao,"ta thấy form jogger hack dáng chân thon gọn phết, mặc vào nhìn năng động thoy",positive,https://img.lazcdn.com/g/p/2f13ce0b4b11b1cb760884e71323e6e0.jpg_720x720q80.jpg_.webp,15000.0,406,89,4.7,GIÀY ĐÁ BÓNG ĐẸP,https://www.lazada.vn/products/pdp-i811444942.html,Normal
811444942,Quần jogger nam nữ thun da cá/nỉ bigsize thể thao,"vải dày dặn ko xù lông, mình giặt máy mấy lần rồi vẫn ngon lành",positive,https://img.lazcdn.com/g/p/2f13ce0b4b11b1cb760884e71323e6e0.jpg_720x720q80.jpg_.webp,15000.0,406,89,4.7,GIÀY ĐÁ BÓNG ĐẸP,https://www.lazada.vn/products/pdp-i811444942.html,Normal
811444942,Quần jogger nam nữ thun da cá/nỉ bigsize thể thao,"quần tốt, mát.",positive,https://img.lazcdn.com/g/p/2f13ce0b4b11b1cb760884e71323e6e0.jpg_720x720q80.jpg_.webp,15000.0,406,89,4.7,GIÀY ĐÁ BÓNG ĐẸP,https://www.lazada.vn/products/pdp-i811444942.html,Normal
811444942,Quần jogger nam nữ thun da cá/nỉ bigsize thể thao,"đúng chuẩn hàng bigsize mình tìm bấy lâu, mặc thoải mái cực kì luôn m ạ",positive,https://img.lazcdn.com/g/p/2f13ce0b4b11b1cb760884e71323e6e0.jpg_720x720q80.jpg_.webp,15000.0,406,89,4.7,GIÀY ĐÁ BÓNG ĐẸP,https://www.lazada.vn/products/pdp-i811444942.html,Normal
811444942,Quần jogger nam nữ thun da cá/nỉ bigsize thể thao,"giao hàng nhanh, đóng gói cẩn thận, 5 sao cho shop nhóe",positive,https://img.lazcdn.com/g/p/2f13ce0b4b11b1cb760884e71323e6e0.jpg_720x720q80.jpg_.webp,15000.0,406,89,4.7,GIÀY ĐÁ BÓNG ĐẸP,https://www.lazada.vn/products/pdp-i811444942.html,Normal
811444942,Quần jogger nam nữ thun da cá/nỉ bigsize thể thao,"ống quần hơi dài so với mình, phải tốn tiền đi lên lai lại, sượng ghê",negative,https://img.lazcdn.com/g/p/2f13ce0b4b11b1cb760884e71323e6e0.jpg_720x720q80.jpg_.webp,15000.0,406,89,4.7,GIÀY ĐÁ BÓNG ĐẸP,https://www.lazada.vn/products/pdp-i811444942.html,Normal
811444942,Quần jogger nam nữ thun da cá/nỉ bigsize thể thao,"dây rút quần hơi ngắn, mình thắt nút lại thấy hơi khó khăn chút thoy",negative,https://img.lazcdn.com/g/p/2f13ce0b4b11b1cb760884e71323e6e0.jpg_720x720q80.jpg_.webp,15000.0,406,89,4.7,GIÀY ĐÁ BÓNG ĐẸP,https://www.lazada.vn/products/pdp-i811444942.html,Normal
2294846254,Quần jean nam rách vải co giãn cao cấp phối hoạ tiết thêu chữ cá tính trẻ trung mẫu mới-ATC77SHOP,"quần thêu chữ đúng đỉnh luôn m ơi, mặc lên nhìn chiến vãi 🔥",positive,https://img.lazcdn.com/g/ff/kf/Sdeb9eb74cb2744809a476c1b3ed87550z.jpg_720x720q80.jpg_.webp,159000.0,122,34,4.3,ATC77 SHOP,https://www.lazada.vn/products/pdp-i2294846254.html,Normal
2294846254,Quần jean nam rách vải co giãn cao cấp phối hoạ tiết thêu chữ cá tính trẻ trung mẫu mới-ATC77SHOP,"chất jean co giãn tốt mặc sướng cái chân thoy, mình cực ưng nhé",positive,https://img.lazcdn.com/g/ff/kf/Sdeb9eb74cb2744809a476c1b3ed87550z.jpg_720x720q80.jpg_.webp,159000.0,122,34,4.3,ATC77 SHOP,https://www.lazada.vn/products/pdp-i2294846254.html,Normal
2294846254,Quần jean nam rách vải co giãn cao cấp phối hoạ tiết thêu chữ cá tính trẻ trung mẫu mới-ATC77SHOP,"form chuẩn, rách nhẹ nhàng nhìn cá tính ghê, slay quá 💅",positive,https://img.lazcdn.com/g/ff/kf/Sdeb9eb74cb2744809a476c1b3ed87550z.jpg_720x720q80.jpg_.webp,159000.0,122,34,4.3,ATC77 SHOP,https://www.lazada.vn/products/pdp-i2294846254.html,Normal
2294846254,Quần jean nam rách vải co giãn cao cấp phối hoạ tiết thêu chữ cá tính trẻ trung mẫu mới-ATC77SHOP,"ta thấy mẫu atc77shop này bảnh tỏn vãi, phối với sneaker bao cháy máy luôn á",positive,https://img.lazcdn.com/g/ff/kf/Sdeb9eb74cb2744809a476c1b3ed87550z.jpg_720x720q80.jpg_.webp,159000.0,122,34,4.3,ATC77 SHOP,https://www.lazada.vn/products/pdp-i2294846254.html,Normal
2294846254,Quần jean nam rách vải co giãn cao cấp phối hoạ tiết thêu chữ cá tính trẻ trung mẫu mới-ATC77SHOP,"mình mua lần đầu mà kết luôn, vải dày dặn xịn xò cực kì",positive,https://img.lazcdn.com/g/ff/kf/Sdeb9eb74cb2744809a476c1b3ed87550z.jpg_720x720q80.jpg_.webp,159000.0,122,34,4.3,ATC77 SHOP,https://www.lazada.vn/products/pdp-i2294846254.html,Normal
2294846254,Quần jean nam rách vải co giãn cao cấp phối hoạ tiết thêu chữ cá tính trẻ trung mẫu mới-ATC77SHOP,"đẹp nha quý dị, cho shop 10 đỉm vì sự keo lỳ này 💯",positive,https://img.lazcdn.com/g/ff/kf/Sdeb9eb74cb2744809a476c1b3ed87550z.jpg_720x720q80.jpg_.webp,159000.0,122,34,4.3,ATC77 SHOP,https://www.lazada.vn/products/pdp-i2294846254.html,Normal
2294846254,Quần jean nam rách vải co giãn cao cấp phối hoạ tiết thêu chữ cá tính trẻ trung mẫu mới-ATC77SHOP,"form dáng trẻ trung, hack chân dài miên man luôn á m, mê",positive,https://img.lazcdn.com/g/ff/kf/Sdeb9eb74cb2744809a476c1b3ed87550z.jpg_720x720q80.jpg_.webp,159000.0,122,34,4.3,ATC77 SHOP,https://www.lazada.vn/products/pdp-i2294846254.html,Normal
2294846254,Quần jean nam rách vải co giãn cao cấp phối hoạ tiết thêu chữ cá tính trẻ trung mẫu mới-ATC77SHOP,"vải sờ mướt tay, k phai màu, t hài lòng cực kì thoy",positive,https://img.lazcdn.com/g/ff/kf/Sdeb9eb74cb2744809a476c1b3ed87550z.jpg_720x720q80.jpg_.webp,159000.0,122,34,4.3,ATC77 SHOP,https://www.lazada.vn/products/pdp-i2294846254.html,Normal
2294846254,Quần jean nam rách vải co giãn cao cấp phối hoạ tiết thêu chữ cá tính trẻ trung mẫu mới-ATC77SHOP,"giao hàng chậm quá shop ơi, mình đợi mòn mỏi luôn, sượng ghê 😤",negative,https://img.lazcdn.com/g/ff/kf/Sdeb9eb74cb2744809a476c1b3ed87550z.jpg_720x720q80.jpg_.webp,159000.0,122,34,4.3,ATC77 SHOP,https://www.lazada.vn/products/pdp-i2294846254.html,Normal
2294846254,Quần jean nam rách vải co giãn cao cấp phối hoạ tiết thêu chữ cá tính trẻ trung mẫu mới-ATC77SHOP,"đường chỉ thêu hơi bị xơ, mình nhìn hơi sượng sùng xíu m ạ",negative,https://img.lazcdn.com/g/ff/kf/Sdeb9eb74cb2744809a476c1b3ed87550z.jpg_720x720q80.jpg_.webp,159000.0,122,34,4.3,ATC77 SHOP,https://www.lazada.vn/products/pdp-i2294846254.html,Normal
2334951924,"Quần bò jean nam dài { XEM VIDEO THẬT } đen rách kiểu vẩy sơn cá tính đẹp hot, chất jean co giãn tốt form slimfit giá rẻ KAYSTORE 26/9","xem video thật xong mới dám múc, nhận hàng y xì luôn m ạ, vẩy sơn nhìn nghệ vãi 🎨👖",positive,https://img.lazcdn.com/g/ff/kf/S33a38c2fc4334290b8e658412aa0cc0aj.jpg_720x720q80.jpg_.webp,195000.0,2200,664,4.9,Kay_store,https://www.lazada.vn/products/pdp-i2334951924.html,Normal
2334951924,"Quần bò jean nam dài { XEM VIDEO THẬT } đen rách kiểu vẩy sơn cá tính đẹp hot, chất jean co giãn tốt form slimfit giá rẻ KAYSTORE 26/9","slimfit mà co giãn tốt nên mặc ko bị bó khó chịu đâu, mình thấy rất ổn áp thoy",positive,https://img.lazcdn.com/g/ff/kf/S33a38c2fc4334290b8e658412aa0cc0aj.jpg_720x720q80.jpg_.webp,195000.0,2200,664,4.9,Kay_store,https://www.lazada.vn/products/pdp-i2334951924.html,Normal
2334951924,"Quần bò jean nam dài { XEM VIDEO THẬT } đen rách kiểu vẩy sơn cá tính đẹp hot, chất jean co giãn tốt form slimfit giá rẻ KAYSTORE 26/9","jean đen rách kiểu này phối đồ bao cháy, bảnh tỏn cực kì luôn m ơi",positive,https://img.lazcdn.com/g/ff/kf/S33a38c2fc4334290b8e658412aa0cc0aj.jpg_720x720q80.jpg_.webp,195000.0,2200,664,4.9,Kay_store,https://www.lazada.vn/products/pdp-i2334951924.html,Normal
2334951924,"Quần bò jean nam dài { XEM VIDEO THẬT } đen rách kiểu vẩy sơn cá tính đẹp hot, chất jean co giãn tốt form slimfit giá rẻ KAYSTORE 26/9",ta thấy rẻ mà chất lượng xịn như này là quá hời cho 1 cuộc tình luôn á 💯,positive,https://img.lazcdn.com/g/ff/kf/S33a38c2fc4334290b8e658412aa0cc0aj.jpg_720x720q80.jpg_.webp,195000.0,2200,664,4.9,Kay_store,https://www.lazada.vn/products/pdp-i2334951924.html,Normal
2334951924,"Quần bò jean nam dài { XEM VIDEO THẬT } đen rách kiểu vẩy sơn cá tính đẹp hot, chất jean co giãn tốt form slimfit giá rẻ KAYSTORE 26/9","mình mặc đi chơi ai cũng hỏi quần mua ở đâu, slay quá trời đất ơi 😍",positive,https://img.lazcdn.com/g/ff/kf/S33a38c2fc4334290b8e658412aa0cc0aj.jpg_720x720q80.jpg_.webp,195000.0,2200,664,4.9,Kay_store,https://www.lazada.vn/products/pdp-i2334951924.html,Normal
2334951924,"Quần bò jean nam dài { XEM VIDEO THẬT } đen rách kiểu vẩy sơn cá tính đẹp hot, chất jean co giãn tốt form slimfit giá rẻ KAYSTORE 26/9","vải mềm, form chuẩn, giặt ko ra màu đen đâu nha ae, yên tâm múc",positive,https://img.lazcdn.com/g/ff/kf/S33a38c2fc4334290b8e658412aa0cc0aj.jpg_720x720q80.jpg_.webp,195000.0,2200,664,4.9,Kay_store,https://www.lazada.vn/products/pdp-i2334951924.html,Normal
2334951924,"Quần bò jean nam dài { XEM VIDEO THẬT } đen rách kiểu vẩy sơn cá tính đẹp hot, chất jean co giãn tốt form slimfit giá rẻ KAYSTORE 26/9","shop đóng gói kỹ, giao lẹ như chớp, okla lắm luôn shop ơi",positive,https://img.lazcdn.com/g/ff/kf/S33a38c2fc4334290b8e658412aa0cc0aj.jpg_720x720q80.jpg_.webp,195000.0,2200,664,4.9,Kay_store,https://www.lazada.vn/products/pdp-i2334951924.html,Normal
2334951924,"Quần bò jean nam dài { XEM VIDEO THẬT } đen rách kiểu vẩy sơn cá tính đẹp hot, chất jean co giãn tốt form slimfit giá rẻ KAYSTORE 26/9","mặc lên nhìn năng động hẳn ra, đúng mẫu hot 26/9 luôn á, dính vãi",positive,https://img.lazcdn.com/g/ff/kf/S33a38c2fc4334290b8e658412aa0cc0aj.jpg_720x720q80.jpg_.webp,195000.0,2200,664,4.9,Kay_store,https://www.lazada.vn/products/pdp-i2334951924.html,Normal
2334951924,"Quần bò jean nam dài { XEM VIDEO THẬT } đen rách kiểu vẩy sơn cá tính đẹp hot, chất jean co giãn tốt form slimfit giá rẻ KAYSTORE 26/9","quần đẹp, chất jean tốt, mình rất thích thoy",positive,https://img.lazcdn.com/g/ff/kf/S33a38c2fc4334290b8e658412aa0cc0aj.jpg_720x720q80.jpg_.webp,195000.0,2200,664,4.9,Kay_store,https://www.lazada.vn/products/pdp-i2334951924.html,Normal
2334951924,"Quần bò jean nam dài { XEM VIDEO THẬT } đen rách kiểu vẩy sơn cá tính đẹp hot, chất jean co giãn tốt form slimfit giá rẻ KAYSTORE 26/9","vải hơi mỏng so với tưởng tượng của mình, cảm giác hơi sượng sùng nhẹ",negative,https://img.lazcdn.com/g/ff/kf/S33a38c2fc4334290b8e658412aa0cc0aj.jpg_720x720q80.jpg_.webp,195000.0,2200,664,4.9,Kay_store,https://www.lazada.vn/products/pdp-i2334951924.html,Normal
2212019785,Quần jean nam đen thiết kế khoá kéo rách gối chất bò thêu logo cao cấp co giãn mẫu mới nhất TANBEO_SHOP,"khoa keo rach goi ngau vãi m ơi, logo thêu nét căng nhìn sang xịn mịn nha 🤘✨",positive,https://img.lazcdn.com/g/ff/kf/S6c54c951e37d4c13b7878c07a6fc9a276.jpg_720x720q80.jpg_.webp,79000.0,88,28,3.7,TANBEO-SHOP,https://www.lazada.vn/products/pdp-i2212019785.html,Normal
2212019785,Quần jean nam đen thiết kế khoá kéo rách gối chất bò thêu logo cao cấp co giãn mẫu mới nhất TANBEO_SHOP,"vai dep, co gian tot, mac thich lam.",positive,https://img.lazcdn.com/g/ff/kf/S6c54c951e37d4c13b7878c07a6fc9a276.jpg_720x720q80.jpg_.webp,79000.0,88,28,3.7,TANBEO-SHOP,https://www.lazada.vn/products/pdp-i2212019785.html,Normal
2212019785,Quần jean nam đen thiết kế khoá kéo rách gối chất bò thêu logo cao cấp co giãn mẫu mới nhất TANBEO_SHOP,"minh thay mac di choi bao cháy, keo lỳ phết m ạ",positive,https://img.lazcdn.com/g/ff/kf/S6c54c951e37d4c13b7878c07a6fc9a276.jpg_720x720q80.jpg_.webp,79000.0,88,28,3.7,TANBEO-SHOP,https://www.lazada.vn/products/pdp-i2212019785.html,Normal
2212019785,Quần jean nam đen thiết kế khoá kéo rách gối chất bò thêu logo cao cấp co giãn mẫu mới nhất TANBEO_SHOP,"logo thieu dep, form chuan, t ung thoy nha",positive,https://img.lazcdn.com/g/ff/kf/S6c54c951e37d4c13b7878c07a6fc9a276.jpg_720x720q80.jpg_.webp,79000.0,88,28,3.7,TANBEO-SHOP,https://www.lazada.vn/products/pdp-i2212019785.html,Normal
2212019785,Quần jean nam đen thiết kế khoá kéo rách gối chất bò thêu logo cao cấp co giãn mẫu mới nhất TANBEO_SHOP,"jean den dep y hinh, hack dang cực kì luôn á trời 😭",positive,https://img.lazcdn.com/g/ff/kf/S6c54c951e37d4c13b7878c07a6fc9a276.jpg_720x720q80.jpg_.webp,79000.0,88,28,3.7,TANBEO-SHOP,https://www.lazada.vn/products/pdp-i2212019785.html,Normal
2212019785,Quần jean nam đen thiết kế khoá kéo rách gối chất bò thêu logo cao cấp co giãn mẫu mới nhất TANBEO_SHOP,"ta thay hang tanbeo shop uy tin vãi, 5 sao cho chất lượng",positive,https://img.lazcdn.com/g/ff/kf/S6c54c951e37d4c13b7878c07a6fc9a276.jpg_720x720q80.jpg_.webp,79000.0,88,28,3.7,TANBEO-SHOP,https://www.lazada.vn/products/pdp-i2212019785.html,Normal
2212019785,Quần jean nam đen thiết kế khoá kéo rách gối chất bò thêu logo cao cấp co giãn mẫu mới nhất TANBEO_SHOP,"mac thoai mai cực, phối đồ bao dính cho ae boy phố",positive,https://img.lazcdn.com/g/ff/kf/S6c54c951e37d4c13b7878c07a6fc9a276.jpg_720x720q80.jpg_.webp,79000.0,88,28,3.7,TANBEO-SHOP,https://www.lazada.vn/products/pdp-i2212019785.html,Normal
2212019785,Quần jean nam đen thiết kế khoá kéo rách gối chất bò thêu logo cao cấp co giãn mẫu mới nhất TANBEO_SHOP,"size hoi chat, m nên mua size lon hon nha, t mặc hơi kích",negative,https://img.lazcdn.com/g/ff/kf/S6c54c951e37d4c13b7878c07a6fc9a276.jpg_720x720q80.jpg_.webp,79000.0,88,28,3.7,TANBEO-SHOP,https://www.lazada.vn/products/pdp-i2212019785.html,Normal
2212019785,Quần jean nam đen thiết kế khoá kéo rách gối chất bò thêu logo cao cấp co giãn mẫu mới nhất TANBEO_SHOP,"giao lau vãi chưởng, t đợi mãi mới thấy mặt cái quần, sượng vãi",negative,https://img.lazcdn.com/g/ff/kf/S6c54c951e37d4c13b7878c07a6fc9a276.jpg_720x720q80.jpg_.webp,79000.0,88,28,3.7,TANBEO-SHOP,https://www.lazada.vn/products/pdp-i2212019785.html,Normal
2212019785,Quần jean nam đen thiết kế khoá kéo rách gối chất bò thêu logo cao cấp co giãn mẫu mới nhất TANBEO_SHOP,"khoá kéo hơi bị rít, mình kéo lên kéo xuống thấy sượng ghê luôn á 😤",negative,https://img.lazcdn.com/g/ff/kf/S6c54c951e37d4c13b7878c07a6fc9a276.jpg_720x720q80.jpg_.webp,79000.0,88,28,3.7,TANBEO-SHOP,https://www.lazada.vn/products/pdp-i2212019785.html,Normal
2493162755,"quần bò jean nam dài đen xanh rách gối kiểu đẹp mẫu mới hot,chất jean co giãn chuẩn form giá tốt 25/06","ôi mẹ ơi quần đẹp xỉu ngang luôn á m, rách gối nhìn chất vãi lúa 😭👖",positive,https://img.lazcdn.com/g/p/1fda81353b65b4f6f31cd0bb90093cb5.jpg_720x720q80.jpg_.webp,159000.0,337,93,4.9,Kay_store,https://www.lazada.vn/products/pdp-i2493162755.html,Normal
2493162755,"quần bò jean nam dài đen xanh rách gối kiểu đẹp mẫu mới hot,chất jean co giãn chuẩn form giá tốt 25/06","mình thấy form quần chuẩn không cần chỉnh luôn, mặc vào là auto đẹp trai thoy",positive,https://img.lazcdn.com/g/p/1fda81353b65b4f6f31cd0bb90093cb5.jpg_720x720q80.jpg_.webp,159000.0,337,93,4.9,Kay_store,https://www.lazada.vn/products/pdp-i2493162755.html,Normal
2493162755,"quần bò jean nam dài đen xanh rách gối kiểu đẹp mẫu mới hot,chất jean co giãn chuẩn form giá tốt 25/06","màu đen xanh nhìn lạ mà sang vãi, t cực kì hài lòng luôn á shop",positive,https://img.lazcdn.com/g/p/1fda81353b65b4f6f31cd0bb90093cb5.jpg_720x720q80.jpg_.webp,159000.0,337,93,4.9,Kay_store,https://www.lazada.vn/products/pdp-i2493162755.html,Normal
2493162755,"quần bò jean nam dài đen xanh rách gối kiểu đẹp mẫu mới hot,chất jean co giãn chuẩn form giá tốt 25/06","co giãn bao phê, ngồi xuống đứng lên ko bị cấn đùi, keo lỳ nha shop ơi 😍",positive,https://img.lazcdn.com/g/p/1fda81353b65b4f6f31cd0bb90093cb5.jpg_720x720q80.jpg_.webp,159000.0,337,93,4.9,Kay_store,https://www.lazada.vn/products/pdp-i2493162755.html,Normal
2493162755,"quần bò jean nam dài đen xanh rách gối kiểu đẹp mẫu mới hot,chất jean co giãn chuẩn form giá tốt 25/06",ta thấy giá tốt mà chất jean xịn thế này là quá tuyệt vời luôn m ạ,positive,https://img.lazcdn.com/g/p/1fda81353b65b4f6f31cd0bb90093cb5.jpg_720x720q80.jpg_.webp,159000.0,337,93,4.9,Kay_store,https://www.lazada.vn/products/pdp-i2493162755.html,Normal
2493162755,"quần bò jean nam dài đen xanh rách gối kiểu đẹp mẫu mới hot,chất jean co giãn chuẩn form giá tốt 25/06","đẹp xuất sắccccc, giao hàng nhanh như một cơn gió vậy á m ơi",positive,https://img.lazcdn.com/g/p/1fda81353b65b4f6f31cd0bb90093cb5.jpg_720x720q80.jpg_.webp,159000.0,337,93,4.9,Kay_store,https://www.lazada.vn/products/pdp-i2493162755.html,Normal
2493162755,"quần bò jean nam dài đen xanh rách gối kiểu đẹp mẫu mới hot,chất jean co giãn chuẩn form giá tốt 25/06","đóng gói đẹp như quà tặng, shop rất có tâm luôn á trời, 10 đỉm",positive,https://img.lazcdn.com/g/p/1fda81353b65b4f6f31cd0bb90093cb5.jpg_720x720q80.jpg_.webp,159000.0,337,93,4.9,Kay_store,https://www.lazada.vn/products/pdp-i2493162755.html,Normal
2493162755,"quần bò jean nam dài đen xanh rách gối kiểu đẹp mẫu mới hot,chất jean co giãn chuẩn form giá tốt 25/06","mặc lên nhìn chân dài miên man, hack dáng đỉnh của chóp luôn",positive,https://img.lazcdn.com/g/p/1fda81353b65b4f6f31cd0bb90093cb5.jpg_720x720q80.jpg_.webp,159000.0,337,93,4.9,Kay_store,https://www.lazada.vn/products/pdp-i2493162755.html,Normal
2493162755,"quần bò jean nam dài đen xanh rách gối kiểu đẹp mẫu mới hot,chất jean co giãn chuẩn form giá tốt 25/06","chỗ rách gối hơi bị to quá, mình cúi xuống là hở hết cả chân, sượng ghê 🙈",negative,https://img.lazcdn.com/g/p/1fda81353b65b4f6f31cd0bb90093cb5.jpg_720x720q80.jpg_.webp,159000.0,337,93,4.9,Kay_store,https://www.lazada.vn/products/pdp-i2493162755.html,Normal
2493162755,"quần bò jean nam dài đen xanh rách gối kiểu đẹp mẫu mới hot,chất jean co giãn chuẩn form giá tốt 25/06","mùi vải mới hắc quá m ơi, mình ngửi mà nhức cả đầu luôn á, sượng vãi",negative,https://img.lazcdn.com/g/p/1fda81353b65b4f6f31cd0bb90093cb5.jpg_720x720q80.jpg_.webp,159000.0,337,93,4.9,Kay_store,https://www.lazada.vn/products/pdp-i2493162755.html,Normal
2823588020,"quần jean nam DSQ khuyết tật xanh rách vẩy sơn đẹp cá tính nhiều mẫu mới hot,chất jean dày mềm co giãn chuẩn shop","dsq khuyết tật vẩy sơn nhìn bụi bặm vãi, đúng gu streetwear của t m ơi 🔥🎨",positive,https://img.lazcdn.com/g/ff/kf/S3b555f538eb44c6eb859518da1ffb216z.jpg_720x720q80.jpg_.webp,185000.0,247,74,4.8,Kay_store,https://www.lazada.vn/products/pdp-i2823588020.html,Normal
2823588020,"quần jean nam DSQ khuyết tật xanh rách vẩy sơn đẹp cá tính nhiều mẫu mới hot,chất jean dày mềm co giãn chuẩn shop","mình thấy chất jean dày mà mềm cực, mặc sướng cái chân vãi chưởng luôn á",positive,https://img.lazcdn.com/g/ff/kf/S3b555f538eb44c6eb859518da1ffb216z.jpg_720x720q80.jpg_.webp,185000.0,247,74,4.8,Kay_store,https://www.lazada.vn/products/pdp-i2823588020.html,Normal
2823588020,"quần jean nam DSQ khuyết tật xanh rách vẩy sơn đẹp cá tính nhiều mẫu mới hot,chất jean dày mềm co giãn chuẩn shop","form chuẩn shop, rách vẩy sơn nhìn nghệ thuật vãi lúa, keo lỳ nha",positive,https://img.lazcdn.com/g/ff/kf/S3b555f538eb44c6eb859518da1ffb216z.jpg_720x720q80.jpg_.webp,185000.0,247,74,4.8,Kay_store,https://www.lazada.vn/products/pdp-i2823588020.html,Normal
2823588020,"quần jean nam DSQ khuyết tật xanh rách vẩy sơn đẹp cá tính nhiều mẫu mới hot,chất jean dày mềm co giãn chuẩn shop",ta thấy mặc em này đi trà đá hay đi quẩy là bao cháy máy luôn á m,positive,https://img.lazcdn.com/g/ff/kf/S3b555f538eb44c6eb859518da1ffb216z.jpg_720x720q80.jpg_.webp,185000.0,247,74,4.8,Kay_store,https://www.lazada.vn/products/pdp-i2823588020.html,Normal
2823588020,"quần jean nam DSQ khuyết tật xanh rách vẩy sơn đẹp cá tính nhiều mẫu mới hot,chất jean dày mềm co giãn chuẩn shop","vải co giãn tốt, mặc thoải mái ko bị bí, t ưng thoy nha",positive,https://img.lazcdn.com/g/ff/kf/S3b555f538eb44c6eb859518da1ffb216z.jpg_720x720q80.jpg_.webp,185000.0,247,74,4.8,Kay_store,https://www.lazada.vn/products/pdp-i2823588020.html,Normal
2823588020,"quần jean nam DSQ khuyết tật xanh rách vẩy sơn đẹp cá tính nhiều mẫu mới hot,chất jean dày mềm co giãn chuẩn shop","hàng y hình, bảnh tỏn cực kì, m nên múc 1 cái về mà diện",positive,https://img.lazcdn.com/g/ff/kf/S3b555f538eb44c6eb859518da1ffb216z.jpg_720x720q80.jpg_.webp,185000.0,247,74,4.8,Kay_store,https://www.lazada.vn/products/pdp-i2823588020.html,Normal
2823588020,"quần jean nam DSQ khuyết tật xanh rách vẩy sơn đẹp cá tính nhiều mẫu mới hot,chất jean dày mềm co giãn chuẩn shop","đường may nét căng, ko thấy tí chỉ thừa nào luôn, xịn xò phết",positive,https://img.lazcdn.com/g/ff/kf/S3b555f538eb44c6eb859518da1ffb216z.jpg_720x720q80.jpg_.webp,185000.0,247,74,4.8,Kay_store,https://www.lazada.vn/products/pdp-i2823588020.html,Normal
2823588020,"quần jean nam DSQ khuyết tật xanh rách vẩy sơn đẹp cá tính nhiều mẫu mới hot,chất jean dày mềm co giãn chuẩn shop","màu xanh denim đẹp, phối với áo thun trắng là chuẩn bài boy phố",positive,https://img.lazcdn.com/g/ff/kf/S3b555f538eb44c6eb859518da1ffb216z.jpg_720x720q80.jpg_.webp,185000.0,247,74,4.8,Kay_store,https://www.lazada.vn/products/pdp-i2823588020.html,Normal
2823588020,"quần jean nam DSQ khuyết tật xanh rách vẩy sơn đẹp cá tính nhiều mẫu mới hot,chất jean dày mềm co giãn chuẩn shop","quần bảnh, giá ok, mình sẽ giới thiệu cho mấy đứa bạn",positive,https://img.lazcdn.com/g/ff/kf/S3b555f538eb44c6eb859518da1ffb216z.jpg_720x720q80.jpg_.webp,185000.0,247,74,4.8,Kay_store,https://www.lazada.vn/products/pdp-i2823588020.html,Normal
2823588020,"quần jean nam DSQ khuyết tật xanh rách vẩy sơn đẹp cá tính nhiều mẫu mới hot,chất jean dày mềm co giãn chuẩn shop","giao nhầm size cho mình rồi, t bực mình vãi sượng sùng ghê luôn shop 😡",negative,https://img.lazcdn.com/g/ff/kf/S3b555f538eb44c6eb859518da1ffb216z.jpg_720x720q80.jpg_.webp,185000.0,247,74,4.8,Kay_store,https://www.lazada.vn/products/pdp-i2823588020.html,Normal
2799616706,Men's Straight-Leg Jeans Men's Straight-Leg Denim Jeans Soft Cotton Thick Fabric Standard Form,"mình thấy quần straight-leg này form rất chuẩn, vải cotton mềm mại mặc thoải mái lắm ạ 🌿👖",positive,https://img.lazcdn.com/g/p/00f54be83a3fc375ea12c7dfb8358aaf.jpg_720x720q80.jpg_.webp,139000.0,740,218,4.9,gialocfashion,https://www.lazada.vn/products/pdp-i2799616706.html,Normal
2799616706,Men's Straight-Leg Jeans Men's Straight-Leg Denim Jeans Soft Cotton Thick Fabric Standard Form,"ta thấy chất denim dày dặn, đứng form, rất thích hợp mặc đi làm hàng ngày thoy",positive,https://img.lazcdn.com/g/p/00f54be83a3fc375ea12c7dfb8358aaf.jpg_720x720q80.jpg_.webp,139000.0,740,218,4.9,gialocfashion,https://www.lazada.vn/products/pdp-i2799616706.html,Normal
2799616706,Men's Straight-Leg Jeans Men's Straight-Leg Denim Jeans Soft Cotton Thick Fabric Standard Form,"quần đẹp y hình, đóng gói cẩn thận, mình đánh giá 5 sao cho shop nhóe",positive,https://img.lazcdn.com/g/p/00f54be83a3fc375ea12c7dfb8358aaf.jpg_720x720q80.jpg_.webp,139000.0,740,218,4.9,gialocfashion,https://www.lazada.vn/products/pdp-i2799616706.html,Normal
2799616706,Men's Straight-Leg Jeans Men's Straight-Leg Denim Jeans Soft Cotton Thick Fabric Standard Form,"vải cotton thấm hút mồ hôi tốt, mặc mùa hè ko bị nóng, rất hài lòng",positive,https://img.lazcdn.com/g/p/00f54be83a3fc375ea12c7dfb8358aaf.jpg_720x720q80.jpg_.webp,139000.0,740,218,4.9,gialocfashion,https://www.lazada.vn/products/pdp-i2799616706.html,Normal
2799616706,Men's Straight-Leg Jeans Men's Straight-Leg Denim Jeans Soft Cotton Thick Fabric Standard Form,"form thẳng hack dáng chân cực tốt, mình mặc vào nhìn cao ráo hẳn ra",positive,https://img.lazcdn.com/g/p/00f54be83a3fc375ea12c7dfb8358aaf.jpg_720x720q80.jpg_.webp,139000.0,740,218,4.9,gialocfashion,https://www.lazada.vn/products/pdp-i2799616706.html,Normal
2799616706,Men's Straight-Leg Jeans Men's Straight-Leg Denim Jeans Soft Cotton Thick Fabric Standard Form,"màu sắc nhã nhặn, dễ phối đồ, đúng chuẩn hàng cao cấp thoy m ạ",positive,https://img.lazcdn.com/g/p/00f54be83a3fc375ea12c7dfb8358aaf.jpg_720x720q80.jpg_.webp,139000.0,740,218,4.9,gialocfashion,https://www.lazada.vn/products/pdp-i2799616706.html,Normal
2799616706,Men's Straight-Leg Jeans Men's Straight-Leg Denim Jeans Soft Cotton Thick Fabric Standard Form,"giao hàng đúng hẹn, shipper nhiệt tình, mình sẽ quay lại ủng hộ tiếp",positive,https://img.lazcdn.com/g/p/00f54be83a3fc375ea12c7dfb8358aaf.jpg_720x720q80.jpg_.webp,139000.0,740,218,4.9,gialocfashion,https://www.lazada.vn/products/pdp-i2799616706.html,Normal
2799616706,Men's Straight-Leg Jeans Men's Straight-Leg Denim Jeans Soft Cotton Thick Fabric Standard Form,"chất jean xịn, giặt máy ko bị mất form, rất đáng đồng tiền bát gạo luôn",positive,https://img.lazcdn.com/g/p/00f54be83a3fc375ea12c7dfb8358aaf.jpg_720x720q80.jpg_.webp,139000.0,740,218,4.9,gialocfashion,https://www.lazada.vn/products/pdp-i2799616706.html,Normal
2799616706,Men's Straight-Leg Jeans Men's Straight-Leg Denim Jeans Soft Cotton Thick Fabric Standard Form,"quần tốt, chuẩn size, mặc vào thấy tự tin hẳn",positive,https://img.lazcdn.com/g/p/00f54be83a3fc375ea12c7dfb8358aaf.jpg_720x720q80.jpg_.webp,139000.0,740,218,4.9,gialocfashion,https://www.lazada.vn/products/pdp-i2799616706.html,Normal
2799616706,Men's Straight-Leg Jeans Men's Straight-Leg Denim Jeans Soft Cotton Thick Fabric Standard Form,"mình mua tặng chồng mà ổng khen suốt, cảm ơn shop nhiều nhé ✨",positive,https://img.lazcdn.com/g/p/00f54be83a3fc375ea12c7dfb8358aaf.jpg_720x720q80.jpg_.webp,139000.0,740,218,4.9,gialocfashion,https://www.lazada.vn/products/pdp-i2799616706.html,Normal
2219547877,Quần jean nam rách chất bò form skinny co giãn cao cấp phối chữ nổi AMIRI mẫu mới-ATC77 SHOP,"phối chữ nổi amiri nhìn chảnh vãi m ơi, đúng chất dân chơi boy phố luôn á ✨⚡",positive,https://img.lazcdn.com/g/ff/kf/S263497c878f344a08c51f4c0e08cef2eK.jpg_720x720q80.jpg_.webp,159000.0,65,19,4.7,ATC77 SHOP,https://www.lazada.vn/products/pdp-i2219547877.html,Normal
2219547877,Quần jean nam rách chất bò form skinny co giãn cao cấp phối chữ nổi AMIRI mẫu mới-ATC77 SHOP,"mình thấy form skinny ôm dáng chuẩn, rách gối nhìn bao keo luôn m",positive,https://img.lazcdn.com/g/ff/kf/S263497c878f344a08c51f4c0e08cef2eK.jpg_720x720q80.jpg_.webp,159000.0,65,19,4.7,ATC77 SHOP,https://www.lazada.vn/products/pdp-i2219547877.html,Normal
2219547877,Quần jean nam rách chất bò form skinny co giãn cao cấp phối chữ nổi AMIRI mẫu mới-ATC77 SHOP,"chất bò cao cấp co giãn mặc sướng cực, ko bị gò bó đâu m ạ",positive,https://img.lazcdn.com/g/ff/kf/S263497c878f344a08c51f4c0e08cef2eK.jpg_720x720q80.jpg_.webp,159000.0,65,19,4.7,ATC77 SHOP,https://www.lazada.vn/products/pdp-i2219547877.html,Normal
2219547877,Quần jean nam rách chất bò form skinny co giãn cao cấp phối chữ nổi AMIRI mẫu mới-ATC77 SHOP,"ta thấy mẫu atc77 shop này thiết kế quá đỉnh, phối đồ bao slay luôn",positive,https://img.lazcdn.com/g/ff/kf/S263497c878f344a08c51f4c0e08cef2eK.jpg_720x720q80.jpg_.webp,159000.0,65,19,4.7,ATC77 SHOP,https://www.lazada.vn/products/pdp-i2219547877.html,Normal
2219547877,Quần jean nam rách chất bò form skinny co giãn cao cấp phối chữ nổi AMIRI mẫu mới-ATC77 SHOP,"màu jean đẹp, chữ nổi thêu chắc chắn ko sợ bong tróc đâu nha ae",positive,https://img.lazcdn.com/g/ff/kf/S263497c878f344a08c51f4c0e08cef2eK.jpg_720x720q80.jpg_.webp,159000.0,65,19,4.7,ATC77 SHOP,https://www.lazada.vn/products/pdp-i2219547877.html,Normal
2219547877,Quần jean nam rách chất bò form skinny co giãn cao cấp phối chữ nổi AMIRI mẫu mới-ATC77 SHOP,"mặc lên nhìn bảnh tỏn hẳn ra, hack dáng cực kì luôn m ạ, mê vãi",positive,https://img.lazcdn.com/g/ff/kf/S263497c878f344a08c51f4c0e08cef2eK.jpg_720x720q80.jpg_.webp,159000.0,65,19,4.7,ATC77 SHOP,https://www.lazada.vn/products/pdp-i2219547877.html,Normal
2219547877,Quần jean nam rách chất bò form skinny co giãn cao cấp phối chữ nổi AMIRI mẫu mới-ATC77 SHOP,"đóng gói xịn xò, giao hàng lẹ, 10 đỉm cho chất lượng sản phẩm",positive,https://img.lazcdn.com/g/ff/kf/S263497c878f344a08c51f4c0e08cef2eK.jpg_720x720q80.jpg_.webp,159000.0,65,19,4.7,ATC77 SHOP,https://www.lazada.vn/products/pdp-i2219547877.html,Normal
2219547877,Quần jean nam rách chất bò form skinny co giãn cao cấp phối chữ nổi AMIRI mẫu mới-ATC77 SHOP,"quần bảnh, mặc đi date gái mê mệt luôn thoy lol 😍",positive,https://img.lazcdn.com/g/ff/kf/S263497c878f344a08c51f4c0e08cef2eK.jpg_720x720q80.jpg_.webp,159000.0,65,19,4.7,ATC77 SHOP,https://www.lazada.vn/products/pdp-i2219547877.html,Normal
2219547877,Quần jean nam rách chất bò form skinny co giãn cao cấp phối chữ nổi AMIRI mẫu mới-ATC77 SHOP,"chữ thêu bên trong hơi bị cộm, mình mặc thấy hơi ngứa da xíu, sượng ghê",negative,https://img.lazcdn.com/g/ff/kf/S263497c878f344a08c51f4c0e08cef2eK.jpg_720x720q80.jpg_.webp,159000.0,65,19,4.7,ATC77 SHOP,https://www.lazada.vn/products/pdp-i2219547877.html,Normal
2219547877,Quần jean nam rách chất bò form skinny co giãn cao cấp phối chữ nổi AMIRI mẫu mới-ATC77 SHOP,"ống quần hơi bó quá so với t, mặc vào nhìn chân như que tăm ý, buồn",negative,https://img.lazcdn.com/g/ff/kf/S263497c878f344a08c51f4c0e08cef2eK.jpg_720x720q80.jpg_.webp,159000.0,65,19,4.7,ATC77 SHOP,https://www.lazada.vn/products/pdp-i2219547877.html,Normal
2660523326,Men's Straight-Leg Jeans Men's Cotton Straight-Leg Jeans Thick Fabric Beautiful Standard Form No Fade High Quality Many Colors,"cotton straight-leg mặc bao mướt luôn m ơi, vải dày mà mềm sướng vãi ☁️👖",positive,https://img.lazcdn.com/g/p/1a73e3476fc04c192d451bd78d46e68b.jpg_720x720q80.jpg_.webp,149000.0,611,223,4.8,hunglongfashion,https://www.lazada.vn/products/pdp-i2660523326.html,Normal
2660523326,Men's Straight-Leg Jeans Men's Cotton Straight-Leg Jeans Thick Fabric Beautiful Standard Form No Fade High Quality Many Colors,"mình thấy màu sắc bền đẹp, giặt mấy lần rồi vẫn ko thấy phai xíu nào luôn",positive,https://img.lazcdn.com/g/p/1a73e3476fc04c192d451bd78d46e68b.jpg_720x720q80.jpg_.webp,149000.0,611,223,4.8,hunglongfashion,https://www.lazada.vn/products/pdp-i2660523326.html,Normal
2660523326,Men's Straight-Leg Jeans Men's Cotton Straight-Leg Jeans Thick Fabric Beautiful Standard Form No Fade High Quality Many Colors,"form chuẩn đẹp, mặc lên nhìn chân dài miên man luôn á, keo lỳ nha shop",positive,https://img.lazcdn.com/g/p/1a73e3476fc04c192d451bd78d46e68b.jpg_720x720q80.jpg_.webp,149000.0,611,223,4.8,hunglongfashion,https://www.lazada.vn/products/pdp-i2660523326.html,Normal
2660523326,Men's Straight-Leg Jeans Men's Cotton Straight-Leg Jeans Thick Fabric Beautiful Standard Form No Fade High Quality Many Colors,"ta thấy hàng cao cấp có khác, đường may sắc nét vãi chưởng luôn m ạ",positive,https://img.lazcdn.com/g/p/1a73e3476fc04c192d451bd78d46e68b.jpg_720x720q80.jpg_.webp,149000.0,611,223,4.8,hunglongfashion,https://www.lazada.vn/products/pdp-i2660523326.html,Normal
2660523326,Men's Straight-Leg Jeans Men's Cotton Straight-Leg Jeans Thick Fabric Beautiful Standard Form No Fade High Quality Many Colors,"nhiều màu lựa chọn, t mua 2 cái luôn vì mặc quá thích thoy á",positive,https://img.lazcdn.com/g/p/1a73e3476fc04c192d451bd78d46e68b.jpg_720x720q80.jpg_.webp,149000.0,611,223,4.8,hunglongfashion,https://www.lazada.vn/products/pdp-i2660523326.html,Normal
2660523326,Men's Straight-Leg Jeans Men's Cotton Straight-Leg Jeans Thick Fabric Beautiful Standard Form No Fade High Quality Many Colors,"vải đẹp đứng dáng, phối với sơ mi là bao lịch sự luôn m ạ, chuẩn",positive,https://img.lazcdn.com/g/p/1a73e3476fc04c192d451bd78d46e68b.jpg_720x720q80.jpg_.webp,149000.0,611,223,4.8,hunglongfashion,https://www.lazada.vn/products/pdp-i2660523326.html,Normal
2660523326,Men's Straight-Leg Jeans Men's Cotton Straight-Leg Jeans Thick Fabric Beautiful Standard Form No Fade High Quality Many Colors,"đáng tiền, shop uy tín 💯, mình sẽ ủng hộ dài",positive,https://img.lazcdn.com/g/p/1a73e3476fc04c192d451bd78d46e68b.jpg_720x720q80.jpg_.webp,149000.0,611,223,4.8,hunglongfashion,https://www.lazada.vn/products/pdp-i2660523326.html,Normal
2660523326,Men's Straight-Leg Jeans Men's Cotton Straight-Leg Jeans Thick Fabric Beautiful Standard Form No Fade High Quality Many Colors,"size hơi to so với mình, t phải dùng thắt lưng mới vừa, sượng nhẹ m ạ",negative,https://img.lazcdn.com/g/p/1a73e3476fc04c192d451bd78d46e68b.jpg_720x720q80.jpg_.webp,149000.0,611,223,4.8,hunglongfashion,https://www.lazada.vn/products/pdp-i2660523326.html,Normal
2660523326,Men's Straight-Leg Jeans Men's Cotton Straight-Leg Jeans Thick Fabric Beautiful Standard Form No Fade High Quality Many Colors,"giao hàng lâu vãi chưởng, t đợi hơn tuần mới có, bực thoy luôn á",negative,https://img.lazcdn.com/g/p/1a73e3476fc04c192d451bd78d46e68b.jpg_720x720q80.jpg_.webp,149000.0,611,223,4.8,hunglongfashion,https://www.lazada.vn/products/pdp-i2660523326.html,Normal
2660523326,Men's Straight-Leg Jeans Men's Cotton Straight-Leg Jeans Thick Fabric Beautiful Standard Form No Fade High Quality Many Colors,"túi quần hơi nông, mình để ví tiền thỉnh thoảng bị rơi ra, sượng sùng ghê",negative,https://img.lazcdn.com/g/p/1a73e3476fc04c192d451bd78d46e68b.jpg_720x720q80.jpg_.webp,149000.0,611,223,4.8,hunglongfashion,https://www.lazada.vn/products/pdp-i2660523326.html,Normal
3064377757,Quần jean nam khoá 4 cúc phối hoạ tiết rách gối siêu trẻ trung phong cách trưởng thành mẫu mới hottrend,"khoá 4 cúc nhìn độc lạ mà sang vãi m ơi, phong cách trưởng thành cực kì luôn 🎩👖",positive,https://img.lazcdn.com/g/p/0547746244a51a6bd9af256806be6bc0.jpg_720x720q80.jpg_.webp,79000.0,8,2,5.0,T.Hiền_STORE,https://www.lazada.vn/products/pdp-i3064377757.html,Normal
3064377757,Quần jean nam khoá 4 cúc phối hoạ tiết rách gối siêu trẻ trung phong cách trưởng thành mẫu mới hottrend,mình thấy rách gối nhẹ nhàng phối với kiểu 4 cúc này nhìn trẻ trung vãi chưởng,positive,https://img.lazcdn.com/g/p/0547746244a51a6bd9af256806be6bc0.jpg_720x720q80.jpg_.webp,79000.0,8,2,5.0,T.Hiền_STORE,https://www.lazada.vn/products/pdp-i3064377757.html,Normal
3064377757,Quần jean nam khoá 4 cúc phối hoạ tiết rách gối siêu trẻ trung phong cách trưởng thành mẫu mới hottrend,"hottrend năm nay là đây chứ đâu, mặc vào nhìn có gu hẳn ra m ạ, dính",positive,https://img.lazcdn.com/g/p/0547746244a51a6bd9af256806be6bc0.jpg_720x720q80.jpg_.webp,79000.0,8,2,5.0,T.Hiền_STORE,https://www.lazada.vn/products/pdp-i3064377757.html,Normal
3064377757,Quần jean nam khoá 4 cúc phối hoạ tiết rách gối siêu trẻ trung phong cách trưởng thành mẫu mới hottrend,"ta thấy chất jean xịn, đứng form, phối đồ bao cháy máy luôn thoy nha ae",positive,https://img.lazcdn.com/g/p/0547746244a51a6bd9af256806be6bc0.jpg_720x720q80.jpg_.webp,79000.0,8,2,5.0,T.Hiền_STORE,https://www.lazada.vn/products/pdp-i3064377757.html,Normal
3064377757,Quần jean nam khoá 4 cúc phối hoạ tiết rách gối siêu trẻ trung phong cách trưởng thành mẫu mới hottrend,"form chuẩn đẹp, mặc đi làm hay đi chơi đều bao dính nha ae, slay quá",positive,https://img.lazcdn.com/g/p/0547746244a51a6bd9af256806be6bc0.jpg_720x720q80.jpg_.webp,79000.0,8,2,5.0,T.Hiền_STORE,https://www.lazada.vn/products/pdp-i3064377757.html,Normal
3064377757,Quần jean nam khoá 4 cúc phối hoạ tiết rách gối siêu trẻ trung phong cách trưởng thành mẫu mới hottrend,"màu sắc nhã nhặn, thiết kế tinh tế, mình cực kì hài lòng với mẫu này",positive,https://img.lazcdn.com/g/p/0547746244a51a6bd9af256806be6bc0.jpg_720x720q80.jpg_.webp,79000.0,8,2,5.0,T.Hiền_STORE,https://www.lazada.vn/products/pdp-i3064377757.html,Normal
3064377757,Quần jean nam khoá 4 cúc phối hoạ tiết rách gối siêu trẻ trung phong cách trưởng thành mẫu mới hottrend,"đóng gói chuyên nghiệp, giao hàng nhanh, 5 sao cho shop nhóe shop ơi",positive,https://img.lazcdn.com/g/p/0547746244a51a6bd9af256806be6bc0.jpg_720x720q80.jpg_.webp,79000.0,8,2,5.0,T.Hiền_STORE,https://www.lazada.vn/products/pdp-i3064377757.html,Normal
3064377757,Quần jean nam khoá 4 cúc phối hoạ tiết rách gối siêu trẻ trung phong cách trưởng thành mẫu mới hottrend,"vải dày dặn bền màu, đúng là siêu phẩm hottrend luôn á m ơi",positive,https://img.lazcdn.com/g/p/0547746244a51a6bd9af256806be6bc0.jpg_720x720q80.jpg_.webp,79000.0,8,2,5.0,T.Hiền_STORE,https://www.lazada.vn/products/pdp-i3064377757.html,Normal
3064377757,Quần jean nam khoá 4 cúc phối hoạ tiết rách gối siêu trẻ trung phong cách trưởng thành mẫu mới hottrend,"đẹp, sang, múc thoy chứ đợi chờ gì nữa quý dị",positive,https://img.lazcdn.com/g/p/0547746244a51a6bd9af256806be6bc0.jpg_720x720q80.jpg_.webp,79000.0,8,2,5.0,T.Hiền_STORE,https://www.lazada.vn/products/pdp-i3064377757.html,Normal
3064377757,Quần jean nam khoá 4 cúc phối hoạ tiết rách gối siêu trẻ trung phong cách trưởng thành mẫu mới hottrend,"4 cái cúc đóng hơi lâu m ạ, mỗi lần đi vệ sinh là t muốn xỉu, sượng vãi",negative,https://img.lazcdn.com/g/p/0547746244a51a6bd9af256806be6bc0.jpg_720x720q80.jpg_.webp,79000.0,8,2,5.0,T.Hiền_STORE,https://www.lazada.vn/products/pdp-i3064377757.html,Normal
2859656515,Men's Jeans in Lucky 8-Star Embroidered Cotton with Wide Legs - Soft Cotton Jeans - Baggy Jeans - Stylish Korean Jeans Vip - Dubai Fashion,"lucky 8-star thêu tinh tế vãi m ơi, đúng chất dubai fashion vip luôn á 🌟🏯",positive,https://img.lazcdn.com/g/p/3d1420c1c48fbdc2d5cc0b5afdbdfa41.jpg_720x720q80.jpg_.webp,194000.0,179,44,4.4,Dubaishop,https://www.lazada.vn/products/pdp-i2859656515.html,Normal
2859656515,Men's Jeans in Lucky 8-Star Embroidered Cotton with Wide Legs - Soft Cotton Jeans - Baggy Jeans - Stylish Korean Jeans Vip - Dubai Fashion,"mình thấy chất baggy jean wide leg này mặc bao thoải mái, che khuyết điểm tốt cực",positive,https://img.lazcdn.com/g/p/3d1420c1c48fbdc2d5cc0b5afdbdfa41.jpg_720x720q80.jpg_.webp,194000.0,179,44,4.4,Dubaishop,https://www.lazada.vn/products/pdp-i2859656515.html,Normal
2859656515,Men's Jeans in Lucky 8-Star Embroidered Cotton with Wide Legs - Soft Cotton Jeans - Baggy Jeans - Stylish Korean Jeans Vip - Dubai Fashion,"soft cotton jean sờ mướt tay vãi, mặc mùa hè bao mát m ạ, keo lỳ nha",positive,https://img.lazcdn.com/g/p/3d1420c1c48fbdc2d5cc0b5afdbdfa41.jpg_720x720q80.jpg_.webp,194000.0,179,44,4.4,Dubaishop,https://www.lazada.vn/products/pdp-i2859656515.html,Normal
2859656515,Men's Jeans in Lucky 8-Star Embroidered Cotton with Wide Legs - Soft Cotton Jeans - Baggy Jeans - Stylish Korean Jeans Vip - Dubai Fashion,"ta thấy phong cách hàn quốc này bảnh tỏn vãi chưởng, phối đồ bao slay luôn á",positive,https://img.lazcdn.com/g/p/3d1420c1c48fbdc2d5cc0b5afdbdfa41.jpg_720x720q80.jpg_.webp,194000.0,179,44,4.4,Dubaishop,https://www.lazada.vn/products/pdp-i2859656515.html,Normal
2859656515,Men's Jeans in Lucky 8-Star Embroidered Cotton with Wide Legs - Soft Cotton Jeans - Baggy Jeans - Stylish Korean Jeans Vip - Dubai Fashion,"hàng vip có khác, đóng gói xịn xò như hộp quà luôn, t ưng thoy m ơi",positive,https://img.lazcdn.com/g/p/3d1420c1c48fbdc2d5cc0b5afdbdfa41.jpg_720x720q80.jpg_.webp,194000.0,179,44,4.4,Dubaishop,https://www.lazada.vn/products/pdp-i2859656515.html,Normal
2859656515,Men's Jeans in Lucky 8-Star Embroidered Cotton with Wide Legs - Soft Cotton Jeans - Baggy Jeans - Stylish Korean Jeans Vip - Dubai Fashion,"chữ thêu 8 sao may rất kĩ, ko thấy tí chỉ thừa nào luôn, đỉnh của chóp",positive,https://img.lazcdn.com/g/p/3d1420c1c48fbdc2d5cc0b5afdbdfa41.jpg_720x720q80.jpg_.webp,194000.0,179,44,4.4,Dubaishop,https://www.lazada.vn/products/pdp-i2859656515.html,Normal
2859656515,Men's Jeans in Lucky 8-Star Embroidered Cotton with Wide Legs - Soft Cotton Jeans - Baggy Jeans - Stylish Korean Jeans Vip - Dubai Fashion,"mặc lên nhìn sang trọng hẳn ra, hack dáng cực kì luôn m ạ, mê lunn",positive,https://img.lazcdn.com/g/p/3d1420c1c48fbdc2d5cc0b5afdbdfa41.jpg_720x720q80.jpg_.webp,194000.0,179,44,4.4,Dubaishop,https://www.lazada.vn/products/pdp-i2859656515.html,Normal
2859656515,Men's Jeans in Lucky 8-Star Embroidered Cotton with Wide Legs - Soft Cotton Jeans - Baggy Jeans - Stylish Korean Jeans Vip - Dubai Fashion,"quần đẹp, chất lượng miễn bàn 💯, xứng đáng tiền",positive,https://img.lazcdn.com/g/p/3d1420c1c48fbdc2d5cc0b5afdbdfa41.jpg_720x720q80.jpg_.webp,194000.0,179,44,4.4,Dubaishop,https://www.lazada.vn/products/pdp-i2859656515.html,Normal
2859656515,Men's Jeans in Lucky 8-Star Embroidered Cotton with Wide Legs - Soft Cotton Jeans - Baggy Jeans - Stylish Korean Jeans Vip - Dubai Fashion,"ống quần rộng quá m ạ, mình mặc vào nhìn như đang bơi trong vải, sượng ghê",negative,https://img.lazcdn.com/g/p/3d1420c1c48fbdc2d5cc0b5afdbdfa41.jpg_720x720q80.jpg_.webp,194000.0,179,44,4.4,Dubaishop,https://www.lazada.vn/products/pdp-i2859656515.html,Normal
2859656515,Men's Jeans in Lucky 8-Star Embroidered Cotton with Wide Legs - Soft Cotton Jeans - Baggy Jeans - Stylish Korean Jeans Vip - Dubai Fashion,"giá hơi chát so với mặt bằng chung, mình xót ví quá trời luôn thoy á 💸",negative,https://img.lazcdn.com/g/p/3d1420c1c48fbdc2d5cc0b5afdbdfa41.jpg_720x720q80.jpg_.webp,194000.0,179,44,4.4,Dubaishop,https://www.lazada.vn/products/pdp-i2859656515.html,Normal
3238117525,Asrv Men's Casual Pants Easy-To-Match Fashionable Straight-Leg Trousers with Pockets,"asrv mặc đi tập hay đi chơi đều bảnh, túi túi nhìn streetwear vãi m ơi, mình cực kì hài lòng với em này luôn 🏃‍♂️🔥",positive,https://img.lazcdn.com/g/p/098421bd49ed2b33c7a177889da07d35.png_720x720q80.png_.webp,71000.0,70,10,4.7,ASRV,https://www.lazada.vn/products/pdp-i3238117525.html,Normal
3238117525,Asrv Men's Casual Pants Easy-To-Match Fashionable Straight-Leg Trousers with Pockets,"mình thấy form straight-leg này cực dễ phối đồ, mặc với hoodie hay tee đều ổn áp, keo lỳ nha shop ơi",positive,https://img.lazcdn.com/g/p/098421bd49ed2b33c7a177889da07d35.png_720x720q80.png_.webp,71000.0,70,10,4.7,ASRV,https://www.lazada.vn/products/pdp-i3238117525.html,Normal
3238117525,Asrv Men's Casual Pants Easy-To-Match Fashionable Straight-Leg Trousers with Pockets,"vải dễ chịu, pockets tiện lợi đựng đồ thoải mái, ta thấy đây là lựa chọn số 1 cho mùa hè này thoy",positive,https://img.lazcdn.com/g/p/098421bd49ed2b33c7a177889da07d35.png_720x720q80.png_.webp,71000.0,70,10,4.7,ASRV,https://www.lazada.vn/products/pdp-i3238117525.html,Normal
3238117525,Asrv Men's Casual Pants Easy-To-Match Fashionable Straight-Leg Trousers with Pockets,"easy-to-match đúng như tên gọi, mình phối màu nào cũng dính, slay vãi chưởng 😍",positive,https://img.lazcdn.com/g/p/098421bd49ed2b33c7a177889da07d35.png_720x720q80.png_.webp,71000.0,70,10,4.7,ASRV,https://www.lazada.vn/products/pdp-i3238117525.html,Normal
3238117525,Asrv Men's Casual Pants Easy-To-Match Fashionable Straight-Leg Trousers with Pockets,"chất lượng asrv thì miễn bàn rồi, vải dày dặn mà ko bị nóng, t ưng cái bụng cực",positive,https://img.lazcdn.com/g/p/098421bd49ed2b33c7a177889da07d35.png_720x720q80.png_.webp,71000.0,70,10,4.7,ASRV,https://www.lazada.vn/products/pdp-i3238117525.html,Normal
3238117525,Asrv Men's Casual Pants Easy-To-Match Fashionable Straight-Leg Trousers with Pockets,"form quần chuẩn, mặc vào nhìn năng động hẳn ra, đúng style fashion mình thích",positive,https://img.lazcdn.com/g/p/098421bd49ed2b33c7a177889da07d35.png_720x720q80.png_.webp,71000.0,70,10,4.7,ASRV,https://www.lazada.vn/products/pdp-i3238117525.html,Normal
3238117525,Asrv Men's Casual Pants Easy-To-Match Fashionable Straight-Leg Trousers with Pockets,"đóng gói xịn xò, giao hàng lẹ, 10 đỉm cho sự chuyên nghiệp của shop",positive,https://img.lazcdn.com/g/p/098421bd49ed2b33c7a177889da07d35.png_720x720q80.png_.webp,71000.0,70,10,4.7,ASRV,https://www.lazada.vn/products/pdp-i3238117525.html,Normal
3238117525,Asrv Men's Casual Pants Easy-To-Match Fashionable Straight-Leg Trousers with Pockets,"mình mặc đi chạy bộ thấy khá thoáng, ko bị bí mồ hôi đâu m",positive,https://img.lazcdn.com/g/p/098421bd49ed2b33c7a177889da07d35.png_720x720q80.png_.webp,71000.0,70,10,4.7,ASRV,https://www.lazada.vn/products/pdp-i3238117525.html,Normal
3238117525,Asrv Men's Casual Pants Easy-To-Match Fashionable Straight-Leg Trousers with Pockets,"ống quần hơi dài so với t, mình phải đi cắt bớt gấu nhìn mới gọn được, sượng ghê 😤",negative,https://img.lazcdn.com/g/p/098421bd49ed2b33c7a177889da07d35.png_720x720q80.png_.webp,71000.0,70,10,4.7,ASRV,https://www.lazada.vn/products/pdp-i3238117525.html,Normal
3238117525,Asrv Men's Casual Pants Easy-To-Match Fashionable Straight-Leg Trousers with Pockets,"màu ở ngoài hơi xỉn hơn trong ảnh xíu, mình nhìn ko ưng mắt lắm thoy",negative,https://img.lazcdn.com/g/p/098421bd49ed2b33c7a177889da07d35.png_720x720q80.png_.webp,71000.0,70,10,4.7,ASRV,https://www.lazada.vn/products/pdp-i3238117525.html,Normal
2452464440,Quần jean nam mẫu mới ống xuông cao cấp vải bò dày dặn sang trọng chuẩn form thời trang 3839,"vải bò dày dặn sờ sướng tay vãi m ơi, form ống xuông nhìn sang trọng lịch lãm cực kì luôn 👖✨",positive,https://img.lazcdn.com/g/p/1df7e7be7a54a98c970cd0aace42e2e2.jpg_720x720q80.jpg_.webp,189000.0,335,80,4.6,NGUYÊN-LUXURY STORE,https://www.lazada.vn/products/pdp-i2452464440.html,Normal
2452464440,Quần jean nam mẫu mới ống xuông cao cấp vải bò dày dặn sang trọng chuẩn form thời trang 3839,"mình thấy mẫu mới này thiết kế rất có gu, mặc đi tiệc hay đi date là bao cháy máy thoy",positive,https://img.lazcdn.com/g/p/1df7e7be7a54a98c970cd0aace42e2e2.jpg_720x720q80.jpg_.webp,189000.0,335,80,4.6,NGUYÊN-LUXURY STORE,https://www.lazada.vn/products/pdp-i2452464440.html,Normal
2452464440,Quần jean nam mẫu mới ống xuông cao cấp vải bò dày dặn sang trọng chuẩn form thời trang 3839,"chất jean xịn, đứng form, ta thấy xứng đáng từng đồng bỏ ra luôn á m",positive,https://img.lazcdn.com/g/p/1df7e7be7a54a98c970cd0aace42e2e2.jpg_720x720q80.jpg_.webp,189000.0,335,80,4.6,NGUYÊN-LUXURY STORE,https://www.lazada.vn/products/pdp-i2452464440.html,Normal
2452464440,Quần jean nam mẫu mới ống xuông cao cấp vải bò dày dặn sang trọng chuẩn form thời trang 3839,"form chuẩn thời trang 3839, mặc vào nhìn chững chạc bảnh trai hẳn ra, keo lỳ nha",positive,https://img.lazcdn.com/g/p/1df7e7be7a54a98c970cd0aace42e2e2.jpg_720x720q80.jpg_.webp,189000.0,335,80,4.6,NGUYÊN-LUXURY STORE,https://www.lazada.vn/products/pdp-i2452464440.html,Normal
2452464440,Quần jean nam mẫu mới ống xuông cao cấp vải bò dày dặn sang trọng chuẩn form thời trang 3839,"màu sắc đẹp, giặt k bị phai, mình cực kì hài lòng với chất lượng denim này",positive,https://img.lazcdn.com/g/p/1df7e7be7a54a98c970cd0aace42e2e2.jpg_720x720q80.jpg_.webp,189000.0,335,80,4.6,NGUYÊN-LUXURY STORE,https://www.lazada.vn/products/pdp-i2452464440.html,Normal
2452464440,Quần jean nam mẫu mới ống xuông cao cấp vải bò dày dặn sang trọng chuẩn form thời trang 3839,"quần xịn, giá rẻ.",positive,https://img.lazcdn.com/g/p/1df7e7be7a54a98c970cd0aace42e2e2.jpg_720x720q80.jpg_.webp,189000.0,335,80,4.6,NGUYÊN-LUXURY STORE,https://www.lazada.vn/products/pdp-i2452464440.html,Normal
2452464440,Quần jean nam mẫu mới ống xuông cao cấp vải bò dày dặn sang trọng chuẩn form thời trang 3839,"mặc lên tôn dáng phết, t thích cái vibe sang chảnh này vãi",positive,https://img.lazcdn.com/g/p/1df7e7be7a54a98c970cd0aace42e2e2.jpg_720x720q80.jpg_.webp,189000.0,335,80,4.6,NGUYÊN-LUXURY STORE,https://www.lazada.vn/products/pdp-i2452464440.html,Normal
2452464440,Quần jean nam mẫu mới ống xuông cao cấp vải bò dày dặn sang trọng chuẩn form thời trang 3839,"khóa kéo trơn tru, túi sâu đựng ví tiền bao an toàn, okla lắm",positive,https://img.lazcdn.com/g/p/1df7e7be7a54a98c970cd0aace42e2e2.jpg_720x720q80.jpg_.webp,189000.0,335,80,4.6,NGUYÊN-LUXURY STORE,https://www.lazada.vn/products/pdp-i2452464440.html,Normal
2452464440,Quần jean nam mẫu mới ống xuông cao cấp vải bò dày dặn sang trọng chuẩn form thời trang 3839,"eo hơi rộng quá m ạ, mình phải dùng thêm thắt lưng nhìn hơi bị sượng sùng xíu",negative,https://img.lazcdn.com/g/p/1df7e7be7a54a98c970cd0aace42e2e2.jpg_720x720q80.jpg_.webp,189000.0,335,80,4.6,NGUYÊN-LUXURY STORE,https://www.lazada.vn/products/pdp-i2452464440.html,Normal
2452464440,Quần jean nam mẫu mới ống xuông cao cấp vải bò dày dặn sang trọng chuẩn form thời trang 3839,"giao hàng lâu kinh khủng, t đợi gần 2 tuần mới nhận được, bực vãi",negative,https://img.lazcdn.com/g/p/1df7e7be7a54a98c970cd0aace42e2e2.jpg_720x720q80.jpg_.webp,189000.0,335,80,4.6,NGUYÊN-LUXURY STORE,https://www.lazada.vn/products/pdp-i2452464440.html,Normal
2234354786,Quần dài thể thao nam chất kaki dày dặn mặc đi làm đi chơi ba màu đen xám than HD76,"kaki dày dặn mặc đi làm bao lịch sự luôn m ơi, mình mua màu xám than nhìn nhã nhặn cực 💼",positive,https://img.lazcdn.com/g/ff/kf/S37bd6819331f47f99918d4d8b1c5206bc.jpg_720x720q80.jpg_.webp,83000.0,1100,230,4.9,Hidas.vn,https://www.lazada.vn/products/pdp-i2234354786.html,Normal
2234354786,Quần dài thể thao nam chất kaki dày dặn mặc đi làm đi chơi ba màu đen xám than HD76,"ta thấy quần này đa năng vãi, vừa mặc đi làm được vừa mặc đi chơi thể thao được luôn á, dính",positive,https://img.lazcdn.com/g/ff/kf/S37bd6819331f47f99918d4d8b1c5206bc.jpg_720x720q80.jpg_.webp,83000.0,1100,230,4.9,Hidas.vn,https://www.lazada.vn/products/pdp-i2234354786.html,Normal
2234354786,Quần dài thể thao nam chất kaki dày dặn mặc đi làm đi chơi ba màu đen xám than HD76,"màu đen basic phối gì cũng đẹp, vải kaki ko xù lông, mình ưng thoy nha",positive,https://img.lazcdn.com/g/ff/kf/S37bd6819331f47f99918d4d8b1c5206bc.jpg_720x720q80.jpg_.webp,83000.0,1100,230,4.9,Hidas.vn,https://www.lazada.vn/products/pdp-i2234354786.html,Normal
2234354786,Quần dài thể thao nam chất kaki dày dặn mặc đi làm đi chơi ba màu đen xám than HD76,"chất lượng hd76 uy tín thật sự, đường may chắc chắn vãi chưởng luôn m ạ",positive,https://img.lazcdn.com/g/ff/kf/S37bd6819331f47f99918d4d8b1c5206bc.jpg_720x720q80.jpg_.webp,83000.0,1100,230,4.9,Hidas.vn,https://www.lazada.vn/products/pdp-i2234354786.html,Normal
2234354786,Quần dài thể thao nam chất kaki dày dặn mặc đi làm đi chơi ba màu đen xám than HD76,"mình thấy form quần đứng dáng, mặc vào nhìn chân dài miên man luôn, slay nha",positive,https://img.lazcdn.com/g/ff/kf/S37bd6819331f47f99918d4d8b1c5206bc.jpg_720x720q80.jpg_.webp,83000.0,1100,230,4.9,Hidas.vn,https://www.lazada.vn/products/pdp-i2234354786.html,Normal
2234354786,Quần dài thể thao nam chất kaki dày dặn mặc đi làm đi chơi ba màu đen xám than HD76,"quần tốt, mát phết.",positive,https://img.lazcdn.com/g/ff/kf/S37bd6819331f47f99918d4d8b1c5206bc.jpg_720x720q80.jpg_.webp,83000.0,1100,230,4.9,Hidas.vn,https://www.lazada.vn/products/pdp-i2234354786.html,Normal
2234354786,Quần dài thể thao nam chất kaki dày dặn mặc đi làm đi chơi ba màu đen xám than HD76,"đúng chuẩn mẫu mình tìm, mặc thoải mái ko bị gò bó tí nào luôn 💯",positive,https://img.lazcdn.com/g/ff/kf/S37bd6819331f47f99918d4d8b1c5206bc.jpg_720x720q80.jpg_.webp,83000.0,1100,230,4.9,Hidas.vn,https://www.lazada.vn/products/pdp-i2234354786.html,Normal
2234354786,Quần dài thể thao nam chất kaki dày dặn mặc đi làm đi chơi ba màu đen xám than HD76,"giá rẻ mà chất lượng kaki này là quá ổn rồi, t sẽ mua thêm màu xám",positive,https://img.lazcdn.com/g/ff/kf/S37bd6819331f47f99918d4d8b1c5206bc.jpg_720x720q80.jpg_.webp,83000.0,1100,230,4.9,Hidas.vn,https://www.lazada.vn/products/pdp-i2234354786.html,Normal
2234354786,Quần dài thể thao nam chất kaki dày dặn mặc đi làm đi chơi ba màu đen xám than HD76,"giao hàng đúng mẫu đúng size, shop nhiệt tình tư vấn, mình cho 5 sao",positive,https://img.lazcdn.com/g/ff/kf/S37bd6819331f47f99918d4d8b1c5206bc.jpg_720x720q80.jpg_.webp,83000.0,1100,230,4.9,Hidas.vn,https://www.lazada.vn/products/pdp-i2234354786.html,Normal
2234354786,Quần dài thể thao nam chất kaki dày dặn mặc đi làm đi chơi ba màu đen xám than HD76,"vải hơi dễ nhăn m ạ, mình giặt xong phải ngồi ủi mất thời gian ghê, sượng thật",negative,https://img.lazcdn.com/g/ff/kf/S37bd6819331f47f99918d4d8b1c5206bc.jpg_720x720q80.jpg_.webp,83000.0,1100,230,4.9,Hidas.vn,https://www.lazada.vn/products/pdp-i2234354786.html,Normal
2679443242,"Thai Khang Men's Cotton Sleep Shorts, Cool, Soft and Comfortable Cotton Home Pants Qdui10","sleep shorts mặc ở nhà bao mát m ơi, vải cotton mềm mại như da em bé luôn á ☁️💤",positive,https://img.lazcdn.com/g/ff/kf/S2538751ff2054e5f8bd4980a8b2ddbddk.jpg_720x720q80.jpg_.webp,59000.0,130,53,4.8,THAIKHANG.CO,https://www.lazada.vn/products/pdp-i2679443242.html,Normal
2679443242,"Thai Khang Men's Cotton Sleep Shorts, Cool, Soft and Comfortable Cotton Home Pants Qdui10","mình thấy thai khang làm đồ mặc nhà đỉnh thật sự, mát mẻ thoáng khí cực kì luôn m",positive,https://img.lazcdn.com/g/ff/kf/S2538751ff2054e5f8bd4980a8b2ddbddk.jpg_720x720q80.jpg_.webp,59000.0,130,53,4.8,THAIKHANG.CO,https://www.lazada.vn/products/pdp-i2679443242.html,Normal
2679443242,"Thai Khang Men's Cotton Sleep Shorts, Cool, Soft and Comfortable Cotton Home Pants Qdui10","rẻ mà chất lượng xịn xò, t mua 3 cái mặc thay đổi cả tuần luôn thoy, keo lỳ nha",positive,https://img.lazcdn.com/g/ff/kf/S2538751ff2054e5f8bd4980a8b2ddbddk.jpg_720x720q80.jpg_.webp,59000.0,130,53,4.8,THAIKHANG.CO,https://www.lazada.vn/products/pdp-i2679443242.html,Normal
2679443242,"Thai Khang Men's Cotton Sleep Shorts, Cool, Soft and Comfortable Cotton Home Pants Qdui10","ta thấy vải cotton này thấm hút mồ hôi tốt, ngủ một mạch tới sáng ko bị nóng bí",positive,https://img.lazcdn.com/g/ff/kf/S2538751ff2054e5f8bd4980a8b2ddbddk.jpg_720x720q80.jpg_.webp,59000.0,130,53,4.8,THAIKHANG.CO,https://www.lazada.vn/products/pdp-i2679443242.html,Normal
2679443242,"Thai Khang Men's Cotton Sleep Shorts, Cool, Soft and Comfortable Cotton Home Pants Qdui10","đóng gói cẩn thận, giao hàng nhanh, mình cực hài lòng",positive,https://img.lazcdn.com/g/ff/kf/S2538751ff2054e5f8bd4980a8b2ddbddk.jpg_720x720q80.jpg_.webp,59000.0,130,53,4.8,THAIKHANG.CO,https://www.lazada.vn/products/pdp-i2679443242.html,Normal
2679443242,"Thai Khang Men's Cotton Sleep Shorts, Cool, Soft and Comfortable Cotton Home Pants Qdui10",quần mặc sướng.,positive,https://img.lazcdn.com/g/ff/kf/S2538751ff2054e5f8bd4980a8b2ddbddk.jpg_720x720q80.jpg_.webp,59000.0,130,53,4.8,THAIKHANG.CO,https://www.lazada.vn/products/pdp-i2679443242.html,Normal
2679443242,"Thai Khang Men's Cotton Sleep Shorts, Cool, Soft and Comfortable Cotton Home Pants Qdui10","mềm mại, thoải mái cực.",positive,https://img.lazcdn.com/g/ff/kf/S2538751ff2054e5f8bd4980a8b2ddbddk.jpg_720x720q80.jpg_.webp,59000.0,130,53,4.8,THAIKHANG.CO,https://www.lazada.vn/products/pdp-i2679443242.html,Normal
2679443242,"Thai Khang Men's Cotton Sleep Shorts, Cool, Soft and Comfortable Cotton Home Pants Qdui10","màu sắc nhã nhặn, form rộng rãi, mình mặc vào thấy chill vãi luôn m ạ",positive,https://img.lazcdn.com/g/ff/kf/S2538751ff2054e5f8bd4980a8b2ddbddk.jpg_720x720q80.jpg_.webp,59000.0,130,53,4.8,THAIKHANG.CO,https://www.lazada.vn/products/pdp-i2679443242.html,Normal
2679443242,"Thai Khang Men's Cotton Sleep Shorts, Cool, Soft and Comfortable Cotton Home Pants Qdui10","đúng chuẩn home pants mình cần, nhẹ tênh mặc như ko mặc luôn á",positive,https://img.lazcdn.com/g/ff/kf/S2538751ff2054e5f8bd4980a8b2ddbddk.jpg_720x720q80.jpg_.webp,59000.0,130,53,4.8,THAIKHANG.CO,https://www.lazada.vn/products/pdp-i2679443242.html,Normal
2679443242,"Thai Khang Men's Cotton Sleep Shorts, Cool, Soft and Comfortable Cotton Home Pants Qdui10","ống quần hơi ngắn quá m ạ, mình ngồi xuống là bị hớ hênh chút xíu, hơi sượng 🙈",negative,https://img.lazcdn.com/g/ff/kf/S2538751ff2054e5f8bd4980a8b2ddbddk.jpg_720x720q80.jpg_.webp,59000.0,130,53,4.8,THAIKHANG.CO,https://www.lazada.vn/products/pdp-i2679443242.html,Normal
274164263,"QUẦN JEAN NAM CHẤT BÒ ĐEN NHÁM SƯỚC TÚM GỐI PHONG CÁCH NEW 2023 CHẤT LƯỢNG CAO, CO GIÃN NHẸ TK-351 - TOKYO FASHION","bò đen nhám sước nhìn bụi bặm vãi m ơi, đúng chất new 2023 luôn á 🤘🔥",positive,https://img.lazcdn.com/g/p/116b996870240115d2370b599c0137c8.jpg_720x720q80.jpg_.webp,170000.0,7400,1403,4.3,tokyo.shop,https://www.lazada.vn/products/pdp-i274164263.html,Normal
274164263,"QUẦN JEAN NAM CHẤT BÒ ĐEN NHÁM SƯỚC TÚM GỐI PHONG CÁCH NEW 2023 CHẤT LƯỢNG CAO, CO GIÃN NHẸ TK-351 - TOKYO FASHION","mình thấy cái kiểu túm gối này cá tính vãi chưởng, mặc lên nhìn bao bảnh bao slay luôn",positive,https://img.lazcdn.com/g/p/116b996870240115d2370b599c0137c8.jpg_720x720q80.jpg_.webp,170000.0,7400,1403,4.3,tokyo.shop,https://www.lazada.vn/products/pdp-i274164263.html,Normal
274164263,"QUẦN JEAN NAM CHẤT BÒ ĐEN NHÁM SƯỚC TÚM GỐI PHONG CÁCH NEW 2023 CHẤT LƯỢNG CAO, CO GIÃN NHẸ TK-351 - TOKYO FASHION","tokyo fashion chưa bao giờ làm mình thất vọng, chất bò cao cấp co giãn nhẹ mặc sướng",positive,https://img.lazcdn.com/g/p/116b996870240115d2370b599c0137c8.jpg_720x720q80.jpg_.webp,170000.0,7400,1403,4.3,tokyo.shop,https://www.lazada.vn/products/pdp-i274164263.html,Normal
274164263,"QUẦN JEAN NAM CHẤT BÒ ĐEN NHÁM SƯỚC TÚM GỐI PHONG CÁCH NEW 2023 CHẤT LƯỢNG CAO, CO GIÃN NHẸ TK-351 - TOKYO FASHION","ta thấy form quần chuẩn đét, hack chân dài miên man luôn á m ơi, dính vãi",positive,https://img.lazcdn.com/g/p/116b996870240115d2370b599c0137c8.jpg_720x720q80.jpg_.webp,170000.0,7400,1403,4.3,tokyo.shop,https://www.lazada.vn/products/pdp-i274164263.html,Normal
274164263,"QUẦN JEAN NAM CHẤT BÒ ĐEN NHÁM SƯỚC TÚM GỐI PHONG CÁCH NEW 2023 CHẤT LƯỢNG CAO, CO GIÃN NHẸ TK-351 - TOKYO FASHION","màu đen nhám sang xịn mịn, phối với sơ mi đen là đúng bài boy phố luôn",positive,https://img.lazcdn.com/g/p/116b996870240115d2370b599c0137c8.jpg_720x720q80.jpg_.webp,170000.0,7400,1403,4.3,tokyo.shop,https://www.lazada.vn/products/pdp-i274164263.html,Normal
274164263,"QUẦN JEAN NAM CHẤT BÒ ĐEN NHÁM SƯỚC TÚM GỐI PHONG CÁCH NEW 2023 CHẤT LƯỢNG CAO, CO GIÃN NHẸ TK-351 - TOKYO FASHION","vải dày dặn đứng form, chất lượng tk-351 quá tuyệt vời luôn m ạ 💯",positive,https://img.lazcdn.com/g/p/116b996870240115d2370b599c0137c8.jpg_720x720q80.jpg_.webp,170000.0,7400,1403,4.3,tokyo.shop,https://www.lazada.vn/products/pdp-i274164263.html,Normal
274164263,"QUẦN JEAN NAM CHẤT BÒ ĐEN NHÁM SƯỚC TÚM GỐI PHONG CÁCH NEW 2023 CHẤT LƯỢNG CAO, CO GIÃN NHẸ TK-351 - TOKYO FASHION","đẹp xuất sắc, giao hàng nhanh như chớp, keo lỳ nha shop ơi 😍",positive,https://img.lazcdn.com/g/p/116b996870240115d2370b599c0137c8.jpg_720x720q80.jpg_.webp,170000.0,7400,1403,4.3,tokyo.shop,https://www.lazada.vn/products/pdp-i274164263.html,Normal
274164263,"QUẦN JEAN NAM CHẤT BÒ ĐEN NHÁM SƯỚC TÚM GỐI PHONG CÁCH NEW 2023 CHẤT LƯỢNG CAO, CO GIÃN NHẸ TK-351 - TOKYO FASHION","mình cực kì hài lòng với mẫu này, mặc đi quẩy là hết nước chấm",positive,https://img.lazcdn.com/g/p/116b996870240115d2370b599c0137c8.jpg_720x720q80.jpg_.webp,170000.0,7400,1403,4.3,tokyo.shop,https://www.lazada.vn/products/pdp-i274164263.html,Normal
274164263,"QUẦN JEAN NAM CHẤT BÒ ĐEN NHÁM SƯỚC TÚM GỐI PHONG CÁCH NEW 2023 CHẤT LƯỢNG CAO, CO GIÃN NHẸ TK-351 - TOKYO FASHION","mùi vải nhám hơi nồng, mình phải ngâm xả 3 lần mới bay bớt mùi, sượng ghê",negative,https://img.lazcdn.com/g/p/116b996870240115d2370b599c0137c8.jpg_720x720q80.jpg_.webp,170000.0,7400,1403,4.3,tokyo.shop,https://www.lazada.vn/products/pdp-i274164263.html,Normal
274164263,"QUẦN JEAN NAM CHẤT BÒ ĐEN NHÁM SƯỚC TÚM GỐI PHONG CÁCH NEW 2023 CHẤT LƯỢNG CAO, CO GIÃN NHẸ TK-351 - TOKYO FASHION","ship hàng bị bóp méo cái hộp, mình mở ra thấy hơi sượng sùng xíu thoy",negative,https://img.lazcdn.com/g/p/116b996870240115d2370b599c0137c8.jpg_720x720q80.jpg_.webp,170000.0,7400,1403,4.3,tokyo.shop,https://www.lazada.vn/products/pdp-i274164263.html,Normal
3237877716,Cheap Blue and Black Gymnastics Pants for Men and Women Students – School Standard,"quần thể dục giá rẻ mà chất lượng ổn áp vãi m ơi, học sinh sinh viên múc lẹ 🏃‍♀️💨",positive,https://img.lazcdn.com/g/ff/kf/S6a918b880c05468c980dd3c81a536726x.png_720x720q80.png_.webp,94900.0,69,21,4.6,Quần thun nam giá rẻ Phước Đức,https://www.lazada.vn/products/pdp-i3237877716.html,Normal
3237877716,Cheap Blue and Black Gymnastics Pants for Men and Women Students – School Standard,"mình mua cho con đi học, đúng chuẩn school standard luôn, vải mát co giãn tốt",positive,https://img.lazcdn.com/g/ff/kf/S6a918b880c05468c980dd3c81a536726x.png_720x720q80.png_.webp,94900.0,69,21,4.6,Quần thun nam giá rẻ Phước Đức,https://www.lazada.vn/products/pdp-i3237877716.html,Normal
3237877716,Cheap Blue and Black Gymnastics Pants for Men and Women Students – School Standard,"xanh đen sạch sẽ, giặt máy thoải mái ko bị dão hay xù lông đâu m ạ",positive,https://img.lazcdn.com/g/ff/kf/S6a918b880c05468c980dd3c81a536726x.png_720x720q80.png_.webp,94900.0,69,21,4.6,Quần thun nam giá rẻ Phước Đức,https://www.lazada.vn/products/pdp-i3237877716.html,Normal
3237877716,Cheap Blue and Black Gymnastics Pants for Men and Women Students – School Standard,"ta thấy form quần vừa vặn, mặc đi tập gym hay học thể dục đều okla hết thoy",positive,https://img.lazcdn.com/g/ff/kf/S6a918b880c05468c980dd3c81a536726x.png_720x720q80.png_.webp,94900.0,69,21,4.6,Quần thun nam giá rẻ Phước Đức,https://www.lazada.vn/products/pdp-i3237877716.html,Normal
3237877716,Cheap Blue and Black Gymnastics Pants for Men and Women Students – School Standard,rẻ mà xịn.,positive,https://img.lazcdn.com/g/ff/kf/S6a918b880c05468c980dd3c81a536726x.png_720x720q80.png_.webp,94900.0,69,21,4.6,Quần thun nam giá rẻ Phước Đức,https://www.lazada.vn/products/pdp-i3237877716.html,Normal
3237877716,Cheap Blue and Black Gymnastics Pants for Men and Women Students – School Standard,"quần tốt, giao lẹ.",positive,https://img.lazcdn.com/g/ff/kf/S6a918b880c05468c980dd3c81a536726x.png_720x720q80.png_.webp,94900.0,69,21,4.6,Quần thun nam giá rẻ Phước Đức,https://www.lazada.vn/products/pdp-i3237877716.html,Normal
3237877716,Cheap Blue and Black Gymnastics Pants for Men and Women Students – School Standard,"size chuẩn theo bảng size shop đưa, mình mặc vừa khít luôn, keo nha",positive,https://img.lazcdn.com/g/ff/kf/S6a918b880c05468c980dd3c81a536726x.png_720x720q80.png_.webp,94900.0,69,21,4.6,Quần thun nam giá rẻ Phước Đức,https://www.lazada.vn/products/pdp-i3237877716.html,Normal
3237877716,Cheap Blue and Black Gymnastics Pants for Men and Women Students – School Standard,"vải poly co giãn 4 chiều mặc bao phê, vận động thoải mái cực kì luôn m",positive,https://img.lazcdn.com/g/ff/kf/S6a918b880c05468c980dd3c81a536726x.png_720x720q80.png_.webp,94900.0,69,21,4.6,Quần thun nam giá rẻ Phước Đức,https://www.lazada.vn/products/pdp-i3237877716.html,Normal
3237877716,Cheap Blue and Black Gymnastics Pants for Men and Women Students – School Standard,"ống quần hơi bị rộng quá so với t, mình mặc nhìn chân như que tăm ý, sượng",negative,https://img.lazcdn.com/g/ff/kf/S6a918b880c05468c980dd3c81a536726x.png_720x720q80.png_.webp,94900.0,69,21,4.6,Quần thun nam giá rẻ Phước Đức,https://www.lazada.vn/products/pdp-i3237877716.html,Normal
3237877716,Cheap Blue and Black Gymnastics Pants for Men and Women Students – School Standard,"đường chỉ may ở gấu quần bị tuột, mình phải lấy kim chỉ khâu lại, buồn thoy 😤",negative,https://img.lazcdn.com/g/ff/kf/S6a918b880c05468c980dd3c81a536726x.png_720x720q80.png_.webp,94900.0,69,21,4.6,Quần thun nam giá rẻ Phước Đức,https://www.lazada.vn/products/pdp-i3237877716.html,Normal
2329269126,"Quần Nam, Quần Đũi Dài Nam Ống Suông Dáng Slimfit Dáng Âu","quần đũi dáng âu mặc bao thanh lịch luôn m ơi, ống suông dáng slimfit lên form bảnh cực 🌿👔",positive,https://img.lazcdn.com/g/ot/common/b991f0a7b4704438813c20f85ff7c38b.png_720x720q80.png_.webp,95000.0,196,72,4.8,Gia Lộc Officall,https://www.lazada.vn/products/pdp-i2329269126.html,Normal
2329269126,"Quần Nam, Quần Đũi Dài Nam Ống Suông Dáng Slimfit Dáng Âu","mình thấy vải đũi này mát lạnh sờ sướng tay vãi, mặc mùa hè là đúng chân ái luôn",positive,https://img.lazcdn.com/g/ot/common/b991f0a7b4704438813c20f85ff7c38b.png_720x720q80.png_.webp,95000.0,196,72,4.8,Gia Lộc Officall,https://www.lazada.vn/products/pdp-i2329269126.html,Normal
2329269126,"Quần Nam, Quần Đũi Dài Nam Ống Suông Dáng Slimfit Dáng Âu","ta thấy mặc em này đi làm hay đi tiệc nhìn chững chạc vãi chưởng, keo lỳ nha",positive,https://img.lazcdn.com/g/ot/common/b991f0a7b4704438813c20f85ff7c38b.png_720x720q80.png_.webp,95000.0,196,72,4.8,Gia Lộc Officall,https://www.lazada.vn/products/pdp-i2329269126.html,Normal
2329269126,"Quần Nam, Quần Đũi Dài Nam Ống Suông Dáng Slimfit Dáng Âu","form slimfit hack dáng chân thẳng tắp, mình cực hài lòng với mẫu quần nam này",positive,https://img.lazcdn.com/g/ot/common/b991f0a7b4704438813c20f85ff7c38b.png_720x720q80.png_.webp,95000.0,196,72,4.8,Gia Lộc Officall,https://www.lazada.vn/products/pdp-i2329269126.html,Normal
2329269126,"Quần Nam, Quần Đũi Dài Nam Ống Suông Dáng Slimfit Dáng Âu","đũi dài mặc thoải mái ko bị bí, đúng chuẩn style quý ông thoy m ạ",positive,https://img.lazcdn.com/g/ot/common/b991f0a7b4704438813c20f85ff7c38b.png_720x720q80.png_.webp,95000.0,196,72,4.8,Gia Lộc Officall,https://www.lazada.vn/products/pdp-i2329269126.html,Normal
2329269126,"Quần Nam, Quần Đũi Dài Nam Ống Suông Dáng Slimfit Dáng Âu","màu sắc nhã nhặn, thiết kế tinh tế, mình sẽ ủng hộ shop dài dài",positive,https://img.lazcdn.com/g/ot/common/b991f0a7b4704438813c20f85ff7c38b.png_720x720q80.png_.webp,95000.0,196,72,4.8,Gia Lộc Officall,https://www.lazada.vn/products/pdp-i2329269126.html,Normal
2329269126,"Quần Nam, Quần Đũi Dài Nam Ống Suông Dáng Slimfit Dáng Âu","vải đẹp đứng dáng, phối với polo là bao cháy máy luôn m ơi 😍",positive,https://img.lazcdn.com/g/ot/common/b991f0a7b4704438813c20f85ff7c38b.png_720x720q80.png_.webp,95000.0,196,72,4.8,Gia Lộc Officall,https://www.lazada.vn/products/pdp-i2329269126.html,Normal
2329269126,"Quần Nam, Quần Đũi Dài Nam Ống Suông Dáng Slimfit Dáng Âu","quần xịn, đóng gói đẹp.",positive,https://img.lazcdn.com/g/ot/common/b991f0a7b4704438813c20f85ff7c38b.png_720x720q80.png_.webp,95000.0,196,72,4.8,Gia Lộc Officall,https://www.lazada.vn/products/pdp-i2329269126.html,Normal
2329269126,"Quần Nam, Quần Đũi Dài Nam Ống Suông Dáng Slimfit Dáng Âu","vải đũi này hơi dễ nhăn m ạ, t ngồi xíu là nó nhăn nhúm nhìn sượng sùng vãi",negative,https://img.lazcdn.com/g/ot/common/b991f0a7b4704438813c20f85ff7c38b.png_720x720q80.png_.webp,95000.0,196,72,4.8,Gia Lộc Officall,https://www.lazada.vn/products/pdp-i2329269126.html,Normal
2329269126,"Quần Nam, Quần Đũi Dài Nam Ống Suông Dáng Slimfit Dáng Âu","size eo hơi bị kích một chút, t mặc vào thấy hơi khó thở thoy",negative,https://img.lazcdn.com/g/ot/common/b991f0a7b4704438813c20f85ff7c38b.png_720x720q80.png_.webp,95000.0,196,72,4.8,Gia Lộc Officall,https://www.lazada.vn/products/pdp-i2329269126.html,Normal
2425272007,Quần jean nam mẫu mới cao cấp loang màu cao cấp thời trang phong cách chuẩn form,"loang màu đúng chất thời trang phong cách luôn m ơi, nhìn nghệ vãi chưởng 🎨👖",positive,https://img.lazcdn.com/g/p/167e4a3690e0cb40b46d7b90802ca76e.jpg_720x720q80.jpg_.webp,189000.0,92,18,4.4,NGUYÊN-LUXURY STORE,https://www.lazada.vn/products/pdp-i2425272007.html,Normal
2425272007,Quần jean nam mẫu mới cao cấp loang màu cao cấp thời trang phong cách chuẩn form,"mình thấy mẫu mới này cao cấp thật sự, vải dày dặn co giãn mặc bao sướng luôn",positive,https://img.lazcdn.com/g/p/167e4a3690e0cb40b46d7b90802ca76e.jpg_720x720q80.jpg_.webp,189000.0,92,18,4.4,NGUYÊN-LUXURY STORE,https://www.lazada.vn/products/pdp-i2425272007.html,Normal
2425272007,Quần jean nam mẫu mới cao cấp loang màu cao cấp thời trang phong cách chuẩn form,"jean loang nhìn bảnh tỏn vãi, phối đồ bao cháy máy luôn m ạ, keo lỳ nha",positive,https://img.lazcdn.com/g/p/167e4a3690e0cb40b46d7b90802ca76e.jpg_720x720q80.jpg_.webp,189000.0,92,18,4.4,NGUYÊN-LUXURY STORE,https://www.lazada.vn/products/pdp-i2425272007.html,Normal
2425272007,Quần jean nam mẫu mới cao cấp loang màu cao cấp thời trang phong cách chuẩn form,"ta thấy form quần chuẩn đét, mặc vào nhìn chân dài miên man luôn á, slay 🔥",positive,https://img.lazcdn.com/g/p/167e4a3690e0cb40b46d7b90802ca76e.jpg_720x720q80.jpg_.webp,189000.0,92,18,4.4,NGUYÊN-LUXURY STORE,https://www.lazada.vn/products/pdp-i2425272007.html,Normal
2425272007,Quần jean nam mẫu mới cao cấp loang màu cao cấp thời trang phong cách chuẩn form,"màu loang lạ mắt, đúng chuẩn hàng cao cấp luôn, t ưng thoy nha",positive,https://img.lazcdn.com/g/p/167e4a3690e0cb40b46d7b90802ca76e.jpg_720x720q80.jpg_.webp,189000.0,92,18,4.4,NGUYÊN-LUXURY STORE,https://www.lazada.vn/products/pdp-i2425272007.html,Normal
2425272007,Quần jean nam mẫu mới cao cấp loang màu cao cấp thời trang phong cách chuẩn form,"quần đẹp, giao nhanh.",positive,https://img.lazcdn.com/g/p/167e4a3690e0cb40b46d7b90802ca76e.jpg_720x720q80.jpg_.webp,189000.0,92,18,4.4,NGUYÊN-LUXURY STORE,https://www.lazada.vn/products/pdp-i2425272007.html,Normal
2425272007,Quần jean nam mẫu mới cao cấp loang màu cao cấp thời trang phong cách chuẩn form,"mình mặc đi chơi ai cũng khen, shop uy tín 10 đỉm cho chất lượng",positive,https://img.lazcdn.com/g/p/167e4a3690e0cb40b46d7b90802ca76e.jpg_720x720q80.jpg_.webp,189000.0,92,18,4.4,NGUYÊN-LUXURY STORE,https://www.lazada.vn/products/pdp-i2425272007.html,Normal
2425272007,Quần jean nam mẫu mới cao cấp loang màu cao cấp thời trang phong cách chuẩn form,"vải jean xịn giặt k phai màu, đóng gói cẩn thận vãi chưởng luôn m",positive,https://img.lazcdn.com/g/p/167e4a3690e0cb40b46d7b90802ca76e.jpg_720x720q80.jpg_.webp,189000.0,92,18,4.4,NGUYÊN-LUXURY STORE,https://www.lazada.vn/products/pdp-i2425272007.html,Normal
2425272007,Quần jean nam mẫu mới cao cấp loang màu cao cấp thời trang phong cách chuẩn form,"cái mùi loang màu hơi nồng quá m ơi, t phải phơi nắng 2 ngày mới hết, sượng",negative,https://img.lazcdn.com/g/p/167e4a3690e0cb40b46d7b90802ca76e.jpg_720x720q80.jpg_.webp,189000.0,92,18,4.4,NGUYÊN-LUXURY STORE,https://www.lazada.vn/products/pdp-i2425272007.html,Normal
2425272007,Quần jean nam mẫu mới cao cấp loang màu cao cấp thời trang phong cách chuẩn form,"chỗ loang màu ở mông hơi bị đậm quá nhìn như bị dính bẩn ý, sượng sùng vãi 🙈",negative,https://img.lazcdn.com/g/p/167e4a3690e0cb40b46d7b90802ca76e.jpg_720x720q80.jpg_.webp,189000.0,92,18,4.4,NGUYÊN-LUXURY STORE,https://www.lazada.vn/products/pdp-i2425272007.html,Normal
2212257535,Quần jean nam loang màu cao cấp chất liẹu DENIM dày co dãn thiết kế trẻ trung hiện đại mẫu mới giá rẻ TANBEO_SHOP,"denim dày co dãn mặc bao phê luôn m ơi, thiết kế hiện đại đúng chất tanbeo shop ✨👖",positive,https://img.lazcdn.com/g/ff/kf/S1ebc07e6894643a3bfe2b49cb12a1c73S.jpg_720x720q80.jpg_.webp,169000.0,162,50,4.7,TANBEO-SHOP,https://www.lazada.vn/products/pdp-i2212257535.html,Normal
2212257535,Quần jean nam loang màu cao cấp chất liẹu DENIM dày co dãn thiết kế trẻ trung hiện đại mẫu mới giá rẻ TANBEO_SHOP,"mình thấy loang màu mẫu này nhìn sang xịn mịn vãi, mặc đi quẩy là bao dính luôn",positive,https://img.lazcdn.com/g/ff/kf/S1ebc07e6894643a3bfe2b49cb12a1c73S.jpg_720x720q80.jpg_.webp,169000.0,162,50,4.7,TANBEO-SHOP,https://www.lazada.vn/products/pdp-i2212257535.html,Normal
2212257535,Quần jean nam loang màu cao cấp chất liẹu DENIM dày co dãn thiết kế trẻ trung hiện đại mẫu mới giá rẻ TANBEO_SHOP,"ta thấy form quần chuẩn, vải denim cao cấp cầm nặng tay thích cực m ạ",positive,https://img.lazcdn.com/g/ff/kf/S1ebc07e6894643a3bfe2b49cb12a1c73S.jpg_720x720q80.jpg_.webp,169000.0,162,50,4.7,TANBEO-SHOP,https://www.lazada.vn/products/pdp-i2212257535.html,Normal
2212257535,Quần jean nam loang màu cao cấp chất liẹu DENIM dày co dãn thiết kế trẻ trung hiện đại mẫu mới giá rẻ TANBEO_SHOP,"giá rẻ mà chất lượng như này là quá tuyệt vời luôn, mình cực hài lòng thoy",positive,https://img.lazcdn.com/g/ff/kf/S1ebc07e6894643a3bfe2b49cb12a1c73S.jpg_720x720q80.jpg_.webp,169000.0,162,50,4.7,TANBEO-SHOP,https://www.lazada.vn/products/pdp-i2212257535.html,Normal
2212257535,Quần jean nam loang màu cao cấp chất liẹu DENIM dày co dãn thiết kế trẻ trung hiện đại mẫu mới giá rẻ TANBEO_SHOP,"màu sắc phối đẹp, trẻ trung hiện đại, keo lỳ nha shop ơi 😍",positive,https://img.lazcdn.com/g/ff/kf/S1ebc07e6894643a3bfe2b49cb12a1c73S.jpg_720x720q80.jpg_.webp,169000.0,162,50,4.7,TANBEO-SHOP,https://www.lazada.vn/products/pdp-i2212257535.html,Normal
2212257535,Quần jean nam loang màu cao cấp chất liẹu DENIM dày co dãn thiết kế trẻ trung hiện đại mẫu mới giá rẻ TANBEO_SHOP,"giặt máy ko bị mất form hay xù lông, đúng chuẩn hàng xịn nhóe",positive,https://img.lazcdn.com/g/ff/kf/S1ebc07e6894643a3bfe2b49cb12a1c73S.jpg_720x720q80.jpg_.webp,169000.0,162,50,4.7,TANBEO-SHOP,https://www.lazada.vn/products/pdp-i2212257535.html,Normal
2212257535,Quần jean nam loang màu cao cấp chất liẹu DENIM dày co dãn thiết kế trẻ trung hiện đại mẫu mới giá rẻ TANBEO_SHOP,"mặc lên tôn dáng phết, hack chân dài miên man luôn á m, dính",positive,https://img.lazcdn.com/g/ff/kf/S1ebc07e6894643a3bfe2b49cb12a1c73S.jpg_720x720q80.jpg_.webp,169000.0,162,50,4.7,TANBEO-SHOP,https://www.lazada.vn/products/pdp-i2212257535.html,Normal
2212257535,Quần jean nam loang màu cao cấp chất liẹu DENIM dày co dãn thiết kế trẻ trung hiện đại mẫu mới giá rẻ TANBEO_SHOP,"quần đẹp y hình, đóng gói kỹ, giao lẹ như một cơn gió vậy á",positive,https://img.lazcdn.com/g/ff/kf/S1ebc07e6894643a3bfe2b49cb12a1c73S.jpg_720x720q80.jpg_.webp,169000.0,162,50,4.7,TANBEO-SHOP,https://www.lazada.vn/products/pdp-i2212257535.html,Normal
2212257535,Quần jean nam loang màu cao cấp chất liẹu DENIM dày co dãn thiết kế trẻ trung hiện đại mẫu mới giá rẻ TANBEO_SHOP,"eo quần hơi bị rộng quá so với t, mình phải đi bóp lại xíu mới vừa, sượng",negative,https://img.lazcdn.com/g/ff/kf/S1ebc07e6894643a3bfe2b49cb12a1c73S.jpg_720x720q80.jpg_.webp,169000.0,162,50,4.7,TANBEO-SHOP,https://www.lazada.vn/products/pdp-i2212257535.html,Normal
2212257535,Quần jean nam loang màu cao cấp chất liẹu DENIM dày co dãn thiết kế trẻ trung hiện đại mẫu mới giá rẻ TANBEO_SHOP,"size ống quần hơi bị bó đùi t quá, mặc vào nhìn chân như bó giò ý, buồn thoy",negative,https://img.lazcdn.com/g/ff/kf/S1ebc07e6894643a3bfe2b49cb12a1c73S.jpg_720x720q80.jpg_.webp,169000.0,162,50,4.7,TANBEO-SHOP,https://www.lazada.vn/products/pdp-i2212257535.html,Normal
1200278114,Student Sports Pants with 2 Blue and Black Stripes (School Uniform Gym Pants),"quần học sinh 2 sọc xanh đen mặc bao bền m ơi, học gym bao thoải mái luôn 🏃‍♂️🏫",positive,https://img.lazcdn.com/g/ff/kf/S639fab438c934ebf98d2532ef07040062.jpg_720x720q80.jpg_.webp,35000.0,8500,1403,4.8,Thoi Trang An Phu,https://www.lazada.vn/products/pdp-i1200278114.html,Normal
1200278114,Student Sports Pants with 2 Blue and Black Stripes (School Uniform Gym Pants),"mình thấy vải poly này mát mẻ, đúng chuẩn đồng phục trường t luôn á, okla",positive,https://img.lazcdn.com/g/ff/kf/S639fab438c934ebf98d2532ef07040062.jpg_720x720q80.jpg_.webp,35000.0,8500,1403,4.8,Thoi Trang An Phu,https://www.lazada.vn/products/pdp-i1200278114.html,Normal
1200278114,Student Sports Pants with 2 Blue and Black Stripes (School Uniform Gym Pants),"rẻ mà ngon, giặt máy cả năm k thấy sứt chỉ miếng nào, ta thấy rất ưng",positive,https://img.lazcdn.com/g/ff/kf/S639fab438c934ebf98d2532ef07040062.jpg_720x720q80.jpg_.webp,35000.0,8500,1403,4.8,Thoi Trang An Phu,https://www.lazada.vn/products/pdp-i1200278114.html,Normal
1200278114,Student Sports Pants with 2 Blue and Black Stripes (School Uniform Gym Pants),"form quần rộng rãi, mặc đi học hay tập thể dục đều ổn áp thoy m ạ",positive,https://img.lazcdn.com/g/ff/kf/S639fab438c934ebf98d2532ef07040062.jpg_720x720q80.jpg_.webp,35000.0,8500,1403,4.8,Thoi Trang An Phu,https://www.lazada.vn/products/pdp-i1200278114.html,Normal
1200278114,Student Sports Pants with 2 Blue and Black Stripes (School Uniform Gym Pants),"vừa khít luôn, shipper giao hàng thân thiện cực kì, 5 sao cho shop",positive,https://img.lazcdn.com/g/ff/kf/S639fab438c934ebf98d2532ef07040062.jpg_720x720q80.jpg_.webp,35000.0,8500,1403,4.8,Thoi Trang An Phu,https://www.lazada.vn/products/pdp-i1200278114.html,Normal
1200278114,Student Sports Pants with 2 Blue and Black Stripes (School Uniform Gym Pants),"quần tốt, mát.",positive,https://img.lazcdn.com/g/ff/kf/S639fab438c934ebf98d2532ef07040062.jpg_720x720q80.jpg_.webp,35000.0,8500,1403,4.8,Thoi Trang An Phu,https://www.lazada.vn/products/pdp-i1200278114.html,Normal
1200278114,Student Sports Pants with 2 Blue and Black Stripes (School Uniform Gym Pants),"màu xanh đen sạch sẽ, ko bị ra màu khi giặt đâu ae, múc lẹ",positive,https://img.lazcdn.com/g/ff/kf/S639fab438c934ebf98d2532ef07040062.jpg_720x720q80.jpg_.webp,35000.0,8500,1403,4.8,Thoi Trang An Phu,https://www.lazada.vn/products/pdp-i1200278114.html,Normal
1200278114,Student Sports Pants with 2 Blue and Black Stripes (School Uniform Gym Pants),"co giãn 4 chiều mặc sướng cái chân vãi, keo lỳ nha shop ơi 😍",positive,https://img.lazcdn.com/g/ff/kf/S639fab438c934ebf98d2532ef07040062.jpg_720x720q80.jpg_.webp,35000.0,8500,1403,4.8,Thoi Trang An Phu,https://www.lazada.vn/products/pdp-i1200278114.html,Normal
1200278114,Student Sports Pants with 2 Blue and Black Stripes (School Uniform Gym Pants),"dây rút quần hơi bị ngắn, t thắt nút lại thấy hơi khó khăn, sượng sùng ghê",negative,https://img.lazcdn.com/g/ff/kf/S639fab438c934ebf98d2532ef07040062.jpg_720x720q80.jpg_.webp,35000.0,8500,1403,4.8,Thoi Trang An Phu,https://www.lazada.vn/products/pdp-i1200278114.html,Normal
1200278114,Student Sports Pants with 2 Blue and Black Stripes (School Uniform Gym Pants),"giao nhầm mẫu 1 sọc cho mình rồi, làm ăn gì mà chán đời vãi thoy 😤",negative,https://img.lazcdn.com/g/ff/kf/S639fab438c934ebf98d2532ef07040062.jpg_720x720q80.jpg_.webp,35000.0,8500,1403,4.8,Thoi Trang An Phu,https://www.lazada.vn/products/pdp-i1200278114.html,Normal
1911160248,Combo 4 Quần Sịp Nam vải thun lạnh nhiều lưng - CITYMEN,"thun lạnh mặc bao phê luôn m ơi, combo 4 cái quá hời cho 1 cuộc tình 🧊🩲",positive,https://img.lazcdn.com/g/ff/kf/S1cb26dbf960445ed8f54a00e5bf55c47G.jpg_720x720q80.jpg_.webp,77080.0,3600,708,4.9,CITYMEN,https://www.lazada.vn/products/pdp-i1911160248.html,Normal
1911160248,Combo 4 Quần Sịp Nam vải thun lạnh nhiều lưng - CITYMEN,"mình thấy lưng thun co giãn tốt, mặc cả ngày ko bị lằn bụng đâu nha shop ơi",positive,https://img.lazcdn.com/g/ff/kf/S1cb26dbf960445ed8f54a00e5bf55c47G.jpg_720x720q80.jpg_.webp,77080.0,3600,708,4.9,CITYMEN,https://www.lazada.vn/products/pdp-i1911160248.html,Normal
1911160248,Combo 4 Quần Sịp Nam vải thun lạnh nhiều lưng - CITYMEN,"vải mát rượi sờ vào sướng tay cực, ta thấy citymen làm đồ lót rất ổn áp thoy",positive,https://img.lazcdn.com/g/ff/kf/S1cb26dbf960445ed8f54a00e5bf55c47G.jpg_720x720q80.jpg_.webp,77080.0,3600,708,4.9,CITYMEN,https://www.lazada.vn/products/pdp-i1911160248.html,Normal
1911160248,Combo 4 Quần Sịp Nam vải thun lạnh nhiều lưng - CITYMEN,"mát lạnh tê tái luôn á m, mặc như không mặc, keo lỳ nha 😍",positive,https://img.lazcdn.com/g/ff/kf/S1cb26dbf960445ed8f54a00e5bf55c47G.jpg_720x720q80.jpg_.webp,77080.0,3600,708,4.9,CITYMEN,https://www.lazada.vn/products/pdp-i1911160248.html,Normal
1911160248,Combo 4 Quần Sịp Nam vải thun lạnh nhiều lưng - CITYMEN,"mình mua cho chồng mà ổng khen suốt, vải mịn ko bị xù lông đâu nè",positive,https://img.lazcdn.com/g/ff/kf/S1cb26dbf960445ed8f54a00e5bf55c47G.jpg_720x720q80.jpg_.webp,77080.0,3600,708,4.9,CITYMEN,https://www.lazada.vn/products/pdp-i1911160248.html,Normal
1911160248,Combo 4 Quần Sịp Nam vải thun lạnh nhiều lưng - CITYMEN,"ta thấy đóng gói rất lịch sự, giao hàng nhanh, 10 đỉm cho chất lượng",positive,https://img.lazcdn.com/g/ff/kf/S1cb26dbf960445ed8f54a00e5bf55c47G.jpg_720x720q80.jpg_.webp,77080.0,3600,708,4.9,CITYMEN,https://www.lazada.vn/products/pdp-i1911160248.html,Normal
1911160248,Combo 4 Quần Sịp Nam vải thun lạnh nhiều lưng - CITYMEN,"quần tốt, mát.",positive,https://img.lazcdn.com/g/ff/kf/S1cb26dbf960445ed8f54a00e5bf55c47G.jpg_720x720q80.jpg_.webp,77080.0,3600,708,4.9,CITYMEN,https://www.lazada.vn/products/pdp-i1911160248.html,Normal
1911160248,Combo 4 Quần Sịp Nam vải thun lạnh nhiều lưng - CITYMEN,"màu sắc đẹp y hình, vải thun lạnh đúng chuẩn hàng xịn nhóe m",positive,https://img.lazcdn.com/g/ff/kf/S1cb26dbf960445ed8f54a00e5bf55c47G.jpg_720x720q80.jpg_.webp,77080.0,3600,708,4.9,CITYMEN,https://www.lazada.vn/products/pdp-i1911160248.html,Normal
1911160248,Combo 4 Quần Sịp Nam vải thun lạnh nhiều lưng - CITYMEN,"size hơi nhỏ so với mình, t mặc thấy hơi chật chội xíu, sượng sùng ghê 😤",negative,https://img.lazcdn.com/g/ff/kf/S1cb26dbf960445ed8f54a00e5bf55c47G.jpg_720x720q80.jpg_.webp,77080.0,3600,708,4.9,CITYMEN,https://www.lazada.vn/products/pdp-i1911160248.html,Normal
1911160248,Combo 4 Quần Sịp Nam vải thun lạnh nhiều lưng - CITYMEN,"vải hơi mỏng quá m ạ, mình sợ giặt máy vài lần là nó nhão ra thoy",negative,https://img.lazcdn.com/g/ff/kf/S1cb26dbf960445ed8f54a00e5bf55c47G.jpg_720x720q80.jpg_.webp,77080.0,3600,708,4.9,CITYMEN,https://www.lazada.vn/products/pdp-i1911160248.html,Normal
2626113672,"Quần jean nam dài phối khoá kéo, hoạ tiết in siêu đẹp, phong cách thời trang trẻ trung sang trọng","hoạ tiết in bao đẹp luôn m ơi, phối khoá kéo nhìn sang trọng bảnh tỏn vãi ✨👖",positive,https://img.lazcdn.com/g/p/07678b475f3c09366b94896984c83d5e.jpg_720x720q80.jpg_.webp,79000.0,16,1,5.0,T.Hiền_STORE,https://www.lazada.vn/products/pdp-i2626113672.html,Normal
2626113672,"Quần jean nam dài phối khoá kéo, hoạ tiết in siêu đẹp, phong cách thời trang trẻ trung sang trọng","mình thấy form quần dài này hack dáng đỉnh, mặc vào nhìn như người mẫu thoy á lol",positive,https://img.lazcdn.com/g/p/07678b475f3c09366b94896984c83d5e.jpg_720x720q80.jpg_.webp,79000.0,16,1,5.0,T.Hiền_STORE,https://www.lazada.vn/products/pdp-i2626113672.html,Normal
2626113672,"Quần jean nam dài phối khoá kéo, hoạ tiết in siêu đẹp, phong cách thời trang trẻ trung sang trọng","phong cách trẻ trung cực kì, ta thấy mặc đi quẩy là bao cháy máy luôn m ạ",positive,https://img.lazcdn.com/g/p/07678b475f3c09366b94896984c83d5e.jpg_720x720q80.jpg_.webp,79000.0,16,1,5.0,T.Hiền_STORE,https://www.lazada.vn/products/pdp-i2626113672.html,Normal
2626113672,"Quần jean nam dài phối khoá kéo, hoạ tiết in siêu đẹp, phong cách thời trang trẻ trung sang trọng","chất jean dày dặn đứng form, hoạ tiết in sắc nét ko bị bong tróc đâu nè",positive,https://img.lazcdn.com/g/p/07678b475f3c09366b94896984c83d5e.jpg_720x720q80.jpg_.webp,79000.0,16,1,5.0,T.Hiền_STORE,https://www.lazada.vn/products/pdp-i2626113672.html,Normal
2626113672,"Quần jean nam dài phối khoá kéo, hoạ tiết in siêu đẹp, phong cách thời trang trẻ trung sang trọng","keo lỳ nha shop, đúng chuẩn hàng cao cấp t tìm bấy lâu nay 😍",positive,https://img.lazcdn.com/g/p/07678b475f3c09366b94896984c83d5e.jpg_720x720q80.jpg_.webp,79000.0,16,1,5.0,T.Hiền_STORE,https://www.lazada.vn/products/pdp-i2626113672.html,Normal
2626113672,"Quần jean nam dài phối khoá kéo, hoạ tiết in siêu đẹp, phong cách thời trang trẻ trung sang trọng","mặc lên nhìn có gu hẳn ra, mình cực kì hài lòng với trải nghiệm mua hàng",positive,https://img.lazcdn.com/g/p/07678b475f3c09366b94896984c83d5e.jpg_720x720q80.jpg_.webp,79000.0,16,1,5.0,T.Hiền_STORE,https://www.lazada.vn/products/pdp-i2626113672.html,Normal
2626113672,"Quần jean nam dài phối khoá kéo, hoạ tiết in siêu đẹp, phong cách thời trang trẻ trung sang trọng","quần bảnh, giao nhanh.",positive,https://img.lazcdn.com/g/p/07678b475f3c09366b94896984c83d5e.jpg_720x720q80.jpg_.webp,79000.0,16,1,5.0,T.Hiền_STORE,https://www.lazada.vn/products/pdp-i2626113672.html,Normal
2626113672,"Quần jean nam dài phối khoá kéo, hoạ tiết in siêu đẹp, phong cách thời trang trẻ trung sang trọng","vải jean co giãn nhẹ nên vận động thoải mái cực kì luôn m ơi, slay",positive,https://img.lazcdn.com/g/p/07678b475f3c09366b94896984c83d5e.jpg_720x720q80.jpg_.webp,79000.0,16,1,5.0,T.Hiền_STORE,https://www.lazada.vn/products/pdp-i2626113672.html,Normal
2626113672,"Quần jean nam dài phối khoá kéo, hoạ tiết in siêu đẹp, phong cách thời trang trẻ trung sang trọng","mùi mực in hơi nồng quá m ạ, mình phải phơi nắng 2 ngày mới hết mùi, sượng",negative,https://img.lazcdn.com/g/p/07678b475f3c09366b94896984c83d5e.jpg_720x720q80.jpg_.webp,79000.0,16,1,5.0,T.Hiền_STORE,https://www.lazada.vn/products/pdp-i2626113672.html,Normal
2626113672,"Quần jean nam dài phối khoá kéo, hoạ tiết in siêu đẹp, phong cách thời trang trẻ trung sang trọng","hoạ tiết in bị lệch một xíu so với ảnh mẫu, mình nhìn thấy hơi sượng sùng 😤",negative,https://img.lazcdn.com/g/p/07678b475f3c09366b94896984c83d5e.jpg_720x720q80.jpg_.webp,79000.0,16,1,5.0,T.Hiền_STORE,https://www.lazada.vn/products/pdp-i2626113672.html,Normal
2212140482,Quần jean nam đen thiết kế khoá kéo rách gối chất bò cao cấp kiểu đẹp thời trang trẻ trung TANBEO_SHOP,"khoá kéo rách gối bao ngầu luôn m ơi, đúng chất boy phố tanbeo shop 🤘🔥",positive,https://img.lazcdn.com/g/p/4c95cdc840b843c54735fd3fe2f441c1.jpg_720x720q80.jpg_.webp,179000.0,46,11,4.5,TANBEO-SHOP,https://www.lazada.vn/products/pdp-i2212140482.html,Normal
2212140482,Quần jean nam đen thiết kế khoá kéo rách gối chất bò cao cấp kiểu đẹp thời trang trẻ trung TANBEO_SHOP,mình thấy chất bò cao cấp co giãn mặc sướng cái chân cực kì luôn á m,positive,https://img.lazcdn.com/g/p/4c95cdc840b843c54735fd3fe2f441c1.jpg_720x720q80.jpg_.webp,179000.0,46,11,4.5,TANBEO-SHOP,https://www.lazada.vn/products/pdp-i2212140482.html,Normal
2212140482,Quần jean nam đen thiết kế khoá kéo rách gối chất bò cao cấp kiểu đẹp thời trang trẻ trung TANBEO_SHOP,"thiết kế trẻ trung năng động, mặc đi chơi là hết nước chấm thoy, keo lỳ nha",positive,https://img.lazcdn.com/g/p/4c95cdc840b843c54735fd3fe2f441c1.jpg_720x720q80.jpg_.webp,179000.0,46,11,4.5,TANBEO-SHOP,https://www.lazada.vn/products/pdp-i2212140482.html,Normal
2212140482,Quần jean nam đen thiết kế khoá kéo rách gối chất bò cao cấp kiểu đẹp thời trang trẻ trung TANBEO_SHOP,"ta thấy form quần chuẩn đét, mặc vào nhìn chân dài miên man luôn á m ơi",positive,https://img.lazcdn.com/g/p/4c95cdc840b843c54735fd3fe2f441c1.jpg_720x720q80.jpg_.webp,179000.0,46,11,4.5,TANBEO-SHOP,https://www.lazada.vn/products/pdp-i2212140482.html,Normal
2212140482,Quần jean nam đen thiết kế khoá kéo rách gối chất bò cao cấp kiểu đẹp thời trang trẻ trung TANBEO_SHOP,"vải dày mịn ko phai màu, mình mua của shop nhiều lần rồi vẫn rất ưng",positive,https://img.lazcdn.com/g/p/4c95cdc840b843c54735fd3fe2f441c1.jpg_720x720q80.jpg_.webp,179000.0,46,11,4.5,TANBEO-SHOP,https://www.lazada.vn/products/pdp-i2212140482.html,Normal
2212140482,Quần jean nam đen thiết kế khoá kéo rách gối chất bò cao cấp kiểu đẹp thời trang trẻ trung TANBEO_SHOP,"đẹp xuất sắccccc, đóng gói xịn xò giao hàng lẹ như một cơn gió vậy á",positive,https://img.lazcdn.com/g/p/4c95cdc840b843c54735fd3fe2f441c1.jpg_720x720q80.jpg_.webp,179000.0,46,11,4.5,TANBEO-SHOP,https://www.lazada.vn/products/pdp-i2212140482.html,Normal
2212140482,Quần jean nam đen thiết kế khoá kéo rách gối chất bò cao cấp kiểu đẹp thời trang trẻ trung TANBEO_SHOP,"màu đen bền đẹp, rách gối nhìn cá tính vãi chưởng luôn m ạ, dính",positive,https://img.lazcdn.com/g/p/4c95cdc840b843c54735fd3fe2f441c1.jpg_720x720q80.jpg_.webp,179000.0,46,11,4.5,TANBEO-SHOP,https://www.lazada.vn/products/pdp-i2212140482.html,Normal
2212140482,Quần jean nam đen thiết kế khoá kéo rách gối chất bò cao cấp kiểu đẹp thời trang trẻ trung TANBEO_SHOP,"quần tốt, giá ok.",positive,https://img.lazcdn.com/g/p/4c95cdc840b843c54735fd3fe2f441c1.jpg_720x720q80.jpg_.webp,179000.0,46,11,4.5,TANBEO-SHOP,https://www.lazada.vn/products/pdp-i2212140482.html,Normal
2212140482,Quần jean nam đen thiết kế khoá kéo rách gối chất bò cao cấp kiểu đẹp thời trang trẻ trung TANBEO_SHOP,"size hơi ảo m ạ, mình bình thường mặc 31 mà nay mặc 31 ko vừa, sượng ghê",negative,https://img.lazcdn.com/g/p/4c95cdc840b843c54735fd3fe2f441c1.jpg_720x720q80.jpg_.webp,179000.0,46,11,4.5,TANBEO-SHOP,https://www.lazada.vn/products/pdp-i2212140482.html,Normal
2212140482,Quần jean nam đen thiết kế khoá kéo rách gối chất bò cao cấp kiểu đẹp thời trang trẻ trung TANBEO_SHOP,"khá là nhiều chỉ thừa ở chỗ rách gối, t phải ngồi cắt mỏi tay thoy",negative,https://img.lazcdn.com/g/p/4c95cdc840b843c54735fd3fe2f441c1.jpg_720x720q80.jpg_.webp,179000.0,46,11,4.5,TANBEO-SHOP,https://www.lazada.vn/products/pdp-i2212140482.html,Normal
2607173299,Quần Short Jean Nam Co Giãn Cotton Cao Cấp,"short jean cotton mặc bao mát luôn m ơi, hè này múc em này là chuẩn bài ☀️🩳",positive,https://img.lazcdn.com/g/p/658065c406fbbe6a241e39810660b5a1.jpg_720x720q80.jpg_.webp,75000.0,149,38,4.9,Trùm Sỉ & Lẻ,https://www.lazada.vn/products/pdp-i2607173299.html,Normal
2607173299,Quần Short Jean Nam Co Giãn Cotton Cao Cấp,"mình thấy vải co giãn tốt, mặc đi biển hay đi dạo phố đều okla hết thoy",positive,https://img.lazcdn.com/g/p/658065c406fbbe6a241e39810660b5a1.jpg_720x720q80.jpg_.webp,75000.0,149,38,4.9,Trùm Sỉ & Lẻ,https://www.lazada.vn/products/pdp-i2607173299.html,Normal
2607173299,Quần Short Jean Nam Co Giãn Cotton Cao Cấp,"chất jean dày dặn mà mềm mại, ta thấy đây là hàng cao cấp thật sự luôn á",positive,https://img.lazcdn.com/g/p/658065c406fbbe6a241e39810660b5a1.jpg_720x720q80.jpg_.webp,75000.0,149,38,4.9,Trùm Sỉ & Lẻ,https://www.lazada.vn/products/pdp-i2607173299.html,Normal
2607173299,Quần Short Jean Nam Co Giãn Cotton Cao Cấp,"form ngắn vừa phải, mặc vào nhìn năng động trẻ trung cực kì luôn m ạ 😍",positive,https://img.lazcdn.com/g/p/658065c406fbbe6a241e39810660b5a1.jpg_720x720q80.jpg_.webp,75000.0,149,38,4.9,Trùm Sỉ & Lẻ,https://www.lazada.vn/products/pdp-i2607173299.html,Normal
2607173299,Quần Short Jean Nam Co Giãn Cotton Cao Cấp,"màu sắc đẹp y hình, giặt ko bị phai màu hay sờn vải gì hết, keo nha",positive,https://img.lazcdn.com/g/p/658065c406fbbe6a241e39810660b5a1.jpg_720x720q80.jpg_.webp,75000.0,149,38,4.9,Trùm Sỉ & Lẻ,https://www.lazada.vn/products/pdp-i2607173299.html,Normal
2607173299,Quần Short Jean Nam Co Giãn Cotton Cao Cấp,"mặc sướng, mát phết.",positive,https://img.lazcdn.com/g/p/658065c406fbbe6a241e39810660b5a1.jpg_720x720q80.jpg_.webp,75000.0,149,38,4.9,Trùm Sỉ & Lẻ,https://www.lazada.vn/products/pdp-i2607173299.html,Normal
2607173299,Quần Short Jean Nam Co Giãn Cotton Cao Cấp,"mình rất hài lòng, shop tư vấn size có tâm giao hàng nhanh như chớp",positive,https://img.lazcdn.com/g/p/658065c406fbbe6a241e39810660b5a1.jpg_720x720q80.jpg_.webp,75000.0,149,38,4.9,Trùm Sỉ & Lẻ,https://www.lazada.vn/products/pdp-i2607173299.html,Normal
2607173299,Quần Short Jean Nam Co Giãn Cotton Cao Cấp,"ống quần hơi rộng quá so với đùi mình, mặc nhìn hơi bị sượng sùng xíu thoy",negative,https://img.lazcdn.com/g/p/658065c406fbbe6a241e39810660b5a1.jpg_720x720q80.jpg_.webp,75000.0,149,38,4.9,Trùm Sỉ & Lẻ,https://www.lazada.vn/products/pdp-i2607173299.html,Normal
2607173299,Quần Short Jean Nam Co Giãn Cotton Cao Cấp,"túi quần hơi nhỏ, mình để cái điện thoại mà nó cứ muốn rớt ra ngoài ý 😤",negative,https://img.lazcdn.com/g/p/658065c406fbbe6a241e39810660b5a1.jpg_720x720q80.jpg_.webp,75000.0,149,38,4.9,Trùm Sỉ & Lẻ,https://www.lazada.vn/products/pdp-i2607173299.html,Normal
2607173299,Quần Short Jean Nam Co Giãn Cotton Cao Cấp,"vải mới có mùi hơi hắc, mình phải ngâm xả 3 lần mới hết, sượng vãi",negative,https://img.lazcdn.com/g/p/658065c406fbbe6a241e39810660b5a1.jpg_720x720q80.jpg_.webp,75000.0,149,38,4.9,Trùm Sỉ & Lẻ,https://www.lazada.vn/products/pdp-i2607173299.html,Normal
2927356778,"quần jean nam dài DSQ xanh rách thêu vá khuyết tật mẫu mới cá tính, chất jean dày mềm dãn tốt ống bó nhẹ.","dsq khuyết tật thêu vá nhìn bụi bặm vãi m ơi, đúng gu dân chơi phố cổ luôn 🚬👖",positive,https://img.lazcdn.com/g/ff/kf/S9c3ffc3ded9449f693d49f9171174990u.jpg_720x720q80.jpg_.webp,185000.0,81,28,4.8,Kay_store,https://www.lazada.vn/products/pdp-i2927356778.html,Normal
2927356778,"quần jean nam dài DSQ xanh rách thêu vá khuyết tật mẫu mới cá tính, chất jean dày mềm dãn tốt ống bó nhẹ.","mình thấy chất jean dày mềm co giãn tốt, ống bó nhẹ nhìn chân thon gọn phết",positive,https://img.lazcdn.com/g/ff/kf/S9c3ffc3ded9449f693d49f9171174990u.jpg_720x720q80.jpg_.webp,185000.0,81,28,4.8,Kay_store,https://www.lazada.vn/products/pdp-i2927356778.html,Normal
2927356778,"quần jean nam dài DSQ xanh rách thêu vá khuyết tật mẫu mới cá tính, chất jean dày mềm dãn tốt ống bó nhẹ.","rách thêu vá nhìn nghệ vãi chưởng, mặc đi quẩy là bao dính luôn m ạ 🔥",positive,https://img.lazcdn.com/g/ff/kf/S9c3ffc3ded9449f693d49f9171174990u.jpg_720x720q80.jpg_.webp,185000.0,81,28,4.8,Kay_store,https://www.lazada.vn/products/pdp-i2927356778.html,Normal
2927356778,"quần jean nam dài DSQ xanh rách thêu vá khuyết tật mẫu mới cá tính, chất jean dày mềm dãn tốt ống bó nhẹ.","ta thấy mẫu dsq này thiết kế quá đỉnh, cá tính mạnh mẽ đúng chất t thích",positive,https://img.lazcdn.com/g/ff/kf/S9c3ffc3ded9449f693d49f9171174990u.jpg_720x720q80.jpg_.webp,185000.0,81,28,4.8,Kay_store,https://www.lazada.vn/products/pdp-i2927356778.html,Normal
2927356778,"quần jean nam dài DSQ xanh rách thêu vá khuyết tật mẫu mới cá tính, chất jean dày mềm dãn tốt ống bó nhẹ.","keo lỳ nha shop, vải jean sờ sướng tay cực kì luôn á m ơi, múc lẹ",positive,https://img.lazcdn.com/g/ff/kf/S9c3ffc3ded9449f693d49f9171174990u.jpg_720x720q80.jpg_.webp,185000.0,81,28,4.8,Kay_store,https://www.lazada.vn/products/pdp-i2927356778.html,Normal
2927356778,"quần jean nam dài DSQ xanh rách thêu vá khuyết tật mẫu mới cá tính, chất jean dày mềm dãn tốt ống bó nhẹ.","quần bảnh, dáng chuẩn.",positive,https://img.lazcdn.com/g/ff/kf/S9c3ffc3ded9449f693d49f9171174990u.jpg_720x720q80.jpg_.webp,185000.0,81,28,4.8,Kay_store,https://www.lazada.vn/products/pdp-i2927356778.html,Normal
2927356778,"quần jean nam dài DSQ xanh rách thêu vá khuyết tật mẫu mới cá tính, chất jean dày mềm dãn tốt ống bó nhẹ.","mặc lên nhìn có gu hẳn ra, mình cực kì ấn tượng với mẫu thêu vá này",positive,https://img.lazcdn.com/g/ff/kf/S9c3ffc3ded9449f693d49f9171174990u.jpg_720x720q80.jpg_.webp,185000.0,81,28,4.8,Kay_store,https://www.lazada.vn/products/pdp-i2927356778.html,Normal
2927356778,"quần jean nam dài DSQ xanh rách thêu vá khuyết tật mẫu mới cá tính, chất jean dày mềm dãn tốt ống bó nhẹ.","form hơi ôm quá m ạ, mình vận động mạnh thấy hơi khó khăn xíu, sượng nhẹ",negative,https://img.lazcdn.com/g/ff/kf/S9c3ffc3ded9449f693d49f9171174990u.jpg_720x720q80.jpg_.webp,185000.0,81,28,4.8,Kay_store,https://www.lazada.vn/products/pdp-i2927356778.html,Normal
2927356778,"quần jean nam dài DSQ xanh rách thêu vá khuyết tật mẫu mới cá tính, chất jean dày mềm dãn tốt ống bó nhẹ.","mấy cái chỗ thêu vá bên trong hơi bị ngứa da t xíu, hơi bị sượng sùng",negative,https://img.lazcdn.com/g/ff/kf/S9c3ffc3ded9449f693d49f9171174990u.jpg_720x720q80.jpg_.webp,185000.0,81,28,4.8,Kay_store,https://www.lazada.vn/products/pdp-i2927356778.html,Normal
2927356778,"quần jean nam dài DSQ xanh rách thêu vá khuyết tật mẫu mới cá tính, chất jean dày mềm dãn tốt ống bó nhẹ.","đợi hàng hơn 10 ngày mới thấy mặt mũi cái quần, shop ship chậm thoy rồi",negative,https://img.lazcdn.com/g/ff/kf/S9c3ffc3ded9449f693d49f9171174990u.jpg_720x720q80.jpg_.webp,185000.0,81,28,4.8,Kay_store,https://www.lazada.vn/products/pdp-i2927356778.html,Normal
1952332778,QUẦN BÒ JEAN NAM DÀI XANH RÁCH GỐI THÊU CHỮ ĐẸPCHẤT BÒ CO GIÃN GIÁ TỐT KAYSTORE 25/06,"thêu chữ đẹp vãi m ơi, chất jean xanh rách gối nhìn trẻ trung năng động cực 💙",positive,https://img.lazcdn.com/g/p/35f8ea3dfec03f6d112d3a8c95a3befa.jpg_720x720q80.jpg_.webp,159000.0,343,91,4.9,Kay_store,https://www.lazada.vn/products/pdp-i1952332778.html,Normal
1952332778,QUẦN BÒ JEAN NAM DÀI XANH RÁCH GỐI THÊU CHỮ ĐẸPCHẤT BÒ CO GIÃN GIÁ TỐT KAYSTORE 25/06,mình thấy kaystore bán hàng giá tốt mà chất lượng xịn xò thật sự luôn á m,positive,https://img.lazcdn.com/g/p/35f8ea3dfec03f6d112d3a8c95a3befa.jpg_720x720q80.jpg_.webp,159000.0,343,91,4.9,Kay_store,https://www.lazada.vn/products/pdp-i1952332778.html,Normal
1952332778,QUẦN BÒ JEAN NAM DÀI XANH RÁCH GỐI THÊU CHỮ ĐẸPCHẤT BÒ CO GIÃN GIÁ TỐT KAYSTORE 25/06,"vải bò co giãn mặc thoải mái ko bị bí, t cực kì recommend nha ae",positive,https://img.lazcdn.com/g/p/35f8ea3dfec03f6d112d3a8c95a3befa.jpg_720x720q80.jpg_.webp,159000.0,343,91,4.9,Kay_store,https://www.lazada.vn/products/pdp-i1952332778.html,Normal
1952332778,QUẦN BÒ JEAN NAM DÀI XANH RÁCH GỐI THÊU CHỮ ĐẸPCHẤT BÒ CO GIÃN GIÁ TỐT KAYSTORE 25/06,"ta thấy form quần chuẩn đét, mặc vào là thấy mình slay hẳn ra luôn thoy",positive,https://img.lazcdn.com/g/p/35f8ea3dfec03f6d112d3a8c95a3befa.jpg_720x720q80.jpg_.webp,159000.0,343,91,4.9,Kay_store,https://www.lazada.vn/products/pdp-i1952332778.html,Normal
1952332778,QUẦN BÒ JEAN NAM DÀI XANH RÁCH GỐI THÊU CHỮ ĐẸPCHẤT BÒ CO GIÃN GIÁ TỐT KAYSTORE 25/06,"đúng mẫu hot 25/06 luôn, đóng gói đẹp giao hàng đúng hẹn, 5 sao",positive,https://img.lazcdn.com/g/p/35f8ea3dfec03f6d112d3a8c95a3befa.jpg_720x720q80.jpg_.webp,159000.0,343,91,4.9,Kay_store,https://www.lazada.vn/products/pdp-i1952332778.html,Normal
1952332778,QUẦN BÒ JEAN NAM DÀI XANH RÁCH GỐI THÊU CHỮ ĐẸPCHẤT BÒ CO GIÃN GIÁ TỐT KAYSTORE 25/06,chất bò xịn mịn.,positive,https://img.lazcdn.com/g/p/35f8ea3dfec03f6d112d3a8c95a3befa.jpg_720x720q80.jpg_.webp,159000.0,343,91,4.9,Kay_store,https://www.lazada.vn/products/pdp-i1952332778.html,Normal
1952332778,QUẦN BÒ JEAN NAM DÀI XANH RÁCH GỐI THÊU CHỮ ĐẸPCHẤT BÒ CO GIÃN GIÁ TỐT KAYSTORE 25/06,"mặc đi cafe sống ảo là bao cháy máy luôn m ạ, keo lỳ nha shop ơi",positive,https://img.lazcdn.com/g/p/35f8ea3dfec03f6d112d3a8c95a3befa.jpg_720x720q80.jpg_.webp,159000.0,343,91,4.9,Kay_store,https://www.lazada.vn/products/pdp-i1952332778.html,Normal
1952332778,QUẦN BÒ JEAN NAM DÀI XANH RÁCH GỐI THÊU CHỮ ĐẸPCHẤT BÒ CO GIÃN GIÁ TỐT KAYSTORE 25/06,"màu xanh denim ở ngoài đẹp hơn trong ảnh nhiều luôn, mình hài lòng cực",positive,https://img.lazcdn.com/g/p/35f8ea3dfec03f6d112d3a8c95a3befa.jpg_720x720q80.jpg_.webp,159000.0,343,91,4.9,Kay_store,https://www.lazada.vn/products/pdp-i1952332778.html,Normal
1952332778,QUẦN BÒ JEAN NAM DÀI XANH RÁCH GỐI THÊU CHỮ ĐẸPCHẤT BÒ CO GIÃN GIÁ TỐT KAYSTORE 25/06,"cái chữ thêu hơi bị lệch 1 xíu, mình nhìn thấy hơi bị sượng sùng thoy 😤",negative,https://img.lazcdn.com/g/p/35f8ea3dfec03f6d112d3a8c95a3befa.jpg_720x720q80.jpg_.webp,159000.0,343,91,4.9,Kay_store,https://www.lazada.vn/products/pdp-i1952332778.html,Normal
1952332778,QUẦN BÒ JEAN NAM DÀI XANH RÁCH GỐI THÊU CHỮ ĐẸPCHẤT BÒ CO GIÃN GIÁ TỐT KAYSTORE 25/06,"vải hơi mỏng so với các mẫu jean khác của shop, mình thấy hơi buồn nhẹ",negative,https://img.lazcdn.com/g/p/35f8ea3dfec03f6d112d3a8c95a3befa.jpg_720x720q80.jpg_.webp,159000.0,343,91,4.9,Kay_store,https://www.lazada.vn/products/pdp-i1952332778.html,Normal
2352898154,QUẦN JEAN ỐNG RỘNG NAM NỮ UNIEX BỤI BẶM ĐƯỜNG PHỐ PHONG CÁCH HÀN QUỐC HOT TREND 2023 - TOKYO FASHION,"ống rộng unisex mặc bao dính luôn m ơi, bụi bặm đường phố đúng vibe hàn quốc 🇰🇷🔥",positive,https://img.lazcdn.com/g/p/1968a35524fba6ee2210bda06d45624a.jpg_720x720q80.jpg_.webp,190000.0,248,62,4.7,tokyo.shop,https://www.lazada.vn/products/pdp-i2352898154.html,Normal
2352898154,QUẦN JEAN ỐNG RỘNG NAM NỮ UNIEX BỤI BẶM ĐƯỜNG PHỐ PHONG CÁCH HÀN QUỐC HOT TREND 2023 - TOKYO FASHION,"mình thấy form này hot trend 2023 là đúng rồi, mặc vào nhìn cực kì sành điệu luôn",positive,https://img.lazcdn.com/g/p/1968a35524fba6ee2210bda06d45624a.jpg_720x720q80.jpg_.webp,190000.0,248,62,4.7,tokyo.shop,https://www.lazada.vn/products/pdp-i2352898154.html,Normal
2352898154,QUẦN JEAN ỐNG RỘNG NAM NỮ UNIEX BỤI BẶM ĐƯỜNG PHỐ PHONG CÁCH HÀN QUỐC HOT TREND 2023 - TOKYO FASHION,"tokyo fashion thiết kế form rộng mặc thoải mái cực, ko bị gò bó tí nào",positive,https://img.lazcdn.com/g/p/1968a35524fba6ee2210bda06d45624a.jpg_720x720q80.jpg_.webp,190000.0,248,62,4.7,tokyo.shop,https://www.lazada.vn/products/pdp-i2352898154.html,Normal
2352898154,QUẦN JEAN ỐNG RỘNG NAM NỮ UNIEX BỤI BẶM ĐƯỜNG PHỐ PHONG CÁCH HÀN QUỐC HOT TREND 2023 - TOKYO FASHION,"ta thấy em này phối với áo baby tee là bao keo lỳ luôn m ạ, slay",positive,https://img.lazcdn.com/g/p/1968a35524fba6ee2210bda06d45624a.jpg_720x720q80.jpg_.webp,190000.0,248,62,4.7,tokyo.shop,https://www.lazada.vn/products/pdp-i2352898154.html,Normal
2352898154,QUẦN JEAN ỐNG RỘNG NAM NỮ UNIEX BỤI BẶM ĐƯỜNG PHỐ PHONG CÁCH HÀN QUỐC HOT TREND 2023 - TOKYO FASHION,"vải jean dày dặn đứng form, màu sắc vintage nhìn nghệ vãi chưởng luôn 💯",positive,https://img.lazcdn.com/g/p/1968a35524fba6ee2210bda06d45624a.jpg_720x720q80.jpg_.webp,190000.0,248,62,4.7,tokyo.shop,https://www.lazada.vn/products/pdp-i2352898154.html,Normal
2352898154,QUẦN JEAN ỐNG RỘNG NAM NỮ UNIEX BỤI BẶM ĐƯỜNG PHỐ PHONG CÁCH HÀN QUỐC HOT TREND 2023 - TOKYO FASHION,quần rộng mặc sướng.,positive,https://img.lazcdn.com/g/p/1968a35524fba6ee2210bda06d45624a.jpg_720x720q80.jpg_.webp,190000.0,248,62,4.7,tokyo.shop,https://www.lazada.vn/products/pdp-i2352898154.html,Normal
2352898154,QUẦN JEAN ỐNG RỘNG NAM NỮ UNIEX BỤI BẶM ĐƯỜNG PHỐ PHONG CÁCH HÀN QUỐC HOT TREND 2023 - TOKYO FASHION,"style bboy/bgirl mặc mẫu này là chuẩn bài, mình rất thích cách shop đóng gói",positive,https://img.lazcdn.com/g/p/1968a35524fba6ee2210bda06d45624a.jpg_720x720q80.jpg_.webp,190000.0,248,62,4.7,tokyo.shop,https://www.lazada.vn/products/pdp-i2352898154.html,Normal
2352898154,QUẦN JEAN ỐNG RỘNG NAM NỮ UNIEX BỤI BẶM ĐƯỜNG PHỐ PHONG CÁCH HÀN QUỐC HOT TREND 2023 - TOKYO FASHION,"ống quần quá rộng so với chân mình, mình đi lại thấy hơi bị vướng víu, sượng",negative,https://img.lazcdn.com/g/p/1968a35524fba6ee2210bda06d45624a.jpg_720x720q80.jpg_.webp,190000.0,248,62,4.7,tokyo.shop,https://www.lazada.vn/products/pdp-i2352898154.html,Normal
2352898154,QUẦN JEAN ỐNG RỘNG NAM NỮ UNIEX BỤI BẶM ĐƯỜNG PHỐ PHONG CÁCH HÀN QUỐC HOT TREND 2023 - TOKYO FASHION,"giao nhầm màu đen cho mình rồi, mình đặt màu xanh mà shop ơi, sượng vãi",negative,https://img.lazcdn.com/g/p/1968a35524fba6ee2210bda06d45624a.jpg_720x720q80.jpg_.webp,190000.0,248,62,4.7,tokyo.shop,https://www.lazada.vn/products/pdp-i2352898154.html,Normal
2352898154,QUẦN JEAN ỐNG RỘNG NAM NỮ UNIEX BỤI BẶM ĐƯỜNG PHỐ PHONG CÁCH HÀN QUỐC HOT TREND 2023 - TOKYO FASHION,"chờ shipper gọi mòn mỏi luôn mới thấy mặt, làm mình bị lỡ việc thoy 😤",negative,https://img.lazcdn.com/g/p/1968a35524fba6ee2210bda06d45624a.jpg_720x720q80.jpg_.webp,190000.0,248,62,4.7,tokyo.shop,https://www.lazada.vn/products/pdp-i2352898154.html,Normal
2212235154,Quần jean nam đen CAO CẤP thiết kế rách gối chất bò thêu logo LÁ PHONG hotrend co giãn phonh cách thời trang cá tính form chuẩn giá rẻ,"thêu logo lá phong nhìn keo lỳ vãi m ơi, rách gối đúng trend boy phố luôn 🍁👖",positive,https://img.lazcdn.com/g/p/089940c4d484cb91f0b6950ecbd2190e.jpg_720x720q80.jpg_.webp,169000.0,108,34,4.1,TANBEO-SHOP,https://www.lazada.vn/products/pdp-i2212235154.html,Normal
2212235154,Quần jean nam đen CAO CẤP thiết kế rách gối chất bò thêu logo LÁ PHONG hotrend co giãn phonh cách thời trang cá tính form chuẩn giá rẻ,"mình thấy chất bò cao cấp co giãn mặc sướng cực, giá rẻ mà chất lượng xịn",positive,https://img.lazcdn.com/g/p/089940c4d484cb91f0b6950ecbd2190e.jpg_720x720q80.jpg_.webp,169000.0,108,34,4.1,TANBEO-SHOP,https://www.lazada.vn/products/pdp-i2212235154.html,Normal
2212235154,Quần jean nam đen CAO CẤP thiết kế rách gối chất bò thêu logo LÁ PHONG hotrend co giãn phonh cách thời trang cá tính form chuẩn giá rẻ,"form chuẩn đét hack chân dài miên man luôn m ạ, mặc đi date bao cháy",positive,https://img.lazcdn.com/g/p/089940c4d484cb91f0b6950ecbd2190e.jpg_720x720q80.jpg_.webp,169000.0,108,34,4.1,TANBEO-SHOP,https://www.lazada.vn/products/pdp-i2212235154.html,Normal
2212235154,Quần jean nam đen CAO CẤP thiết kế rách gối chất bò thêu logo LÁ PHONG hotrend co giãn phonh cách thời trang cá tính form chuẩn giá rẻ,"ta thấy màu đen này bền màu phết, giặt k bị phai đâu nha ae, múc lẹ",positive,https://img.lazcdn.com/g/p/089940c4d484cb91f0b6950ecbd2190e.jpg_720x720q80.jpg_.webp,169000.0,108,34,4.1,TANBEO-SHOP,https://www.lazada.vn/products/pdp-i2212235154.html,Normal
2212235154,Quần jean nam đen CAO CẤP thiết kế rách gối chất bò thêu logo LÁ PHONG hotrend co giãn phonh cách thời trang cá tính form chuẩn giá rẻ,"lá phong thêu sắc nét nhìn sang xịn mịn vãi chưởng luôn m ạ, dính",positive,https://img.lazcdn.com/g/p/089940c4d484cb91f0b6950ecbd2190e.jpg_720x720q80.jpg_.webp,169000.0,108,34,4.1,TANBEO-SHOP,https://www.lazada.vn/products/pdp-i2212235154.html,Normal
2212235154,Quần jean nam đen CAO CẤP thiết kế rách gối chất bò thêu logo LÁ PHONG hotrend co giãn phonh cách thời trang cá tính form chuẩn giá rẻ,"quần đẹp, bảnh tỏn.",positive,https://img.lazcdn.com/g/p/089940c4d484cb91f0b6950ecbd2190e.jpg_720x720q80.jpg_.webp,169000.0,108,34,4.1,TANBEO-SHOP,https://www.lazada.vn/products/pdp-i2212235154.html,Normal
2212235154,Quần jean nam đen CAO CẤP thiết kế rách gối chất bò thêu logo LÁ PHONG hotrend co giãn phonh cách thời trang cá tính form chuẩn giá rẻ,"đúng chuẩn mẫu mới hottrend, mình cực kì hài lòng với mẫu thiết kế này",positive,https://img.lazcdn.com/g/p/089940c4d484cb91f0b6950ecbd2190e.jpg_720x720q80.jpg_.webp,169000.0,108,34,4.1,TANBEO-SHOP,https://www.lazada.vn/products/pdp-i2212235154.html,Normal
2212235154,Quần jean nam đen CAO CẤP thiết kế rách gối chất bò thêu logo LÁ PHONG hotrend co giãn phonh cách thời trang cá tính form chuẩn giá rẻ,"đóng gói kỹ càng giao hàng đúng hạn, 10 đỉm cho sự chuyên nghiệp của shop",positive,https://img.lazcdn.com/g/p/089940c4d484cb91f0b6950ecbd2190e.jpg_720x720q80.jpg_.webp,169000.0,108,34,4.1,TANBEO-SHOP,https://www.lazada.vn/products/pdp-i2212235154.html,Normal
2212235154,Quần jean nam đen CAO CẤP thiết kế rách gối chất bò thêu logo LÁ PHONG hotrend co giãn phonh cách thời trang cá tính form chuẩn giá rẻ,"đường may ở chỗ logo lá phong bị sứt chỉ, mình nhìn hơi sượng sùng xíu",negative,https://img.lazcdn.com/g/p/089940c4d484cb91f0b6950ecbd2190e.jpg_720x720q80.jpg_.webp,169000.0,108,34,4.1,TANBEO-SHOP,https://www.lazada.vn/products/pdp-i2212235154.html,Normal
2212235154,Quần jean nam đen CAO CẤP thiết kế rách gối chất bò thêu logo LÁ PHONG hotrend co giãn phonh cách thời trang cá tính form chuẩn giá rẻ,"size hơi bị rộng bụng quá so với mình, phải dùng thắt lưng nhìn hơi sượng thoy",negative,https://img.lazcdn.com/g/p/089940c4d484cb91f0b6950ecbd2190e.jpg_720x720q80.jpg_.webp,169000.0,108,34,4.1,TANBEO-SHOP,https://www.lazada.vn/products/pdp-i2212235154.html,Normal
2237752421,Men's Jeans Men's Jeans Cotton Straight-Leg Jeans Thick Fabric Standard Form No Fading High Quality,"straight-leg jean mặc bao thanh lịch luôn m ơi, vải dày đứng form cực kì 👔👖",positive,https://img.lazcdn.com/g/p/0901b61f059d369d3d66f73e695e8060.jpg_720x720q80.jpg_.webp,139000.0,2200,727,4.8,hungphuocfashion,https://www.lazada.vn/products/pdp-i2237752421.html,Normal
2237752421,Men's Jeans Men's Jeans Cotton Straight-Leg Jeans Thick Fabric Standard Form No Fading High Quality,"mình thấy cotton jean này ko phai màu đúng như quảng cáo, hàng high quality thật",positive,https://img.lazcdn.com/g/p/0901b61f059d369d3d66f73e695e8060.jpg_720x720q80.jpg_.webp,139000.0,2200,727,4.8,hungphuocfashion,https://www.lazada.vn/products/pdp-i2237752421.html,Normal
2237752421,Men's Jeans Men's Jeans Cotton Straight-Leg Jeans Thick Fabric Standard Form No Fading High Quality,"ta thấy form chuẩn mặc vào nhìn chững chạc bảnh trai hẳn ra m ạ, okla",positive,https://img.lazcdn.com/g/p/0901b61f059d369d3d66f73e695e8060.jpg_720x720q80.jpg_.webp,139000.0,2200,727,4.8,hungphuocfashion,https://www.lazada.vn/products/pdp-i2237752421.html,Normal
2237752421,Men's Jeans Men's Jeans Cotton Straight-Leg Jeans Thick Fabric Standard Form No Fading High Quality,"vải jean xịn sờ mướt tay vãi, mặc đi làm đi chơi đều bao dính thoy",positive,https://img.lazcdn.com/g/p/0901b61f059d369d3d66f73e695e8060.jpg_720x720q80.jpg_.webp,139000.0,2200,727,4.8,hungphuocfashion,https://www.lazada.vn/products/pdp-i2237752421.html,Normal
2237752421,Men's Jeans Men's Jeans Cotton Straight-Leg Jeans Thick Fabric Standard Form No Fading High Quality,"keo lỳ nha, mình mua 2 cái luôn vì mặc quá thích luôn á shop ơi 😍",positive,https://img.lazcdn.com/g/p/0901b61f059d369d3d66f73e695e8060.jpg_720x720q80.jpg_.webp,139000.0,2200,727,4.8,hungphuocfashion,https://www.lazada.vn/products/pdp-i2237752421.html,Normal
2237752421,Men's Jeans Men's Jeans Cotton Straight-Leg Jeans Thick Fabric Standard Form No Fading High Quality,"quần tốt, chuẩn size.",positive,https://img.lazcdn.com/g/p/0901b61f059d369d3d66f73e695e8060.jpg_720x720q80.jpg_.webp,139000.0,2200,727,4.8,hungphuocfashion,https://www.lazada.vn/products/pdp-i2237752421.html,Normal
2237752421,Men's Jeans Men's Jeans Cotton Straight-Leg Jeans Thick Fabric Standard Form No Fading High Quality,"đáng tiền bát gạo, shop uy tín giao hàng nhanh đóng gói cẩn thận vãi",positive,https://img.lazcdn.com/g/p/0901b61f059d369d3d66f73e695e8060.jpg_720x720q80.jpg_.webp,139000.0,2200,727,4.8,hungphuocfashion,https://www.lazada.vn/products/pdp-i2237752421.html,Normal
2237752421,Men's Jeans Men's Jeans Cotton Straight-Leg Jeans Thick Fabric Standard Form No Fading High Quality,"mặc vào thấy tự tin hẳn ra, mình cực kì hài lòng với chất lượng này",positive,https://img.lazcdn.com/g/p/0901b61f059d369d3d66f73e695e8060.jpg_720x720q80.jpg_.webp,139000.0,2200,727,4.8,hungphuocfashion,https://www.lazada.vn/products/pdp-i2237752421.html,Normal
2237752421,Men's Jeans Men's Jeans Cotton Straight-Leg Jeans Thick Fabric Standard Form No Fading High Quality,"vải hơi thô ráp một chút m ạ, mình mặc vào thấy hơi ngứa da xíu, sượng",negative,https://img.lazcdn.com/g/p/0901b61f059d369d3d66f73e695e8060.jpg_720x720q80.jpg_.webp,139000.0,2200,727,4.8,hungphuocfashion,https://www.lazada.vn/products/pdp-i2237752421.html,Normal
2237752421,Men's Jeans Men's Jeans Cotton Straight-Leg Jeans Thick Fabric Standard Form No Fading High Quality,"túi quần hơi nông mình để ví tiền thỉnh thoảng bị rơi ra ngoài, buồn thoy",negative,https://img.lazcdn.com/g/p/0901b61f059d369d3d66f73e695e8060.jpg_720x720q80.jpg_.webp,139000.0,2200,727,4.8,hungphuocfashion,https://www.lazada.vn/products/pdp-i2237752421.html,Normal
2596204462,Quần jean nam mẫu mới cao cấp phối rách Xanh vá da trẻ trung sang trọng phong cách,"vá da trẻ trung sang trọng vãi m ơi, mẫu mới phối rách nhìn cá tính cực 🧥👖",positive,https://img.lazcdn.com/g/p/2fbb6c4a741084dd0936a14fb7d40ada.jpg_720x720q80.jpg_.webp,189000.0,80,21,4.4,NGUYÊN-LUXURY STORE,https://www.lazada.vn/products/pdp-i2596204462.html,Normal
2596204462,Quần jean nam mẫu mới cao cấp phối rách Xanh vá da trẻ trung sang trọng phong cách,"mình thấy jean xanh này chất lượng cao cấp vãi, vá da nhìn nghệ vãi chưởng",positive,https://img.lazcdn.com/g/p/2fbb6c4a741084dd0936a14fb7d40ada.jpg_720x720q80.jpg_.webp,189000.0,80,21,4.4,NGUYÊN-LUXURY STORE,https://www.lazada.vn/products/pdp-i2596204462.html,Normal
2596204462,Quần jean nam mẫu mới cao cấp phối rách Xanh vá da trẻ trung sang trọng phong cách,"phong cách thời trang hottrend, mặc đi cafe sống ảo là bao cháy máy m ạ",positive,https://img.lazcdn.com/g/p/2fbb6c4a741084dd0936a14fb7d40ada.jpg_720x720q80.jpg_.webp,189000.0,80,21,4.4,NGUYÊN-LUXURY STORE,https://www.lazada.vn/products/pdp-i2596204462.html,Normal
2596204462,Quần jean nam mẫu mới cao cấp phối rách Xanh vá da trẻ trung sang trọng phong cách,"ta thấy form quần chuẩn đét hack dáng cực kì, keo lỳ nha shop ơi 😍",positive,https://img.lazcdn.com/g/p/2fbb6c4a741084dd0936a14fb7d40ada.jpg_720x720q80.jpg_.webp,189000.0,80,21,4.4,NGUYÊN-LUXURY STORE,https://www.lazada.vn/products/pdp-i2596204462.html,Normal
2596204462,Quần jean nam mẫu mới cao cấp phối rách Xanh vá da trẻ trung sang trọng phong cách,"vải dày dặn co giãn tốt, mặc thoải mái ko bị bí bách miếng nào thoy",positive,https://img.lazcdn.com/g/p/2fbb6c4a741084dd0936a14fb7d40ada.jpg_720x720q80.jpg_.webp,189000.0,80,21,4.4,NGUYÊN-LUXURY STORE,https://www.lazada.vn/products/pdp-i2596204462.html,Normal
2596204462,Quần jean nam mẫu mới cao cấp phối rách Xanh vá da trẻ trung sang trọng phong cách,"quần bảnh, mẫu lạ đẹp.",positive,https://img.lazcdn.com/g/p/2fbb6c4a741084dd0936a14fb7d40ada.jpg_720x720q80.jpg_.webp,189000.0,80,21,4.4,NGUYÊN-LUXURY STORE,https://www.lazada.vn/products/pdp-i2596204462.html,Normal
2596204462,Quần jean nam mẫu mới cao cấp phối rách Xanh vá da trẻ trung sang trọng phong cách,"đúng chuẩn hàng shop xịn, đóng gói chuyên nghiệp giao hàng lẹ như chớp luôn",positive,https://img.lazcdn.com/g/p/2fbb6c4a741084dd0936a14fb7d40ada.jpg_720x720q80.jpg_.webp,189000.0,80,21,4.4,NGUYÊN-LUXURY STORE,https://www.lazada.vn/products/pdp-i2596204462.html,Normal
2596204462,Quần jean nam mẫu mới cao cấp phối rách Xanh vá da trẻ trung sang trọng phong cách,"mình rất hài lòng, mặc lên nhìn bảnh tỏn hẳn ra, ai cũng khen hết",positive,https://img.lazcdn.com/g/p/2fbb6c4a741084dd0936a14fb7d40ada.jpg_720x720q80.jpg_.webp,189000.0,80,21,4.4,NGUYÊN-LUXURY STORE,https://www.lazada.vn/products/pdp-i2596204462.html,Normal
2596204462,Quần jean nam mẫu mới cao cấp phối rách Xanh vá da trẻ trung sang trọng phong cách,"miếng vá da hơi bị lỏng lẻo, mình sợ giặt máy vài lần là nó rớt ra, sượng",negative,https://img.lazcdn.com/g/p/2fbb6c4a741084dd0936a14fb7d40ada.jpg_720x720q80.jpg_.webp,189000.0,80,21,4.4,NGUYÊN-LUXURY STORE,https://www.lazada.vn/products/pdp-i2596204462.html,Normal
2596204462,Quần jean nam mẫu mới cao cấp phối rách Xanh vá da trẻ trung sang trọng phong cách,"màu ở ngoài hơi tối hơn trong hình một chút, mình ko ưng lắm thoy 😤",negative,https://img.lazcdn.com/g/p/2fbb6c4a741084dd0936a14fb7d40ada.jpg_720x720q80.jpg_.webp,189000.0,80,21,4.4,NGUYÊN-LUXURY STORE,https://www.lazada.vn/products/pdp-i2596204462.html,Normal
2844954525,"Men's Wide-Let Jeans with Box Pockets and Straps, High-Waist, Stylish Ulzzang Style - Dubai Fashion","mình thấy form rộng ulzzang này bảnh vãi, dubai fashion làm túi hộp với dây đai nhìn chất lừ luôn á m ơi 🛹🔥",positive,https://img.lazcdn.com/g/p/0e890e94e1e3aad5a0c53ea994852a81.jpg_720x720q80.jpg_.webp,204000.0,64,23,4.3,Dubaishop,https://www.lazada.vn/products/pdp-i2844954525.html,Normal
2844954525,"Men's Wide-Let Jeans with Box Pockets and Straps, High-Waist, Stylish Ulzzang Style - Dubai Fashion","quần cạp cao hack dáng cực, t mặc vào nhìn chân dài miên man, keo lỳ nha shop ơi 😍",positive,https://img.lazcdn.com/g/p/0e890e94e1e3aad5a0c53ea994852a81.jpg_720x720q80.jpg_.webp,204000.0,64,23,4.3,Dubaishop,https://www.lazada.vn/products/pdp-i2844954525.html,Normal
2844954525,"Men's Wide-Let Jeans with Box Pockets and Straps, High-Waist, Stylish Ulzzang Style - Dubai Fashion","vibe hàn quốc đỉnh chóp luôn á, phối với croptop hay tee đều ổn áp thoy, slay nha",positive,https://img.lazcdn.com/g/p/0e890e94e1e3aad5a0c53ea994852a81.jpg_720x720q80.jpg_.webp,204000.0,64,23,4.3,Dubaishop,https://www.lazada.vn/products/pdp-i2844954525.html,Normal
2844954525,"Men's Wide-Let Jeans with Box Pockets and Straps, High-Waist, Stylish Ulzzang Style - Dubai Fashion","ta thấy vải dày dặn, túi hộp tiện lợi cực, 10 đỉm cho sự sành điệu này",positive,https://img.lazcdn.com/g/p/0e890e94e1e3aad5a0c53ea994852a81.jpg_720x720q80.jpg_.webp,204000.0,64,23,4.3,Dubaishop,https://www.lazada.vn/products/pdp-i2844954525.html,Normal
2844954525,"Men's Wide-Let Jeans with Box Pockets and Straps, High-Waist, Stylish Ulzzang Style - Dubai Fashion",đẹp xỉu ngang luôn m ơi.,positive,https://img.lazcdn.com/g/p/0e890e94e1e3aad5a0c53ea994852a81.jpg_720x720q80.jpg_.webp,204000.0,64,23,4.3,Dubaishop,https://www.lazada.vn/products/pdp-i2844954525.html,Normal
2844954525,"Men's Wide-Let Jeans with Box Pockets and Straps, High-Waist, Stylish Ulzzang Style - Dubai Fashion","đúng chuẩn hot trend 2024, m nên múc 1 cái đi m ạ, bảnh lắm",positive,https://img.lazcdn.com/g/p/0e890e94e1e3aad5a0c53ea994852a81.jpg_720x720q80.jpg_.webp,204000.0,64,23,4.3,Dubaishop,https://www.lazada.vn/products/pdp-i2844954525.html,Normal
2844954525,"Men's Wide-Let Jeans with Box Pockets and Straps, High-Waist, Stylish Ulzzang Style - Dubai Fashion","giao lẹ như chớp, đóng gói kĩ.",positive,https://img.lazcdn.com/g/p/0e890e94e1e3aad5a0c53ea994852a81.jpg_720x720q80.jpg_.webp,204000.0,64,23,4.3,Dubaishop,https://www.lazada.vn/products/pdp-i2844954525.html,Normal
2844954525,"Men's Wide-Let Jeans with Box Pockets and Straps, High-Waist, Stylish Ulzzang Style - Dubai Fashion","form chuẩn ulzzang, mặc vào nhìn có gu hẳn ra m ạ",positive,https://img.lazcdn.com/g/p/0e890e94e1e3aad5a0c53ea994852a81.jpg_720x720q80.jpg_.webp,204000.0,64,23,4.3,Dubaishop,https://www.lazada.vn/products/pdp-i2844954525.html,Normal
2844954525,"Men's Wide-Let Jeans with Box Pockets and Straps, High-Waist, Stylish Ulzzang Style - Dubai Fashion","ống quần rộng quá m ạ, mình mặc đi lại thấy hơi bị vướng víu sượng sùng ghê",negative,https://img.lazcdn.com/g/p/0e890e94e1e3aad5a0c53ea994852a81.jpg_720x720q80.jpg_.webp,204000.0,64,23,4.3,Dubaishop,https://www.lazada.vn/products/pdp-i2844954525.html,Normal
2844954525,"Men's Wide-Let Jeans with Box Pockets and Straps, High-Waist, Stylish Ulzzang Style - Dubai Fashion","dây đai hơi bị lỏng lẻo, t thắt lại mà nó cứ tuột ra ngoài thoy 😤",negative,https://img.lazcdn.com/g/p/0e890e94e1e3aad5a0c53ea994852a81.jpg_720x720q80.jpg_.webp,204000.0,64,23,4.3,Dubaishop,https://www.lazada.vn/products/pdp-i2844954525.html,Normal
2891317979,"Men's Boxer Shorts, Kelvin Men's Underwear, High-Quality Antibacterial Cold Elastic Fabric with 4-Way Stretch, Masculine Style - Kelvin Celin -","thun lạnh antibacterial mặc bao phê luôn m ơi, co giãn 4 chiều vận động thoải mái cực kì 🧊🩲",positive,https://img.lazcdn.com/g/p/0c6d835ef01e3bc50fbbb1fd9b784cbb.jpg_720x720q80.jpg_.webp,32000.0,682,88,5.0,Kevin Man,https://www.lazada.vn/products/pdp-i2891317979.html,Normal
2891317979,"Men's Boxer Shorts, Kelvin Men's Underwear, High-Quality Antibacterial Cold Elastic Fabric with 4-Way Stretch, Masculine Style - Kelvin Celin -","mình thấy kelvin celin làm sịp nam rất chất lượng, vải mướt rượt sờ sướng tay vãi",positive,https://img.lazcdn.com/g/p/0c6d835ef01e3bc50fbbb1fd9b784cbb.jpg_720x720q80.jpg_.webp,32000.0,682,88,5.0,Kevin Man,https://www.lazada.vn/products/pdp-i2891317979.html,Normal
2891317979,"Men's Boxer Shorts, Kelvin Men's Underwear, High-Quality Antibacterial Cold Elastic Fabric with 4-Way Stretch, Masculine Style - Kelvin Celin -","ta thấy kiểu dáng boxer này nhìn nam tính bảnh tỏn hẳn ra m ạ, keo lỳ nha",positive,https://img.lazcdn.com/g/p/0c6d835ef01e3bc50fbbb1fd9b784cbb.jpg_720x720q80.jpg_.webp,32000.0,682,88,5.0,Kevin Man,https://www.lazada.vn/products/pdp-i2891317979.html,Normal
2891317979,"Men's Boxer Shorts, Kelvin Men's Underwear, High-Quality Antibacterial Cold Elastic Fabric with 4-Way Stretch, Masculine Style - Kelvin Celin -","mặc như không mặc, thoáng mát cực kì ko bị bí bách đâu nè shop ơi",positive,https://img.lazcdn.com/g/p/0c6d835ef01e3bc50fbbb1fd9b784cbb.jpg_720x720q80.jpg_.webp,32000.0,682,88,5.0,Kevin Man,https://www.lazada.vn/products/pdp-i2891317979.html,Normal
2891317979,"Men's Boxer Shorts, Kelvin Men's Underwear, High-Quality Antibacterial Cold Elastic Fabric with 4-Way Stretch, Masculine Style - Kelvin Celin -","đóng gói xịn xò, giao hàng nhanh, t cực kì hài lòng luôn á trời 😍",positive,https://img.lazcdn.com/g/p/0c6d835ef01e3bc50fbbb1fd9b784cbb.jpg_720x720q80.jpg_.webp,32000.0,682,88,5.0,Kevin Man,https://www.lazada.vn/products/pdp-i2891317979.html,Normal
2891317979,"Men's Boxer Shorts, Kelvin Men's Underwear, High-Quality Antibacterial Cold Elastic Fabric with 4-Way Stretch, Masculine Style - Kelvin Celin -","vải kháng khuẩn tốt, sạch sẽ.",positive,https://img.lazcdn.com/g/p/0c6d835ef01e3bc50fbbb1fd9b784cbb.jpg_720x720q80.jpg_.webp,32000.0,682,88,5.0,Kevin Man,https://www.lazada.vn/products/pdp-i2891317979.html,Normal
2891317979,"Men's Boxer Shorts, Kelvin Men's Underwear, High-Quality Antibacterial Cold Elastic Fabric with 4-Way Stretch, Masculine Style - Kelvin Celin -","form chuẩn men, mặc vào thấy tự tin hẳn ra m ạ",positive,https://img.lazcdn.com/g/p/0c6d835ef01e3bc50fbbb1fd9b784cbb.jpg_720x720q80.jpg_.webp,32000.0,682,88,5.0,Kevin Man,https://www.lazada.vn/products/pdp-i2891317979.html,Normal
2891317979,"Men's Boxer Shorts, Kelvin Men's Underwear, High-Quality Antibacterial Cold Elastic Fabric with 4-Way Stretch, Masculine Style - Kelvin Celin -","quần tốt, mát phết thoy.",positive,https://img.lazcdn.com/g/p/0c6d835ef01e3bc50fbbb1fd9b784cbb.jpg_720x720q80.jpg_.webp,32000.0,682,88,5.0,Kevin Man,https://www.lazada.vn/products/pdp-i2891317979.html,Normal
2891317979,"Men's Boxer Shorts, Kelvin Men's Underwear, High-Quality Antibacterial Cold Elastic Fabric with 4-Way Stretch, Masculine Style - Kelvin Celin -","cái lưng thun hơi bị chặt quá m ạ, mình mặc cả ngày thấy bị lằn bụng đau vãi",negative,https://img.lazcdn.com/g/p/0c6d835ef01e3bc50fbbb1fd9b784cbb.jpg_720x720q80.jpg_.webp,32000.0,682,88,5.0,Kevin Man,https://www.lazada.vn/products/pdp-i2891317979.html,Normal
2891317979,"Men's Boxer Shorts, Kelvin Men's Underwear, High-Quality Antibacterial Cold Elastic Fabric with 4-Way Stretch, Masculine Style - Kelvin Celin -","màu sắc hơi bị khác so với ảnh mạng, mình nhìn thấy hơi sượng sùng xíu thoy 😤",negative,https://img.lazcdn.com/g/p/0c6d835ef01e3bc50fbbb1fd9b784cbb.jpg_720x720q80.jpg_.webp,32000.0,682,88,5.0,Kevin Man,https://www.lazada.vn/products/pdp-i2891317979.html,Normal
3178552950,Fashionable Men's Long Jeans - Brand New Menswear Pants,"quần dài menswear form chuẩn đét luôn m ơi, mặc đi làm hay đi chơi đều bao dính nha ✨👖",positive,https://img.lazcdn.com/g/p/8751ee6949fbf2974aafc79f5fbe90a0.jpg_720x720q80.jpg_.webp,145000.0,11,4,5.0,HT FORMEN Shop,https://www.lazada.vn/products/pdp-i3178552950.html,Normal
3178552950,Fashionable Men's Long Jeans - Brand New Menswear Pants,"mình thấy brand new thiết kế mẫu này khá tinh tế, chất jean dày dặn đứng dáng cực kì",positive,https://img.lazcdn.com/g/p/8751ee6949fbf2974aafc79f5fbe90a0.jpg_720x720q80.jpg_.webp,145000.0,11,4,5.0,HT FORMEN Shop,https://www.lazada.vn/products/pdp-i3178552950.html,Normal
3178552950,Fashionable Men's Long Jeans - Brand New Menswear Pants,"ta thấy màu sắc rất bền, giặt mấy lần chưa thấy phai màu xíu nào, keo lỳ nha",positive,https://img.lazcdn.com/g/p/8751ee6949fbf2974aafc79f5fbe90a0.jpg_720x720q80.jpg_.webp,145000.0,11,4,5.0,HT FORMEN Shop,https://www.lazada.vn/products/pdp-i3178552950.html,Normal
3178552950,Fashionable Men's Long Jeans - Brand New Menswear Pants,"phối với sơ mi trắng là bao bảnh tỏn luôn m ạ, dính vãi luôn á",positive,https://img.lazcdn.com/g/p/8751ee6949fbf2974aafc79f5fbe90a0.jpg_720x720q80.jpg_.webp,145000.0,11,4,5.0,HT FORMEN Shop,https://www.lazada.vn/products/pdp-i3178552950.html,Normal
3178552950,Fashionable Men's Long Jeans - Brand New Menswear Pants,"đúng chuẩn hàng menswear xịn, mặc vào nhìn sang trọng hẳn thoy",positive,https://img.lazcdn.com/g/p/8751ee6949fbf2974aafc79f5fbe90a0.jpg_720x720q80.jpg_.webp,145000.0,11,4,5.0,HT FORMEN Shop,https://www.lazada.vn/products/pdp-i3178552950.html,Normal
3178552950,Fashionable Men's Long Jeans - Brand New Menswear Pants,"quần đẹp, bảnh tỏn cực.",positive,https://img.lazcdn.com/g/p/8751ee6949fbf2974aafc79f5fbe90a0.jpg_720x720q80.jpg_.webp,145000.0,11,4,5.0,HT FORMEN Shop,https://www.lazada.vn/products/pdp-i3178552950.html,Normal
3178552950,Fashionable Men's Long Jeans - Brand New Menswear Pants,"mặc lên nhìn chững chạc hẳn ra, mình rất ưng cái vibe này",positive,https://img.lazcdn.com/g/p/8751ee6949fbf2974aafc79f5fbe90a0.jpg_720x720q80.jpg_.webp,145000.0,11,4,5.0,HT FORMEN Shop,https://www.lazada.vn/products/pdp-i3178552950.html,Normal
3178552950,Fashionable Men's Long Jeans - Brand New Menswear Pants,"đóng gói chuyên nghiệp, giao hàng đúng hẹn, 5 sao cho shop",positive,https://img.lazcdn.com/g/p/8751ee6949fbf2974aafc79f5fbe90a0.jpg_720x720q80.jpg_.webp,145000.0,11,4,5.0,HT FORMEN Shop,https://www.lazada.vn/products/pdp-i3178552950.html,Normal
3178552950,Fashionable Men's Long Jeans - Brand New Menswear Pants,"size hơi ảo m ạ, mình mặc bị chật đùi quá phải đổi size mới vừa, sượng ghê",negative,https://img.lazcdn.com/g/p/8751ee6949fbf2974aafc79f5fbe90a0.jpg_720x720q80.jpg_.webp,145000.0,11,4,5.0,HT FORMEN Shop,https://www.lazada.vn/products/pdp-i3178552950.html,Normal
3178552950,Fashionable Men's Long Jeans - Brand New Menswear Pants,"ship hàng lâu vãi chưởng, t đợi gần 10 ngày mới nhận được thoy 😤",negative,https://img.lazcdn.com/g/p/8751ee6949fbf2974aafc79f5fbe90a0.jpg_720x720q80.jpg_.webp,145000.0,11,4,5.0,HT FORMEN Shop,https://www.lazada.vn/products/pdp-i3178552950.html,Normal
2874716240,Men's Straight-Leg Jeans Men's Cotton Straight-Leg Denim Jeans Non-Stretch Standard Form Thick Fabric Soft and Smooth No Color Fade,"straight-leg cotton mặc bao thoải mái m ơi, vải dày mềm mướt sờ thích tay vãi ☁️👖",positive,https://img.lazcdn.com/g/p/1a73e3476fc04c192d451bd78d46e68b.jpg_720x720q80.jpg_.webp,149000.0,293,102,4.8,hungphuocfashion,https://www.lazada.vn/products/pdp-i2874716240.html,Normal
2874716240,Men's Straight-Leg Jeans Men's Cotton Straight-Leg Denim Jeans Non-Stretch Standard Form Thick Fabric Soft and Smooth No Color Fade,"mình thấy form đứng chuẩn đét, ko giãn nhưng mặc lại ko hề bị bí bách tí nào",positive,https://img.lazcdn.com/g/p/1a73e3476fc04c192d451bd78d46e68b.jpg_720x720q80.jpg_.webp,149000.0,293,102,4.8,hungphuocfashion,https://www.lazada.vn/products/pdp-i2874716240.html,Normal
2874716240,Men's Straight-Leg Jeans Men's Cotton Straight-Leg Denim Jeans Non-Stretch Standard Form Thick Fabric Soft and Smooth No Color Fade,"ta thấy hàng cty xịn có khác, đường kim mũi chỉ nét căng ko thấy chỉ thừa luôn",positive,https://img.lazcdn.com/g/p/1a73e3476fc04c192d451bd78d46e68b.jpg_720x720q80.jpg_.webp,149000.0,293,102,4.8,hungphuocfashion,https://www.lazada.vn/products/pdp-i2874716240.html,Normal
2874716240,Men's Straight-Leg Jeans Men's Cotton Straight-Leg Denim Jeans Non-Stretch Standard Form Thick Fabric Soft and Smooth No Color Fade,"màu đen bền đẹp, ko phai màu đúng như quảng cáo nha m",positive,https://img.lazcdn.com/g/p/1a73e3476fc04c192d451bd78d46e68b.jpg_720x720q80.jpg_.webp,149000.0,293,102,4.8,hungphuocfashion,https://www.lazada.vn/products/pdp-i2874716240.html,Normal
2874716240,Men's Straight-Leg Jeans Men's Cotton Straight-Leg Denim Jeans Non-Stretch Standard Form Thick Fabric Soft and Smooth No Color Fade,"đáng đồng tiền bát gạo, shop uy tín giao lẹ đóng gói đẹp vãi chưởng",positive,https://img.lazcdn.com/g/p/1a73e3476fc04c192d451bd78d46e68b.jpg_720x720q80.jpg_.webp,149000.0,293,102,4.8,hungphuocfashion,https://www.lazada.vn/products/pdp-i2874716240.html,Normal
2874716240,Men's Straight-Leg Jeans Men's Cotton Straight-Leg Denim Jeans Non-Stretch Standard Form Thick Fabric Soft and Smooth No Color Fade,"keo nha shop ơi, t rất hài lòng luôn",positive,https://img.lazcdn.com/g/p/1a73e3476fc04c192d451bd78d46e68b.jpg_720x720q80.jpg_.webp,149000.0,293,102,4.8,hungphuocfashion,https://www.lazada.vn/products/pdp-i2874716240.html,Normal
2874716240,Men's Straight-Leg Jeans Men's Cotton Straight-Leg Denim Jeans Non-Stretch Standard Form Thick Fabric Soft and Smooth No Color Fade,"mặc vào thấy tự tin hẳn, form dáng cực kì sang xịn mịn luôn á m",positive,https://img.lazcdn.com/g/p/1a73e3476fc04c192d451bd78d46e68b.jpg_720x720q80.jpg_.webp,149000.0,293,102,4.8,hungphuocfashion,https://www.lazada.vn/products/pdp-i2874716240.html,Normal
2874716240,Men's Straight-Leg Jeans Men's Cotton Straight-Leg Denim Jeans Non-Stretch Standard Form Thick Fabric Soft and Smooth No Color Fade,"đẹp, chuẩn size, múc lẹ.",positive,https://img.lazcdn.com/g/p/1a73e3476fc04c192d451bd78d46e68b.jpg_720x720q80.jpg_.webp,149000.0,293,102,4.8,hungphuocfashion,https://www.lazada.vn/products/pdp-i2874716240.html,Normal
2874716240,Men's Straight-Leg Jeans Men's Cotton Straight-Leg Denim Jeans Non-Stretch Standard Form Thick Fabric Soft and Smooth No Color Fade,"eo hơi bị rộng quá so với t, mình phải đi bóp lại xíu mới mặc dc, sượng",negative,https://img.lazcdn.com/g/p/1a73e3476fc04c192d451bd78d46e68b.jpg_720x720q80.jpg_.webp,149000.0,293,102,4.8,hungphuocfashion,https://www.lazada.vn/products/pdp-i2874716240.html,Normal
2874716240,Men's Straight-Leg Jeans Men's Cotton Straight-Leg Denim Jeans Non-Stretch Standard Form Thick Fabric Soft and Smooth No Color Fade,"vải hơi dễ bám bụi bông m ạ, mặc xíu là nhìn bẩn bẩn sượng sùng vãi 😤",negative,https://img.lazcdn.com/g/p/1a73e3476fc04c192d451bd78d46e68b.jpg_720x720q80.jpg_.webp,149000.0,293,102,4.8,hungphuocfashion,https://www.lazada.vn/products/pdp-i2874716240.html,Normal
2177390029,Men's Jeans Men's Scratched Stretch Jeans High Quality Export Standard Form,"jean sước co giãn mặc bao phê m ơi, hàng xuất khẩu chuẩn form bảnh tỏn cực 🚀👖",positive,https://img.lazcdn.com/g/p/16944fce36cb6a1776c840709b39b75d.jpg_720x720q80.jpg_.webp,179000.0,273,81,4.7,hungphuocfashion,https://www.lazada.vn/products/pdp-i2177390029.html,Normal
2177390029,Men's Jeans Men's Scratched Stretch Jeans High Quality Export Standard Form,"mình thấy chất lượng jean xịn xò vãi, rách sước nhẹ nhìn cá tính ko bị lố nha",positive,https://img.lazcdn.com/g/p/16944fce36cb6a1776c840709b39b75d.jpg_720x720q80.jpg_.webp,179000.0,273,81,4.7,hungphuocfashion,https://www.lazada.vn/products/pdp-i2177390029.html,Normal
2177390029,Men's Jeans Men's Scratched Stretch Jeans High Quality Export Standard Form,"ta thấy mặc em này đi cafe sống ảo là bao cháy máy luôn m ạ, keo lỳ nha",positive,https://img.lazcdn.com/g/p/16944fce36cb6a1776c840709b39b75d.jpg_720x720q80.jpg_.webp,179000.0,273,81,4.7,hungphuocfashion,https://www.lazada.vn/products/pdp-i2177390029.html,Normal
2177390029,Men's Jeans Men's Scratched Stretch Jeans High Quality Export Standard Form,"form chuẩn men, lên dáng chân dài miên man luôn á m",positive,https://img.lazcdn.com/g/p/16944fce36cb6a1776c840709b39b75d.jpg_720x720q80.jpg_.webp,179000.0,273,81,4.7,hungphuocfashion,https://www.lazada.vn/products/pdp-i2177390029.html,Normal
2177390029,Men's Jeans Men's Scratched Stretch Jeans High Quality Export Standard Form,"giá rẻ mà chất jean tốt thế này là quá tuyệt vời luôn m ạ, múc lẹ",positive,https://img.lazcdn.com/g/p/16944fce36cb6a1776c840709b39b75d.jpg_720x720q80.jpg_.webp,179000.0,273,81,4.7,hungphuocfashion,https://www.lazada.vn/products/pdp-i2177390029.html,Normal
2177390029,Men's Jeans Men's Scratched Stretch Jeans High Quality Export Standard Form,"quần bảnh, giao nhanh.",positive,https://img.lazcdn.com/g/p/16944fce36cb6a1776c840709b39b75d.jpg_720x720q80.jpg_.webp,179000.0,273,81,4.7,hungphuocfashion,https://www.lazada.vn/products/pdp-i2177390029.html,Normal
2177390029,Men's Jeans Men's Scratched Stretch Jeans High Quality Export Standard Form,"màu jean xanh đẹp y hình thoy, mình cực ưng",positive,https://img.lazcdn.com/g/p/16944fce36cb6a1776c840709b39b75d.jpg_720x720q80.jpg_.webp,179000.0,273,81,4.7,hungphuocfashion,https://www.lazada.vn/products/pdp-i2177390029.html,Normal
2177390029,Men's Jeans Men's Scratched Stretch Jeans High Quality Export Standard Form,"đường may kĩ càng, đóng gói cẩn thận vãi chưởng",positive,https://img.lazcdn.com/g/p/16944fce36cb6a1776c840709b39b75d.jpg_720x720q80.jpg_.webp,179000.0,273,81,4.7,hungphuocfashion,https://www.lazada.vn/products/pdp-i2177390029.html,Normal
2177390029,Men's Jeans Men's Scratched Stretch Jeans High Quality Export Standard Form,"mùi vải mới hắc quá m ơi, mình phải ngâm xả 3 lần mới hết mùi, sượng vãi",negative,https://img.lazcdn.com/g/p/16944fce36cb6a1776c840709b39b75d.jpg_720x720q80.jpg_.webp,179000.0,273,81,4.7,hungphuocfashion,https://www.lazada.vn/products/pdp-i2177390029.html,Normal
2177390029,Men's Jeans Men's Scratched Stretch Jeans High Quality Export Standard Form,"shipper giao hàng lúc t ko có nhà, gọi cháy máy sượng sùng ghê luôn á 😤",negative,https://img.lazcdn.com/g/p/16944fce36cb6a1776c840709b39b75d.jpg_720x720q80.jpg_.webp,179000.0,273,81,4.7,hungphuocfashion,https://www.lazada.vn/products/pdp-i2177390029.html,Normal
2277217116,[Hcm]Men's Jeans Men's Ripped Jeans 4-Way Stretch Korean Style High Quality Luxury,"rách gối 4-way stretch mặc bao dính luôn m ơi, vibe hàn quốc sang chảnh vãi 🇰🇷✨",positive,https://img.lazcdn.com/g/p/105cfdbf71f3e91acbe2a838d1bff2dc.jpg_720x720q80.jpg_.webp,179000.0,263,66,4.8,hunglongfashion,https://www.lazada.vn/products/pdp-i2277217116.html,Normal
2277217116,[Hcm]Men's Jeans Men's Ripped Jeans 4-Way Stretch Korean Style High Quality Luxury,"mình thấy jean co giãn 4 chiều này mặc cực sướng, ko bị gò bó miếng nào luôn á m",positive,https://img.lazcdn.com/g/p/105cfdbf71f3e91acbe2a838d1bff2dc.jpg_720x720q80.jpg_.webp,179000.0,263,66,4.8,hunglongfashion,https://www.lazada.vn/products/pdp-i2277217116.html,Normal
2277217116,[Hcm]Men's Jeans Men's Ripped Jeans 4-Way Stretch Korean Style High Quality Luxury,"ta thấy hàng luxury có khác, đóng gói đẹp xỉu như hộp quà vậy đó, keo lỳ nha",positive,https://img.lazcdn.com/g/p/105cfdbf71f3e91acbe2a838d1bff2dc.jpg_720x720q80.jpg_.webp,179000.0,263,66,4.8,hunglongfashion,https://www.lazada.vn/products/pdp-i2277217116.html,Normal
2277217116,[Hcm]Men's Jeans Men's Ripped Jeans 4-Way Stretch Korean Style High Quality Luxury,"màu xanh denim đẹp vãi, phối với sneaker là bao cháy máy luôn m ạ, slay",positive,https://img.lazcdn.com/g/p/105cfdbf71f3e91acbe2a838d1bff2dc.jpg_720x720q80.jpg_.webp,179000.0,263,66,4.8,hunglongfashion,https://www.lazada.vn/products/pdp-i2277217116.html,Normal
2277217116,[Hcm]Men's Jeans Men's Ripped Jeans 4-Way Stretch Korean Style High Quality Luxury,"đẹp xuất sắccccc, t cho 10 đỉm luôn",positive,https://img.lazcdn.com/g/p/105cfdbf71f3e91acbe2a838d1bff2dc.jpg_720x720q80.jpg_.webp,179000.0,263,66,4.8,hunglongfashion,https://www.lazada.vn/products/pdp-i2277217116.html,Normal
2277217116,[Hcm]Men's Jeans Men's Ripped Jeans 4-Way Stretch Korean Style High Quality Luxury,"hàng hcm xịn xò, giá cả phải chăng cực",positive,https://img.lazcdn.com/g/p/105cfdbf71f3e91acbe2a838d1bff2dc.jpg_720x720q80.jpg_.webp,179000.0,263,66,4.8,hunglongfashion,https://www.lazada.vn/products/pdp-i2277217116.html,Normal
2277217116,[Hcm]Men's Jeans Men's Ripped Jeans 4-Way Stretch Korean Style High Quality Luxury,"mặc lên chân dài miên man, hack dáng đỉnh của chóp luôn thoy",positive,https://img.lazcdn.com/g/p/105cfdbf71f3e91acbe2a838d1bff2dc.jpg_720x720q80.jpg_.webp,179000.0,263,66,4.8,hunglongfashion,https://www.lazada.vn/products/pdp-i2277217116.html,Normal
2277217116,[Hcm]Men's Jeans Men's Ripped Jeans 4-Way Stretch Korean Style High Quality Luxury,"chuẩn form, vải đẹp, đúng mẫu t thích",positive,https://img.lazcdn.com/g/p/105cfdbf71f3e91acbe2a838d1bff2dc.jpg_720x720q80.jpg_.webp,179000.0,263,66,4.8,hunglongfashion,https://www.lazada.vn/products/pdp-i2277217116.html,Normal
2277217116,[Hcm]Men's Jeans Men's Ripped Jeans 4-Way Stretch Korean Style High Quality Luxury,"chỗ rách gối hơi bị to quá m ạ, mình ngồi xuống là hở hết cả chân, sượng 🙈",negative,https://img.lazcdn.com/g/p/105cfdbf71f3e91acbe2a838d1bff2dc.jpg_720x720q80.jpg_.webp,179000.0,263,66,4.8,hunglongfashion,https://www.lazada.vn/products/pdp-i2277217116.html,Normal
2277217116,[Hcm]Men's Jeans Men's Ripped Jeans 4-Way Stretch Korean Style High Quality Luxury,"vải hơi mỏng so với tưởng tượng của t, mình thấy hơi buồn nhẹ thoy",negative,https://img.lazcdn.com/g/p/105cfdbf71f3e91acbe2a838d1bff2dc.jpg_720x720q80.jpg_.webp,179000.0,263,66,4.8,hunglongfashion,https://www.lazada.vn/products/pdp-i2277217116.html,Normal
2893690300,Men's Straight-Leg Jeans Men's Cotton Straight-Leg Denim Jeans Non-Stretch Standard Form Thick Fabric Soft and Smooth No Color Fade,"straight-leg denim vải dày mềm mặc bao phê m ơi, form chuẩn ko cần chỉnh luôn 💯👖",positive,https://img.lazcdn.com/g/p/08449d328a7efd0a938599005521dddb.jpg_720x720q80.jpg_.webp,149000.0,254,72,4.8,hungphuocfashion,https://www.lazada.vn/products/pdp-i2893690300.html,Normal
2893690300,Men's Straight-Leg Jeans Men's Cotton Straight-Leg Denim Jeans Non-Stretch Standard Form Thick Fabric Soft and Smooth No Color Fade,"mình thấy cotton jean này ko phai màu đúng như quảng cáo, mặc đi làm bao lịch sự",positive,https://img.lazcdn.com/g/p/08449d328a7efd0a938599005521dddb.jpg_720x720q80.jpg_.webp,149000.0,254,72,4.8,hungphuocfashion,https://www.lazada.vn/products/pdp-i2893690300.html,Normal
2893690300,Men's Straight-Leg Jeans Men's Cotton Straight-Leg Denim Jeans Non-Stretch Standard Form Thick Fabric Soft and Smooth No Color Fade,"ta thấy đứng dáng bảnh trai hẳn ra, phối với polo là đúng bài luôn m ạ, dính",positive,https://img.lazcdn.com/g/p/08449d328a7efd0a938599005521dddb.jpg_720x720q80.jpg_.webp,149000.0,254,72,4.8,hungphuocfashion,https://www.lazada.vn/products/pdp-i2893690300.html,Normal
2893690300,Men's Straight-Leg Jeans Men's Cotton Straight-Leg Denim Jeans Non-Stretch Standard Form Thick Fabric Soft and Smooth No Color Fade,"vải sờ mướt tay vãi, t cực kì hài lòng nhóe",positive,https://img.lazcdn.com/g/p/08449d328a7efd0a938599005521dddb.jpg_720x720q80.jpg_.webp,149000.0,254,72,4.8,hungphuocfashion,https://www.lazada.vn/products/pdp-i2893690300.html,Normal
2893690300,Men's Straight-Leg Jeans Men's Cotton Straight-Leg Denim Jeans Non-Stretch Standard Form Thick Fabric Soft and Smooth No Color Fade,"đáng tiền, shop uy tín giao hàng lẹ đóng gói đẹp",positive,https://img.lazcdn.com/g/p/08449d328a7efd0a938599005521dddb.jpg_720x720q80.jpg_.webp,149000.0,254,72,4.8,hungphuocfashion,https://www.lazada.vn/products/pdp-i2893690300.html,Normal
2893690300,Men's Straight-Leg Jeans Men's Cotton Straight-Leg Denim Jeans Non-Stretch Standard Form Thick Fabric Soft and Smooth No Color Fade,"quần tốt, đẹp xuất sắc.",positive,https://img.lazcdn.com/g/p/08449d328a7efd0a938599005521dddb.jpg_720x720q80.jpg_.webp,149000.0,254,72,4.8,hungphuocfashion,https://www.lazada.vn/products/pdp-i2893690300.html,Normal
2893690300,Men's Straight-Leg Jeans Men's Cotton Straight-Leg Denim Jeans Non-Stretch Standard Form Thick Fabric Soft and Smooth No Color Fade,"mặc thoải mái cực kì, ko bị bí mồ hôi tí nào luôn á m, keo lỳ nha",positive,https://img.lazcdn.com/g/p/08449d328a7efd0a938599005521dddb.jpg_720x720q80.jpg_.webp,149000.0,254,72,4.8,hungphuocfashion,https://www.lazada.vn/products/pdp-i2893690300.html,Normal
2893690300,Men's Straight-Leg Jeans Men's Cotton Straight-Leg Denim Jeans Non-Stretch Standard Form Thick Fabric Soft and Smooth No Color Fade,"giao hàng đúng hẹn, shipper nhiệt tình thân thiện vãi",positive,https://img.lazcdn.com/g/p/08449d328a7efd0a938599005521dddb.jpg_720x720q80.jpg_.webp,149000.0,254,72,4.8,hungphuocfashion,https://www.lazada.vn/products/pdp-i2893690300.html,Normal
2893690300,Men's Straight-Leg Jeans Men's Cotton Straight-Leg Denim Jeans Non-Stretch Standard Form Thick Fabric Soft and Smooth No Color Fade,"khóa kéo thỉnh thoảng bị kẹt m ạ, mình kéo mãi ko lên sượng sùng vãi chưởng",negative,https://img.lazcdn.com/g/p/08449d328a7efd0a938599005521dddb.jpg_720x720q80.jpg_.webp,149000.0,254,72,4.8,hungphuocfashion,https://www.lazada.vn/products/pdp-i2893690300.html,Normal
2893690300,Men's Straight-Leg Jeans Men's Cotton Straight-Leg Denim Jeans Non-Stretch Standard Form Thick Fabric Soft and Smooth No Color Fade,"túi quần hơi nông t để điện thoại thỉnh thoảng bị rơi ra ngoài, buồn thoy 😤",negative,https://img.lazcdn.com/g/p/08449d328a7efd0a938599005521dddb.jpg_720x720q80.jpg_.webp,149000.0,254,72,4.8,hungphuocfashion,https://www.lazada.vn/products/pdp-i2893690300.html,Normal
2395790995,"Quần bò jean nam dài xanh trơn co giãn nhiều màu đen, xanh, xám khói, chuẩn form ống bó nhẹ giá tốt KAYSTORE 25/06","jean trơn nhiều màu màu nào cũng bảnh m ơi, xám khói mặc nhìn cá tính vãi 🌫️👖",positive,https://img.lazcdn.com/g/ff/kf/S35725b6ebbaa4b0b9c36fa5cbdd1679f8.jpg_720x720q80.jpg_.webp,159000.0,2000,611,4.9,Kay_store,https://www.lazada.vn/products/pdp-i2395790995.html,Normal
2395790995,"Quần bò jean nam dài xanh trơn co giãn nhiều màu đen, xanh, xám khói, chuẩn form ống bó nhẹ giá tốt KAYSTORE 25/06","mình thấy kaystore bán hàng co giãn tốt vãi, ống bó nhẹ tôn dáng cực kì luôn m",positive,https://img.lazcdn.com/g/ff/kf/S35725b6ebbaa4b0b9c36fa5cbdd1679f8.jpg_720x720q80.jpg_.webp,159000.0,2000,611,4.9,Kay_store,https://www.lazada.vn/products/pdp-i2395790995.html,Normal
2395790995,"Quần bò jean nam dài xanh trơn co giãn nhiều màu đen, xanh, xám khói, chuẩn form ống bó nhẹ giá tốt KAYSTORE 25/06",ta thấy giá tốt mà chất lượng xịn như này là quá hời cho 1 cuộc tình luôn á,positive,https://img.lazcdn.com/g/ff/kf/S35725b6ebbaa4b0b9c36fa5cbdd1679f8.jpg_720x720q80.jpg_.webp,159000.0,2000,611,4.9,Kay_store,https://www.lazada.vn/products/pdp-i2395790995.html,Normal
2395790995,"Quần bò jean nam dài xanh trơn co giãn nhiều màu đen, xanh, xám khói, chuẩn form ống bó nhẹ giá tốt KAYSTORE 25/06","đen trơn dễ phối đồ, mặc đi làm bao bảnh",positive,https://img.lazcdn.com/g/ff/kf/S35725b6ebbaa4b0b9c36fa5cbdd1679f8.jpg_720x720q80.jpg_.webp,159000.0,2000,611,4.9,Kay_store,https://www.lazada.vn/products/pdp-i2395790995.html,Normal
2395790995,"Quần bò jean nam dài xanh trơn co giãn nhiều màu đen, xanh, xám khói, chuẩn form ống bó nhẹ giá tốt KAYSTORE 25/06","form chuẩn đẹp, lên dáng siêu lịch lãm nhóe",positive,https://img.lazcdn.com/g/ff/kf/S35725b6ebbaa4b0b9c36fa5cbdd1679f8.jpg_720x720q80.jpg_.webp,159000.0,2000,611,4.9,Kay_store,https://www.lazada.vn/products/pdp-i2395790995.html,Normal
2395790995,"Quần bò jean nam dài xanh trơn co giãn nhiều màu đen, xanh, xám khói, chuẩn form ống bó nhẹ giá tốt KAYSTORE 25/06","màu xanh denim cũng keo lỳ nha shop ơi, 5 sao cho chất lượng sản phẩm",positive,https://img.lazcdn.com/g/ff/kf/S35725b6ebbaa4b0b9c36fa5cbdd1679f8.jpg_720x720q80.jpg_.webp,159000.0,2000,611,4.9,Kay_store,https://www.lazada.vn/products/pdp-i2395790995.html,Normal
2395790995,"Quần bò jean nam dài xanh trơn co giãn nhiều màu đen, xanh, xám khói, chuẩn form ống bó nhẹ giá tốt KAYSTORE 25/06","quần bảnh, vải tốt, t thích cực",positive,https://img.lazcdn.com/g/ff/kf/S35725b6ebbaa4b0b9c36fa5cbdd1679f8.jpg_720x720q80.jpg_.webp,159000.0,2000,611,4.9,Kay_store,https://www.lazada.vn/products/pdp-i2395790995.html,Normal
2395790995,"Quần bò jean nam dài xanh trơn co giãn nhiều màu đen, xanh, xám khói, chuẩn form ống bó nhẹ giá tốt KAYSTORE 25/06","giao lẹ như chớp, mới đặt hôm qua nay có rồi",positive,https://img.lazcdn.com/g/ff/kf/S35725b6ebbaa4b0b9c36fa5cbdd1679f8.jpg_720x720q80.jpg_.webp,159000.0,2000,611,4.9,Kay_store,https://www.lazada.vn/products/pdp-i2395790995.html,Normal
2395790995,"Quần bò jean nam dài xanh trơn co giãn nhiều màu đen, xanh, xám khói, chuẩn form ống bó nhẹ giá tốt KAYSTORE 25/06","vải hơi mỏng quá m ạ, mình sợ giặt máy vài lần là nó nhão ra, sượng sùng",negative,https://img.lazcdn.com/g/ff/kf/S35725b6ebbaa4b0b9c36fa5cbdd1679f8.jpg_720x720q80.jpg_.webp,159000.0,2000,611,4.9,Kay_store,https://www.lazada.vn/products/pdp-i2395790995.html,Normal
2395790995,"Quần bò jean nam dài xanh trơn co giãn nhiều màu đen, xanh, xám khói, chuẩn form ống bó nhẹ giá tốt KAYSTORE 25/06","ống quần hơi bó quá so với chân mình, t mặc vào thấy hơi khó thở thoy 😤",negative,https://img.lazcdn.com/g/ff/kf/S35725b6ebbaa4b0b9c36fa5cbdd1679f8.jpg_720x720q80.jpg_.webp,159000.0,2000,611,4.9,Kay_store,https://www.lazada.vn/products/pdp-i2395790995.html,Normal
1889345857,"Quần jean nam dài đen rách gối thêu logo đẹp nhiều mẫu, chất jean dày dặn kiểu dáng trẻ trung giá tốt KAYSTORE 26/06","thêu logo lá phong nhìn keo lỳ vãi m ơi, rách gối đúng trend boy phố luôn 🍁👖",positive,https://img.lazcdn.com/g/p/0350a24af48fc08678c02daa32a112fd.jpg_720x720q80.jpg_.webp,189000.0,558,166,4.9,Kay_store,https://www.lazada.vn/products/pdp-i1889345857.html,Normal
1889345857,"Quần jean nam dài đen rách gối thêu logo đẹp nhiều mẫu, chất jean dày dặn kiểu dáng trẻ trung giá tốt KAYSTORE 26/06","mình thấy chất jean dày dặn đúng chuẩn hàng kaystore, mặc vào bảnh tỏn hẳn ra",positive,https://img.lazcdn.com/g/p/0350a24af48fc08678c02daa32a112fd.jpg_720x720q80.jpg_.webp,189000.0,558,166,4.9,Kay_store,https://www.lazada.vn/products/pdp-i1889345857.html,Normal
1889345857,"Quần jean nam dài đen rách gối thêu logo đẹp nhiều mẫu, chất jean dày dặn kiểu dáng trẻ trung giá tốt KAYSTORE 26/06","ta thấy thiết kế trẻ trung cá tính cực, mặc đi quẩy là bao dính luôn m ạ, slay",positive,https://img.lazcdn.com/g/p/0350a24af48fc08678c02daa32a112fd.jpg_720x720q80.jpg_.webp,189000.0,558,166,4.9,Kay_store,https://www.lazada.vn/products/pdp-i1889345857.html,Normal
1889345857,"Quần jean nam dài đen rách gối thêu logo đẹp nhiều mẫu, chất jean dày dặn kiểu dáng trẻ trung giá tốt KAYSTORE 26/06","vải bò xịn xò, logo thêu nét căng cực kì luôn m ạ",positive,https://img.lazcdn.com/g/p/0350a24af48fc08678c02daa32a112fd.jpg_720x720q80.jpg_.webp,189000.0,558,166,4.9,Kay_store,https://www.lazada.vn/products/pdp-i1889345857.html,Normal
1889345857,"Quần jean nam dài đen rách gối thêu logo đẹp nhiều mẫu, chất jean dày dặn kiểu dáng trẻ trung giá tốt KAYSTORE 26/06","giá tốt mà đẹp vãi, mình cực kì recommend nha ae",positive,https://img.lazcdn.com/g/p/0350a24af48fc08678c02daa32a112fd.jpg_720x720q80.jpg_.webp,189000.0,558,166,4.9,Kay_store,https://www.lazada.vn/products/pdp-i1889345857.html,Normal
1889345857,"Quần jean nam dài đen rách gối thêu logo đẹp nhiều mẫu, chất jean dày dặn kiểu dáng trẻ trung giá tốt KAYSTORE 26/06","đúng mẫu 26/06 hottrend nha, mình hài lòng cực kì luôn á trời 😍",positive,https://img.lazcdn.com/g/p/0350a24af48fc08678c02daa32a112fd.jpg_720x720q80.jpg_.webp,189000.0,558,166,4.9,Kay_store,https://www.lazada.vn/products/pdp-i1889345857.html,Normal
1889345857,"Quần jean nam dài đen rách gối thêu logo đẹp nhiều mẫu, chất jean dày dặn kiểu dáng trẻ trung giá tốt KAYSTORE 26/06","quần bảnh, dáng chuẩn, mặc là dính",positive,https://img.lazcdn.com/g/p/0350a24af48fc08678c02daa32a112fd.jpg_720x720q80.jpg_.webp,189000.0,558,166,4.9,Kay_store,https://www.lazada.vn/products/pdp-i1889345857.html,Normal
1889345857,"Quần jean nam dài đen rách gối thêu logo đẹp nhiều mẫu, chất jean dày dặn kiểu dáng trẻ trung giá tốt KAYSTORE 26/06","mặc sướng cái chân thoy, co giãn bao ngon nhóe",positive,https://img.lazcdn.com/g/p/0350a24af48fc08678c02daa32a112fd.jpg_720x720q80.jpg_.webp,189000.0,558,166,4.9,Kay_store,https://www.lazada.vn/products/pdp-i1889345857.html,Normal
1889345857,"Quần jean nam dài đen rách gối thêu logo đẹp nhiều mẫu, chất jean dày dặn kiểu dáng trẻ trung giá tốt KAYSTORE 26/06","chữ thêu logo bị sứt chỉ một xíu m ạ, mình nhìn thấy hơi sượng sùng xíu",negative,https://img.lazcdn.com/g/p/0350a24af48fc08678c02daa32a112fd.jpg_720x720q80.jpg_.webp,189000.0,558,166,4.9,Kay_store,https://www.lazada.vn/products/pdp-i1889345857.html,Normal
1889345857,"Quần jean nam dài đen rách gối thêu logo đẹp nhiều mẫu, chất jean dày dặn kiểu dáng trẻ trung giá tốt KAYSTORE 26/06","đóng gói bằng túi nilon nhìn hơi phèn, shop nên cải thiện khâu này thoy 😤",negative,https://img.lazcdn.com/g/p/0350a24af48fc08678c02daa32a112fd.jpg_720x720q80.jpg_.webp,189000.0,558,166,4.9,Kay_store,https://www.lazada.vn/products/pdp-i1889345857.html,Normal
2496526828,"Quần bò jean nam dài trơn nhiều màu xanh, xám khói và đen, chất co giãn tốt, form slimfit tôn dáng 25/06","slimfit tôn dáng đỉnh của chóp luôn m ơi, màu xám khói nhìn lạ mà sang vãi 🌫️✨",positive,https://img.lazcdn.com/g/p/1d38bb04eedfa51458c32e7280a02f65.jpg_720x720q80.jpg_.webp,149000.0,971,317,4.8,Kay_store,https://www.lazada.vn/products/pdp-i2496526828.html,Normal
2496526828,"Quần bò jean nam dài trơn nhiều màu xanh, xám khói và đen, chất co giãn tốt, form slimfit tôn dáng 25/06","mình thấy jean co giãn tốt mặc bao thoải mái, phối đồ bao cháy máy luôn m ạ",positive,https://img.lazcdn.com/g/p/1d38bb04eedfa51458c32e7280a02f65.jpg_720x720q80.jpg_.webp,149000.0,971,317,4.8,Kay_store,https://www.lazada.vn/products/pdp-i2496526828.html,Normal
2496526828,"Quần bò jean nam dài trơn nhiều màu xanh, xám khói và đen, chất co giãn tốt, form slimfit tôn dáng 25/06","ta thấy form quần chuẩn đét hack chân dài miên man, keo lỳ nha shop ơi 😍",positive,https://img.lazcdn.com/g/p/1d38bb04eedfa51458c32e7280a02f65.jpg_720x720q80.jpg_.webp,149000.0,971,317,4.8,Kay_store,https://www.lazada.vn/products/pdp-i2496526828.html,Normal
2496526828,"Quần bò jean nam dài trơn nhiều màu xanh, xám khói và đen, chất co giãn tốt, form slimfit tôn dáng 25/06","màu xanh jean đẹp y hình, vải xịn cực",positive,https://img.lazcdn.com/g/p/1d38bb04eedfa51458c32e7280a02f65.jpg_720x720q80.jpg_.webp,149000.0,971,317,4.8,Kay_store,https://www.lazada.vn/products/pdp-i2496526828.html,Normal
2496526828,"Quần bò jean nam dài trơn nhiều màu xanh, xám khói và đen, chất co giãn tốt, form slimfit tôn dáng 25/06","giá rẻ mà chất jean xịn, 10 đỉm cho chất lượng",positive,https://img.lazcdn.com/g/p/1d38bb04eedfa51458c32e7280a02f65.jpg_720x720q80.jpg_.webp,149000.0,971,317,4.8,Kay_store,https://www.lazada.vn/products/pdp-i2496526828.html,Normal
2496526828,"Quần bò jean nam dài trơn nhiều màu xanh, xám khói và đen, chất co giãn tốt, form slimfit tôn dáng 25/06","đúng mẫu 25/06 nha, mình rất hài lòng với trải nghiệm mua hàng này luôn",positive,https://img.lazcdn.com/g/p/1d38bb04eedfa51458c32e7280a02f65.jpg_720x720q80.jpg_.webp,149000.0,971,317,4.8,Kay_store,https://www.lazada.vn/products/pdp-i2496526828.html,Normal
2496526828,"Quần bò jean nam dài trơn nhiều màu xanh, xám khói và đen, chất co giãn tốt, form slimfit tôn dáng 25/06","quần bảnh, tôn dáng cực kì m ạ",positive,https://img.lazcdn.com/g/p/1d38bb04eedfa51458c32e7280a02f65.jpg_720x720q80.jpg_.webp,149000.0,971,317,4.8,Kay_store,https://www.lazada.vn/products/pdp-i2496526828.html,Normal
2496526828,"Quần bò jean nam dài trơn nhiều màu xanh, xám khói và đen, chất co giãn tốt, form slimfit tôn dáng 25/06","vải dày dặn bền màu, giặt máy thoải mái thoy",positive,https://img.lazcdn.com/g/p/1d38bb04eedfa51458c32e7280a02f65.jpg_720x720q80.jpg_.webp,149000.0,971,317,4.8,Kay_store,https://www.lazada.vn/products/pdp-i2496526828.html,Normal
2496526828,"Quần bò jean nam dài trơn nhiều màu xanh, xám khói và đen, chất co giãn tốt, form slimfit tôn dáng 25/06","size hơi nhỏ so với bảng size m ạ, t mặc bị kích bụng sượng sùng vãi",negative,https://img.lazcdn.com/g/p/1d38bb04eedfa51458c32e7280a02f65.jpg_720x720q80.jpg_.webp,149000.0,971,317,4.8,Kay_store,https://www.lazada.vn/products/pdp-i2496526828.html,Normal
2496526828,"Quần bò jean nam dài trơn nhiều màu xanh, xám khói và đen, chất co giãn tốt, form slimfit tôn dáng 25/06","ship hàng quốc tế đợi mòn mỏi luôn mới thấy mặt cái quần, sượng vãi thoy 😤",negative,https://img.lazcdn.com/g/p/1d38bb04eedfa51458c32e7280a02f65.jpg_720x720q80.jpg_.webp,149000.0,971,317,4.8,Kay_store,https://www.lazada.vn/products/pdp-i2496526828.html,Normal
2898188292,"quần baggy jean nam nữ cạp cao ống suông đẹp, chất vải dày dặn ống đứng tôn dáng hàng chuẩn shop giá tốt","quần baggy unisex mặc đôi với ny bao keo lỳ luôn m ơi, vải dày dặn đứng form cực kì 👫🔥",positive,https://img.lazcdn.com/g/p/1d93a0847a295f00aabc90d43fd05991.jpg_720x720q80.jpg_.webp,119000.0,68,17,4.9,Kay_store,https://www.lazada.vn/products/pdp-i2898188292.html,Normal
2898188292,"quần baggy jean nam nữ cạp cao ống suông đẹp, chất vải dày dặn ống đứng tôn dáng hàng chuẩn shop giá tốt","mình thấy cạp cao hack dáng chân dài miên man, che bụng mỡ tốt vãi chưởng luôn á",positive,https://img.lazcdn.com/g/p/1d93a0847a295f00aabc90d43fd05991.jpg_720x720q80.jpg_.webp,119000.0,68,17,4.9,Kay_store,https://www.lazada.vn/products/pdp-i2898188292.html,Normal
2898188292,"quần baggy jean nam nữ cạp cao ống suông đẹp, chất vải dày dặn ống đứng tôn dáng hàng chuẩn shop giá tốt","ta thấy vải này đúng chuẩn hàng shop, sờ mướt tay ko bị thô cứng miếng nào thoy",positive,https://img.lazcdn.com/g/p/1d93a0847a295f00aabc90d43fd05991.jpg_720x720q80.jpg_.webp,119000.0,68,17,4.9,Kay_store,https://www.lazada.vn/products/pdp-i2898188292.html,Normal
2898188292,"quần baggy jean nam nữ cạp cao ống suông đẹp, chất vải dày dặn ống đứng tôn dáng hàng chuẩn shop giá tốt","form ống suông mặc bao thoải mái, phối với áo thun là chuẩn bài nhóe",positive,https://img.lazcdn.com/g/p/1d93a0847a295f00aabc90d43fd05991.jpg_720x720q80.jpg_.webp,119000.0,68,17,4.9,Kay_store,https://www.lazada.vn/products/pdp-i2898188292.html,Normal
2898188292,"quần baggy jean nam nữ cạp cao ống suông đẹp, chất vải dày dặn ống đứng tôn dáng hàng chuẩn shop giá tốt","giá tốt mà chất lượng xịn xò vãi, t cực kì hài lòng luôn m ạ 😍",positive,https://img.lazcdn.com/g/p/1d93a0847a295f00aabc90d43fd05991.jpg_720x720q80.jpg_.webp,119000.0,68,17,4.9,Kay_store,https://www.lazada.vn/products/pdp-i2898188292.html,Normal
2898188292,"quần baggy jean nam nữ cạp cao ống suông đẹp, chất vải dày dặn ống đứng tôn dáng hàng chuẩn shop giá tốt","quần đẹp, đứng dáng.",positive,https://img.lazcdn.com/g/p/1d93a0847a295f00aabc90d43fd05991.jpg_720x720q80.jpg_.webp,119000.0,68,17,4.9,Kay_store,https://www.lazada.vn/products/pdp-i2898188292.html,Normal
2898188292,"quần baggy jean nam nữ cạp cao ống suông đẹp, chất vải dày dặn ống đứng tôn dáng hàng chuẩn shop giá tốt","màu jean nhã nhặn, dễ phối đồ cực kì, m nên múc 1 cái đi m ạ",positive,https://img.lazcdn.com/g/p/1d93a0847a295f00aabc90d43fd05991.jpg_720x720q80.jpg_.webp,119000.0,68,17,4.9,Kay_store,https://www.lazada.vn/products/pdp-i2898188292.html,Normal
2898188292,"quần baggy jean nam nữ cạp cao ống suông đẹp, chất vải dày dặn ống đứng tôn dáng hàng chuẩn shop giá tốt","giao hàng nhanh, đóng gói kỹ càng, 10 đỉm cho shop",positive,https://img.lazcdn.com/g/p/1d93a0847a295f00aabc90d43fd05991.jpg_720x720q80.jpg_.webp,119000.0,68,17,4.9,Kay_store,https://www.lazada.vn/products/pdp-i2898188292.html,Normal
2898188292,"quần baggy jean nam nữ cạp cao ống suông đẹp, chất vải dày dặn ống đứng tôn dáng hàng chuẩn shop giá tốt","ống quần hơi dài so với mình, đi lại thấy hơi vướng víu sượng sùng xíu thoy 😤",negative,https://img.lazcdn.com/g/p/1d93a0847a295f00aabc90d43fd05991.jpg_720x720q80.jpg_.webp,119000.0,68,17,4.9,Kay_store,https://www.lazada.vn/products/pdp-i2898188292.html,Normal
2898188292,"quần baggy jean nam nữ cạp cao ống suông đẹp, chất vải dày dặn ống đứng tôn dáng hàng chuẩn shop giá tốt","mùi vải mới hơi hắc quá m ạ, mình phải giặt 2 lần mới hết mùi",negative,https://img.lazcdn.com/g/p/1d93a0847a295f00aabc90d43fd05991.jpg_720x720q80.jpg_.webp,119000.0,68,17,4.9,Kay_store,https://www.lazada.vn/products/pdp-i2898188292.html,Normal
1545163544,"Beautiful High-Quality Ripped Men's Jeans, Long Men's Jeans from Kaystore, Lightweight, Good Stretch Fabric, June 28","jean rách kaystore mặc bao bảnh luôn m ơi, vải co giãn tốt mặc sướng cái chân vãi 🤘👖",positive,https://img.lazcdn.com/g/p/3c00449c5733ff149b8f0dddc1b36364.jpg_720x720q80.jpg_.webp,159000.0,467,109,4.8,Kay_store,https://www.lazada.vn/products/pdp-i1545163544.html,Normal
1545163544,"Beautiful High-Quality Ripped Men's Jeans, Long Men's Jeans from Kaystore, Lightweight, Good Stretch Fabric, June 28","mình thấy mẫu 28/06 này thiết kế rách rất nghệ, ko bị lố mà nhìn cá tính cực",positive,https://img.lazcdn.com/g/p/3c00449c5733ff149b8f0dddc1b36364.jpg_720x720q80.jpg_.webp,159000.0,467,109,4.8,Kay_store,https://www.lazada.vn/products/pdp-i1545163544.html,Normal
1545163544,"Beautiful High-Quality Ripped Men's Jeans, Long Men's Jeans from Kaystore, Lightweight, Good Stretch Fabric, June 28","ta thấy chất jean nhẹ tênh mặc mùa hè bao mát, ko bị bí bách đâu m ạ, keo lỳ nha",positive,https://img.lazcdn.com/g/p/3c00449c5733ff149b8f0dddc1b36364.jpg_720x720q80.jpg_.webp,159000.0,467,109,4.8,Kay_store,https://www.lazada.vn/products/pdp-i1545163544.html,Normal
1545163544,"Beautiful High-Quality Ripped Men's Jeans, Long Men's Jeans from Kaystore, Lightweight, Good Stretch Fabric, June 28","form chuẩn đét hack dáng cực kì, phối với sneaker là bao cháy máy luôn thoy",positive,https://img.lazcdn.com/g/p/3c00449c5733ff149b8f0dddc1b36364.jpg_720x720q80.jpg_.webp,159000.0,467,109,4.8,Kay_store,https://www.lazada.vn/products/pdp-i1545163544.html,Normal
1545163544,"Beautiful High-Quality Ripped Men's Jeans, Long Men's Jeans from Kaystore, Lightweight, Good Stretch Fabric, June 28","đẹp xuất sắccccc, t cho shop 5 sao vì chất lượng quá tuyệt vời 😍",positive,https://img.lazcdn.com/g/p/3c00449c5733ff149b8f0dddc1b36364.jpg_720x720q80.jpg_.webp,159000.0,467,109,4.8,Kay_store,https://www.lazada.vn/products/pdp-i1545163544.html,Normal
1545163544,"Beautiful High-Quality Ripped Men's Jeans, Long Men's Jeans from Kaystore, Lightweight, Good Stretch Fabric, June 28","hàng xịn xò, đường may kĩ càng, m nên mua nhóe m ơi",positive,https://img.lazcdn.com/g/p/3c00449c5733ff149b8f0dddc1b36364.jpg_720x720q80.jpg_.webp,159000.0,467,109,4.8,Kay_store,https://www.lazada.vn/products/pdp-i1545163544.html,Normal
1545163544,"Beautiful High-Quality Ripped Men's Jeans, Long Men's Jeans from Kaystore, Lightweight, Good Stretch Fabric, June 28","mặc lên nhìn bảnh tỏn hẳn ra, mình cực kì ưng ý mẫu này luôn á",positive,https://img.lazcdn.com/g/p/3c00449c5733ff149b8f0dddc1b36364.jpg_720x720q80.jpg_.webp,159000.0,467,109,4.8,Kay_store,https://www.lazada.vn/products/pdp-i1545163544.html,Normal
1545163544,"Beautiful High-Quality Ripped Men's Jeans, Long Men's Jeans from Kaystore, Lightweight, Good Stretch Fabric, June 28","quần tốt, giá ok.",positive,https://img.lazcdn.com/g/p/3c00449c5733ff149b8f0dddc1b36364.jpg_720x720q80.jpg_.webp,159000.0,467,109,4.8,Kay_store,https://www.lazada.vn/products/pdp-i1545163544.html,Normal
1545163544,"Beautiful High-Quality Ripped Men's Jeans, Long Men's Jeans from Kaystore, Lightweight, Good Stretch Fabric, June 28","chỗ rách gối hơi bị to quá m ạ, mình cúi xuống là hở hết cả chân, sượng ghê 🙈",negative,https://img.lazcdn.com/g/p/3c00449c5733ff149b8f0dddc1b36364.jpg_720x720q80.jpg_.webp,159000.0,467,109,4.8,Kay_store,https://www.lazada.vn/products/pdp-i1545163544.html,Normal
1545163544,"Beautiful High-Quality Ripped Men's Jeans, Long Men's Jeans from Kaystore, Lightweight, Good Stretch Fabric, June 28","shipper giao hàng lúc mình đang ngủ, gọi cháy máy sượng sùng vãi chưởng luôn thoy",negative,https://img.lazcdn.com/g/p/3c00449c5733ff149b8f0dddc1b36364.jpg_720x720q80.jpg_.webp,159000.0,467,109,4.8,Kay_store,https://www.lazada.vn/products/pdp-i1545163544.html,Normal
2468695601,Men's Jeans Men's Plain Stretch Jeans High Quality Designer Brand,"designer brand mặc có khác, jean trơn mà nhìn sang xịn mịn vãi m ơi ✨👔",positive,https://img.lazcdn.com/g/p/1e8108b96074a5ab6c1252b0ca001c5c.png_720x720q80.png_.webp,179000.0,453,117,4.8,hungphuocfashion,https://www.lazada.vn/products/pdp-i2468695601.html,Normal
2468695601,Men's Jeans Men's Plain Stretch Jeans High Quality Designer Brand,"mình thấy vải co giãn tốt, mặc đi làm cả ngày k bị gò bó tí nào luôn á",positive,https://img.lazcdn.com/g/p/1e8108b96074a5ab6c1252b0ca001c5c.png_720x720q80.png_.webp,179000.0,453,117,4.8,hungphuocfashion,https://www.lazada.vn/products/pdp-i2468695601.html,Normal
2468695601,Men's Jeans Men's Plain Stretch Jeans High Quality Designer Brand,"ta thấy form quần chuẩn men, lên dáng chân dài miên man luôn, keo lỳ nha shop",positive,https://img.lazcdn.com/g/p/1e8108b96074a5ab6c1252b0ca001c5c.png_720x720q80.png_.webp,179000.0,453,117,4.8,hungphuocfashion,https://www.lazada.vn/products/pdp-i2468695601.html,Normal
2468695601,Men's Jeans Men's Plain Stretch Jeans High Quality Designer Brand,"đen trơn dễ phối đồ nhất trần đời, mình mặc đi date gái khen suốt thoy lol 😍",positive,https://img.lazcdn.com/g/p/1e8108b96074a5ab6c1252b0ca001c5c.png_720x720q80.png_.webp,179000.0,453,117,4.8,hungphuocfashion,https://www.lazada.vn/products/pdp-i2468695601.html,Normal
2468695601,Men's Jeans Men's Plain Stretch Jeans High Quality Designer Brand,"chất lượng cao cấp sờ mướt tay cực, đáng đồng tiền bát gạo luôn m ạ",positive,https://img.lazcdn.com/g/p/1e8108b96074a5ab6c1252b0ca001c5c.png_720x720q80.png_.webp,179000.0,453,117,4.8,hungphuocfashion,https://www.lazada.vn/products/pdp-i2468695601.html,Normal
2468695601,Men's Jeans Men's Plain Stretch Jeans High Quality Designer Brand,"quần bảnh, dáng đẹp.",positive,https://img.lazcdn.com/g/p/1e8108b96074a5ab6c1252b0ca001c5c.png_720x720q80.png_.webp,179000.0,453,117,4.8,hungphuocfashion,https://www.lazada.vn/products/pdp-i2468695601.html,Normal
2468695601,Men's Jeans Men's Plain Stretch Jeans High Quality Designer Brand,"đóng gói chuyên nghiệp giao hàng đúng hẹn, 10 đỉm cho shop uy tín",positive,https://img.lazcdn.com/g/p/1e8108b96074a5ab6c1252b0ca001c5c.png_720x720q80.png_.webp,179000.0,453,117,4.8,hungphuocfashion,https://www.lazada.vn/products/pdp-i2468695601.html,Normal
2468695601,Men's Jeans Men's Plain Stretch Jeans High Quality Designer Brand,"mình cực kì hài lòng với mẫu thiết kế này, đơn giản mà đẳng cấp vãi",positive,https://img.lazcdn.com/g/p/1e8108b96074a5ab6c1252b0ca001c5c.png_720x720q80.png_.webp,179000.0,453,117,4.8,hungphuocfashion,https://www.lazada.vn/products/pdp-i2468695601.html,Normal
2468695601,Men's Jeans Men's Plain Stretch Jeans High Quality Designer Brand,"size hơi bị nhỏ so với bảng size m ạ, t mặc bị kích bụng sượng sùng ghê 😤",negative,https://img.lazcdn.com/g/p/1e8108b96074a5ab6c1252b0ca001c5c.png_720x720q80.png_.webp,179000.0,453,117,4.8,hungphuocfashion,https://www.lazada.vn/products/pdp-i2468695601.html,Normal
2468695601,Men's Jeans Men's Plain Stretch Jeans High Quality Designer Brand,"túi quần hơi nông t để ví tiền thỉnh thoảng bị rơi ra ngoài, buồn thoy",negative,https://img.lazcdn.com/g/p/1e8108b96074a5ab6c1252b0ca001c5c.png_720x720q80.png_.webp,179000.0,453,117,4.8,hungphuocfashion,https://www.lazada.vn/products/pdp-i2468695601.html,Normal
2349006289,[Hcm]Men's Jeans Men's Jeans Large Size Stretch Fabric for Fat People Size 30-40,"mình 100kg tìm mỏi mắt mới ra shop có size 40 mặc vừa in, mừng rơi nước mắt luôn m ơi 😭🙌",positive,https://img.lazcdn.com/g/p/33c39a57792fbf96153c686c361edeaa.jpg_720x720q80.jpg_.webp,189000.0,517,138,4.4,hungphuocfashion,https://www.lazada.vn/products/pdp-i2349006289.html,Normal
2349006289,[Hcm]Men's Jeans Men's Jeans Large Size Stretch Fabric for Fat People Size 30-40,"ta thấy vải co giãn cực tốt, ae đô con mặc thoải mái ko lo bị bục chỉ đâu nha",positive,https://img.lazcdn.com/g/p/33c39a57792fbf96153c686c361edeaa.jpg_720x720q80.jpg_.webp,189000.0,517,138,4.4,hungphuocfashion,https://www.lazada.vn/products/pdp-i2349006289.html,Normal
2349006289,[Hcm]Men's Jeans Men's Jeans Large Size Stretch Fabric for Fat People Size 30-40,"form quần cho người béo nhưng mặc lên nhìn gọn người hẳn ra, keo lỳ nha shop",positive,https://img.lazcdn.com/g/p/33c39a57792fbf96153c686c361edeaa.jpg_720x720q80.jpg_.webp,189000.0,517,138,4.4,hungphuocfashion,https://www.lazada.vn/products/pdp-i2349006289.html,Normal
2349006289,[Hcm]Men's Jeans Men's Jeans Large Size Stretch Fabric for Fat People Size 30-40,"chất jean dày dặn đứng form, mặc đi làm bao lịch sự luôn m ạ, dính",positive,https://img.lazcdn.com/g/p/33c39a57792fbf96153c686c361edeaa.jpg_720x720q80.jpg_.webp,189000.0,517,138,4.4,hungphuocfashion,https://www.lazada.vn/products/pdp-i2349006289.html,Normal
2349006289,[Hcm]Men's Jeans Men's Jeans Large Size Stretch Fabric for Fat People Size 30-40,"đúng chuẩn hàng hcm xịn, mình sẽ mua thêm 2 cái nữa mặc thay đổi thoy",positive,https://img.lazcdn.com/g/p/33c39a57792fbf96153c686c361edeaa.jpg_720x720q80.jpg_.webp,189000.0,517,138,4.4,hungphuocfashion,https://www.lazada.vn/products/pdp-i2349006289.html,Normal
2349006289,[Hcm]Men's Jeans Men's Jeans Large Size Stretch Fabric for Fat People Size 30-40,quần tốt cho người béo.,positive,https://img.lazcdn.com/g/p/33c39a57792fbf96153c686c361edeaa.jpg_720x720q80.jpg_.webp,189000.0,517,138,4.4,hungphuocfashion,https://www.lazada.vn/products/pdp-i2349006289.html,Normal
2349006289,[Hcm]Men's Jeans Men's Jeans Large Size Stretch Fabric for Fat People Size 30-40,"mặc sướng, ko bí bách.",positive,https://img.lazcdn.com/g/p/33c39a57792fbf96153c686c361edeaa.jpg_720x720q80.jpg_.webp,189000.0,517,138,4.4,hungphuocfashion,https://www.lazada.vn/products/pdp-i2349006289.html,Normal
2349006289,[Hcm]Men's Jeans Men's Jeans Large Size Stretch Fabric for Fat People Size 30-40,"shop tư vấn size có tâm cực kì, đóng gói cẩn thận giao hàng lẹ, 5 sao",positive,https://img.lazcdn.com/g/p/33c39a57792fbf96153c686c361edeaa.jpg_720x720q80.jpg_.webp,189000.0,517,138,4.4,hungphuocfashion,https://www.lazada.vn/products/pdp-i2349006289.html,Normal
2349006289,[Hcm]Men's Jeans Men's Jeans Large Size Stretch Fabric for Fat People Size 30-40,"màu ở ngoài hơi tối hơn trong ảnh xíu m ạ, t nhìn hơi sượng sùng nhẹ thoy",negative,https://img.lazcdn.com/g/p/33c39a57792fbf96153c686c361edeaa.jpg_720x720q80.jpg_.webp,189000.0,517,138,4.4,hungphuocfashion,https://www.lazada.vn/products/pdp-i2349006289.html,Normal
2349006289,[Hcm]Men's Jeans Men's Jeans Large Size Stretch Fabric for Fat People Size 30-40,"ship hàng lâu vãi chưởng, t đợi hơn 10 ngày mới có, sượng vãi",negative,https://img.lazcdn.com/g/p/33c39a57792fbf96153c686c361edeaa.jpg_720x720q80.jpg_.webp,189000.0,517,138,4.4,hungphuocfashion,https://www.lazada.vn/products/pdp-i2349006289.html,Normal
3125024003,"Quần baggy jean nam nữ unisex ống suông rộng cao cấp đẹp, chất jean dày mềm mại đứng form tôn dáng","baggy unisex ống suông mặc bao chill luôn m ơi, vibe phố cổ lù lù ra ☕👖",positive,https://img.lazcdn.com/g/p/2aef645912f89948cb340e8da2c34165.jpg_720x720q80.jpg_.webp,139000.0,12,0,0.0,TM.FASHION,https://www.lazada.vn/products/pdp-i3125024003.html,Normal
3125024003,"Quần baggy jean nam nữ unisex ống suông rộng cao cấp đẹp, chất jean dày mềm mại đứng form tôn dáng","mình thấy chất jean dày mềm mại sờ thích tay vãi, đứng form hack dáng cực kì luôn",positive,https://img.lazcdn.com/g/p/2aef645912f89948cb340e8da2c34165.jpg_720x720q80.jpg_.webp,139000.0,12,0,0.0,TM.FASHION,https://www.lazada.vn/products/pdp-i3125024003.html,Normal
3125024003,"Quần baggy jean nam nữ unisex ống suông rộng cao cấp đẹp, chất jean dày mềm mại đứng form tôn dáng","ta thấy mặc em này phối với áo baby tee là bao keo lỳ luôn m ạ, slay 🔥",positive,https://img.lazcdn.com/g/p/2aef645912f89948cb340e8da2c34165.jpg_720x720q80.jpg_.webp,139000.0,12,0,0.0,TM.FASHION,https://www.lazada.vn/products/pdp-i3125024003.html,Normal
3125024003,"Quần baggy jean nam nữ unisex ống suông rộng cao cấp đẹp, chất jean dày mềm mại đứng form tôn dáng","form rộng thoải mái mặc cả ngày k thấy mệt, đúng chuẩn hàng cao cấp thoy",positive,https://img.lazcdn.com/g/p/2aef645912f89948cb340e8da2c34165.jpg_720x720q80.jpg_.webp,139000.0,12,0,0.0,TM.FASHION,https://www.lazada.vn/products/pdp-i3125024003.html,Normal
3125024003,"Quần baggy jean nam nữ unisex ống suông rộng cao cấp đẹp, chất jean dày mềm mại đứng form tôn dáng","màu sắc đẹp y hình, giặt máy k bị phai hay xù lông đâu nè ae",positive,https://img.lazcdn.com/g/p/2aef645912f89948cb340e8da2c34165.jpg_720x720q80.jpg_.webp,139000.0,12,0,0.0,TM.FASHION,https://www.lazada.vn/products/pdp-i3125024003.html,Normal
3125024003,"Quần baggy jean nam nữ unisex ống suông rộng cao cấp đẹp, chất jean dày mềm mại đứng form tôn dáng",quần rộng mặc sướng.,positive,https://img.lazcdn.com/g/p/2aef645912f89948cb340e8da2c34165.jpg_720x720q80.jpg_.webp,139000.0,12,0,0.0,TM.FASHION,https://www.lazada.vn/products/pdp-i3125024003.html,Normal
3125024003,"Quần baggy jean nam nữ unisex ống suông rộng cao cấp đẹp, chất jean dày mềm mại đứng form tôn dáng","mình cực hài lòng với mẫu baggy này, sẽ giới thiệu cho bạn bè mua cùng",positive,https://img.lazcdn.com/g/p/2aef645912f89948cb340e8da2c34165.jpg_720x720q80.jpg_.webp,139000.0,12,0,0.0,TM.FASHION,https://www.lazada.vn/products/pdp-i3125024003.html,Normal
3125024003,"Quần baggy jean nam nữ unisex ống suông rộng cao cấp đẹp, chất jean dày mềm mại đứng form tôn dáng","giao hàng nhanh như một cơn gió, đóng gói kỹ càng vãi chưởng luôn m",positive,https://img.lazcdn.com/g/p/2aef645912f89948cb340e8da2c34165.jpg_720x720q80.jpg_.webp,139000.0,12,0,0.0,TM.FASHION,https://www.lazada.vn/products/pdp-i3125024003.html,Normal
3125024003,"Quần baggy jean nam nữ unisex ống suông rộng cao cấp đẹp, chất jean dày mềm mại đứng form tôn dáng","eo hơi rộng quá m ạ, mình phải đi bóp lại xíu nhìn mới chuẩn được, sượng ghê",negative,https://img.lazcdn.com/g/p/2aef645912f89948cb340e8da2c34165.jpg_720x720q80.jpg_.webp,139000.0,12,0,0.0,TM.FASHION,https://www.lazada.vn/products/pdp-i3125024003.html,Normal
3125024003,"Quần baggy jean nam nữ unisex ống suông rộng cao cấp đẹp, chất jean dày mềm mại đứng form tôn dáng","vải bám bụi quá m ơi, mình mặc xíu là nhìn bẩn bẩn chán đời vãi thoy 😤",negative,https://img.lazcdn.com/g/p/2aef645912f89948cb340e8da2c34165.jpg_720x720q80.jpg_.webp,139000.0,12,0,0.0,TM.FASHION,https://www.lazada.vn/products/pdp-i3125024003.html,Normal
2792441788,"Men's Underwear, Men's Triangle Briefs Icon Masculine Style, Absorbent Cold Elastic, Breathable, High Quality - Ares Shop","brief icon mặc bao mát m ơi, thun lạnh thấm hút tốt cực kì luôn á ❄️🩲",positive,https://img.lazcdn.com/g/ot/common/2908e5bb0ff34152aa68f4010bdc0c10.png_720x720q80.png_.webp,30000.0,5500,887,4.9,Kevin Man,https://www.lazada.vn/products/pdp-i2792441788.html,Normal
2792441788,"Men's Underwear, Men's Triangle Briefs Icon Masculine Style, Absorbent Cold Elastic, Breathable, High Quality - Ares Shop","mình thấy thiết kế nam tính bảnh tỏn vãi, Ares shop làm đồ lót xịn thật sự",positive,https://img.lazcdn.com/g/ot/common/2908e5bb0ff34152aa68f4010bdc0c10.png_720x720q80.png_.webp,30000.0,5500,887,4.9,Kevin Man,https://www.lazada.vn/products/pdp-i2792441788.html,Normal
2792441788,"Men's Underwear, Men's Triangle Briefs Icon Masculine Style, Absorbent Cold Elastic, Breathable, High Quality - Ares Shop","ta thấy vải mềm mướt sờ sướng tay, mặc vào là thấy tự tin hẳn ra thoy, keo nha",positive,https://img.lazcdn.com/g/ot/common/2908e5bb0ff34152aa68f4010bdc0c10.png_720x720q80.png_.webp,30000.0,5500,887,4.9,Kevin Man,https://www.lazada.vn/products/pdp-i2792441788.html,Normal
2792441788,"Men's Underwear, Men's Triangle Briefs Icon Masculine Style, Absorbent Cold Elastic, Breathable, High Quality - Ares Shop","thoáng khí cực kì ko bị bí bách, mình mặc đi gym bao phê luôn m ạ 😍",positive,https://img.lazcdn.com/g/ot/common/2908e5bb0ff34152aa68f4010bdc0c10.png_720x720q80.png_.webp,30000.0,5500,887,4.9,Kevin Man,https://www.lazada.vn/products/pdp-i2792441788.html,Normal
2792441788,"Men's Underwear, Men's Triangle Briefs Icon Masculine Style, Absorbent Cold Elastic, Breathable, High Quality - Ares Shop","đúng chuẩn icon masculine style, đóng gói lịch sự giao hàng đúng hẹn, 5 sao",positive,https://img.lazcdn.com/g/ot/common/2908e5bb0ff34152aa68f4010bdc0c10.png_720x720q80.png_.webp,30000.0,5500,887,4.9,Kevin Man,https://www.lazada.vn/products/pdp-i2792441788.html,Normal
2792441788,"Men's Underwear, Men's Triangle Briefs Icon Masculine Style, Absorbent Cold Elastic, Breathable, High Quality - Ares Shop","quần tốt, mát lạnh.",positive,https://img.lazcdn.com/g/ot/common/2908e5bb0ff34152aa68f4010bdc0c10.png_720x720q80.png_.webp,30000.0,5500,887,4.9,Kevin Man,https://www.lazada.vn/products/pdp-i2792441788.html,Normal
2792441788,"Men's Underwear, Men's Triangle Briefs Icon Masculine Style, Absorbent Cold Elastic, Breathable, High Quality - Ares Shop","mình mua lần đầu mà kết luôn chất lượng này, sẽ ủng hộ shop dài dài",positive,https://img.lazcdn.com/g/ot/common/2908e5bb0ff34152aa68f4010bdc0c10.png_720x720q80.png_.webp,30000.0,5500,887,4.9,Kevin Man,https://www.lazada.vn/products/pdp-i2792441788.html,Normal
2792441788,"Men's Underwear, Men's Triangle Briefs Icon Masculine Style, Absorbent Cold Elastic, Breathable, High Quality - Ares Shop","màu sắc y hình, size chuẩn theo bảng size shop đưa thoy m ạ",positive,https://img.lazcdn.com/g/ot/common/2908e5bb0ff34152aa68f4010bdc0c10.png_720x720q80.png_.webp,30000.0,5500,887,4.9,Kevin Man,https://www.lazada.vn/products/pdp-i2792441788.html,Normal
2792441788,"Men's Underwear, Men's Triangle Briefs Icon Masculine Style, Absorbent Cold Elastic, Breathable, High Quality - Ares Shop","lưng thun hơi bị chặt m ạ, mình mặc lâu thấy bị hằn bụng đau vãi, sượng",negative,https://img.lazcdn.com/g/ot/common/2908e5bb0ff34152aa68f4010bdc0c10.png_720x720q80.png_.webp,30000.0,5500,887,4.9,Kevin Man,https://www.lazada.vn/products/pdp-i2792441788.html,Normal
2792441788,"Men's Underwear, Men's Triangle Briefs Icon Masculine Style, Absorbent Cold Elastic, Breathable, High Quality - Ares Shop","vải hơi mỏng quá m ơi, mình sợ giặt máy vài lần là nhão mất, sượng sùng 😤",negative,https://img.lazcdn.com/g/ot/common/2908e5bb0ff34152aa68f4010bdc0c10.png_720x720q80.png_.webp,30000.0,5500,887,4.9,Kevin Man,https://www.lazada.vn/products/pdp-i2792441788.html,Normal
1208558810,Men's Blue Ripped Beef Jeans Hot Trend Teen Db-1900 - Dubai Fashion,"jean rách blue beef nhìn ngầu đét luôn m ơi, đúng hot trend teen Dubai luôn á 🤘🔥",positive,https://img.lazcdn.com/g/p/47283dcb6656b723b80fa6890e50ad3f.jpg_720x720q80.jpg_.webp,180000.0,555,148,4.3,Dubaishop,https://www.lazada.vn/products/pdp-i1208558810.html,Normal
1208558810,Men's Blue Ripped Beef Jeans Hot Trend Teen Db-1900 - Dubai Fashion,"mình thấy phối đồ bao cháy máy, rách gối cá tính vãi chưởng luôn m ạ, keo lỳ nha",positive,https://img.lazcdn.com/g/p/47283dcb6656b723b80fa6890e50ad3f.jpg_720x720q80.jpg_.webp,180000.0,555,148,4.3,Dubaishop,https://www.lazada.vn/products/pdp-i1208558810.html,Normal
1208558810,Men's Blue Ripped Beef Jeans Hot Trend Teen Db-1900 - Dubai Fashion,"ta thấy chất jean dày dặn đứng form, mặc đi chơi là hết nước chấm thoy, slay",positive,https://img.lazcdn.com/g/p/47283dcb6656b723b80fa6890e50ad3f.jpg_720x720q80.jpg_.webp,180000.0,555,148,4.3,Dubaishop,https://www.lazada.vn/products/pdp-i1208558810.html,Normal
1208558810,Men's Blue Ripped Beef Jeans Hot Trend Teen Db-1900 - Dubai Fashion,"màu xanh denim đẹp y hình, giặt k bị ra màu đâu nha ae, yên tâm múc",positive,https://img.lazcdn.com/g/p/47283dcb6656b723b80fa6890e50ad3f.jpg_720x720q80.jpg_.webp,180000.0,555,148,4.3,Dubaishop,https://www.lazada.vn/products/pdp-i1208558810.html,Normal
1208558810,Men's Blue Ripped Beef Jeans Hot Trend Teen Db-1900 - Dubai Fashion,"đẹp xuất sắccccc, t cho 10 đỉm luôn á trời ơi 😍",positive,https://img.lazcdn.com/g/p/47283dcb6656b723b80fa6890e50ad3f.jpg_720x720q80.jpg_.webp,180000.0,555,148,4.3,Dubaishop,https://www.lazada.vn/products/pdp-i1208558810.html,Normal
1208558810,Men's Blue Ripped Beef Jeans Hot Trend Teen Db-1900 - Dubai Fashion,"form chuẩn teen, bảnh tỏn.",positive,https://img.lazcdn.com/g/p/47283dcb6656b723b80fa6890e50ad3f.jpg_720x720q80.jpg_.webp,180000.0,555,148,4.3,Dubaishop,https://www.lazada.vn/products/pdp-i1208558810.html,Normal
1208558810,Men's Blue Ripped Beef Jeans Hot Trend Teen Db-1900 - Dubai Fashion,"mặc lên nhìn năng động hẳn ra, mình cực kì ưng ý mẫu thiết kế này luôn",positive,https://img.lazcdn.com/g/p/47283dcb6656b723b80fa6890e50ad3f.jpg_720x720q80.jpg_.webp,180000.0,555,148,4.3,Dubaishop,https://www.lazada.vn/products/pdp-i1208558810.html,Normal
1208558810,Men's Blue Ripped Beef Jeans Hot Trend Teen Db-1900 - Dubai Fashion,"giao hàng nhanh, đóng gói cẩn thận vãi chưởng luôn m ạ, dính",positive,https://img.lazcdn.com/g/p/47283dcb6656b723b80fa6890e50ad3f.jpg_720x720q80.jpg_.webp,180000.0,555,148,4.3,Dubaishop,https://www.lazada.vn/products/pdp-i1208558810.html,Normal
1208558810,Men's Blue Ripped Beef Jeans Hot Trend Teen Db-1900 - Dubai Fashion,"cái cúc quần hơi bị lỏng lẻo m ạ, mình vừa đóng vào đã rớt ra, sượng vãi",negative,https://img.lazcdn.com/g/p/47283dcb6656b723b80fa6890e50ad3f.jpg_720x720q80.jpg_.webp,180000.0,555,148,4.3,Dubaishop,https://www.lazada.vn/products/pdp-i1208558810.html,Normal
1208558810,Men's Blue Ripped Beef Jeans Hot Trend Teen Db-1900 - Dubai Fashion,"ship hàng bị nhầm mẫu trơn cho mình rồi, làm ăn gì chán đời vãi thoy 😤",negative,https://img.lazcdn.com/g/p/47283dcb6656b723b80fa6890e50ad3f.jpg_720x720q80.jpg_.webp,180000.0,555,148,4.3,Dubaishop,https://www.lazada.vn/products/pdp-i1208558810.html,Normal
3199245742,MPATHW Quần Bò Nam Mẫu Mới 2024 Mùa Đông Thanh Thiếu Niên Quần Dài Cỡ Lớn Thoải Mái Ống Đứng Rộng Rãi Co Giãn Cho Nam Sành Điệu,"mpathw mặc mùa đông bao ấm luôn m ơi, vải co giãn thoải mái cực kì luôn á ❄️👖",positive,https://img.lazcdn.com/g/p/a3d78151406692870a5a792761e0bec9.png_720x720q80.png_.webp,111000.0,66,47,4.8,MPATHW MALL,https://www.lazada.vn/products/pdp-i3199245742.html,Normal
3199245742,MPATHW Quần Bò Nam Mẫu Mới 2024 Mùa Đông Thanh Thiếu Niên Quần Dài Cỡ Lớn Thoải Mái Ống Đứng Rộng Rãi Co Giãn Cho Nam Sành Điệu,"mình thấy mẫu mới 2024 này thiết kế sành điệu vãi, ống đứng rộng rãi hack dáng cực",positive,https://img.lazcdn.com/g/p/a3d78151406692870a5a792761e0bec9.png_720x720q80.png_.webp,111000.0,66,47,4.8,MPATHW MALL,https://www.lazada.vn/products/pdp-i3199245742.html,Normal
3199245742,MPATHW Quần Bò Nam Mẫu Mới 2024 Mùa Đông Thanh Thiếu Niên Quần Dài Cỡ Lớn Thoải Mái Ống Đứng Rộng Rãi Co Giãn Cho Nam Sành Điệu,"ta thấy cỡ lớn mặc sướng cái chân, dành cho mấy thanh niên sành điệu như t thoy lol",positive,https://img.lazcdn.com/g/p/a3d78151406692870a5a792761e0bec9.png_720x720q80.png_.webp,111000.0,66,47,4.8,MPATHW MALL,https://www.lazada.vn/products/pdp-i3199245742.html,Normal
3199245742,MPATHW Quần Bò Nam Mẫu Mới 2024 Mùa Đông Thanh Thiếu Niên Quần Dài Cỡ Lớn Thoải Mái Ống Đứng Rộng Rãi Co Giãn Cho Nam Sành Điệu,"chất bò dày dặn bền màu, giặt máy k bị xù lông hay mất form đâu m ạ",positive,https://img.lazcdn.com/g/p/a3d78151406692870a5a792761e0bec9.png_720x720q80.png_.webp,111000.0,66,47,4.8,MPATHW MALL,https://www.lazada.vn/products/pdp-i3199245742.html,Normal
3199245742,MPATHW Quần Bò Nam Mẫu Mới 2024 Mùa Đông Thanh Thiếu Niên Quần Dài Cỡ Lớn Thoải Mái Ống Đứng Rộng Rãi Co Giãn Cho Nam Sành Điệu,"keo lỳ nha shop, mặc đi học hay đi chơi đều bao dính luôn á m 😍",positive,https://img.lazcdn.com/g/p/a3d78151406692870a5a792761e0bec9.png_720x720q80.png_.webp,111000.0,66,47,4.8,MPATHW MALL,https://www.lazada.vn/products/pdp-i3199245742.html,Normal
3199245742,MPATHW Quần Bò Nam Mẫu Mới 2024 Mùa Đông Thanh Thiếu Niên Quần Dài Cỡ Lớn Thoải Mái Ống Đứng Rộng Rãi Co Giãn Cho Nam Sành Điệu,"quần tốt, ấm áp cực.",positive,https://img.lazcdn.com/g/p/a3d78151406692870a5a792761e0bec9.png_720x720q80.png_.webp,111000.0,66,47,4.8,MPATHW MALL,https://www.lazada.vn/products/pdp-i3199245742.html,Normal
3199245742,MPATHW Quần Bò Nam Mẫu Mới 2024 Mùa Đông Thanh Thiếu Niên Quần Dài Cỡ Lớn Thoải Mái Ống Đứng Rộng Rãi Co Giãn Cho Nam Sành Điệu,"form chuẩn đẹp, mặc vào thấy mình bảnh hẳn ra luôn m ạ, ưng thoy",positive,https://img.lazcdn.com/g/p/a3d78151406692870a5a792761e0bec9.png_720x720q80.png_.webp,111000.0,66,47,4.8,MPATHW MALL,https://www.lazada.vn/products/pdp-i3199245742.html,Normal
3199245742,MPATHW Quần Bò Nam Mẫu Mới 2024 Mùa Đông Thanh Thiếu Niên Quần Dài Cỡ Lớn Thoải Mái Ống Đứng Rộng Rãi Co Giãn Cho Nam Sành Điệu,"đóng gói xịn xò như hộp quà luôn, 5 sao cho sự chuyên nghiệp của shop",positive,https://img.lazcdn.com/g/p/a3d78151406692870a5a792761e0bec9.png_720x720q80.png_.webp,111000.0,66,47,4.8,MPATHW MALL,https://www.lazada.vn/products/pdp-i3199245742.html,Normal
3199245742,MPATHW Quần Bò Nam Mẫu Mới 2024 Mùa Đông Thanh Thiếu Niên Quần Dài Cỡ Lớn Thoải Mái Ống Đứng Rộng Rãi Co Giãn Cho Nam Sành Điệu,"ống quần hơi bị rộng quá so với t, mình mặc đi lại thấy lùng bùng sượng sùng",negative,https://img.lazcdn.com/g/p/a3d78151406692870a5a792761e0bec9.png_720x720q80.png_.webp,111000.0,66,47,4.8,MPATHW MALL,https://www.lazada.vn/products/pdp-i3199245742.html,Normal
3199245742,MPATHW Quần Bò Nam Mẫu Mới 2024 Mùa Đông Thanh Thiếu Niên Quần Dài Cỡ Lớn Thoải Mái Ống Đứng Rộng Rãi Co Giãn Cho Nam Sành Điệu,"giao hàng chậm quá shop ơi, mình đợi mòn mỏi luôn mới thấy mặt cái quần 😤",negative,https://img.lazcdn.com/g/p/a3d78151406692870a5a792761e0bec9.png_720x720q80.png_.webp,111000.0,66,47,4.8,MPATHW MALL,https://www.lazada.vn/products/pdp-i3199245742.html,Normal
2597861515,RUNENBAOLUO Men's fashion striped underwear men's boxers comfortable breathable and elastic,"boxer kẻ sọc mặc bao thoải mái m ơi, vải cotton co giãn tốt thoáng khí cực kì 🩲✨",positive,https://img.lazcdn.com/g/p/71adda3fe2baf308923cb164887e511b.jpg_720x720q80.jpg_.webp,24200.0,286,73,4.6,RUNENBAOLUO Store,https://www.lazada.vn/products/pdp-i2597861515.html,Normal
2597861515,RUNENBAOLUO Men's fashion striped underwear men's boxers comfortable breathable and elastic,"mình thấy runenbaoluo làm đồ lót nam rất chất lượng, mặc sướng cái người thoy",positive,https://img.lazcdn.com/g/p/71adda3fe2baf308923cb164887e511b.jpg_720x720q80.jpg_.webp,24200.0,286,73,4.6,RUNENBAOLUO Store,https://www.lazada.vn/products/pdp-i2597861515.html,Normal
2597861515,RUNENBAOLUO Men's fashion striped underwear men's boxers comfortable breathable and elastic,"ta thấy sọc nhìn nam tính bảnh tỏn vãi, keo lỳ nha shop ơi 😍",positive,https://img.lazcdn.com/g/p/71adda3fe2baf308923cb164887e511b.jpg_720x720q80.jpg_.webp,24200.0,286,73,4.6,RUNENBAOLUO Store,https://www.lazada.vn/products/pdp-i2597861515.html,Normal
2597861515,RUNENBAOLUO Men's fashion striped underwear men's boxers comfortable breathable and elastic,"mềm mại, ko bí bách.",positive,https://img.lazcdn.com/g/p/71adda3fe2baf308923cb164887e511b.jpg_720x720q80.jpg_.webp,24200.0,286,73,4.6,RUNENBAOLUO Store,https://www.lazada.vn/products/pdp-i2597861515.html,Normal
2597861515,RUNENBAOLUO Men's fashion striped underwear men's boxers comfortable breathable and elastic,"form chuẩn men, mặc vào thấy tự tin hẳn ra m ạ, m nên mua nhóe",positive,https://img.lazcdn.com/g/p/71adda3fe2baf308923cb164887e511b.jpg_720x720q80.jpg_.webp,24200.0,286,73,4.6,RUNENBAOLUO Store,https://www.lazada.vn/products/pdp-i2597861515.html,Normal
2597861515,RUNENBAOLUO Men's fashion striped underwear men's boxers comfortable breathable and elastic,"đúng chuẩn hàng thời trang, đóng gói đẹp giao hàng lẹ như chớp luôn",positive,https://img.lazcdn.com/g/p/71adda3fe2baf308923cb164887e511b.jpg_720x720q80.jpg_.webp,24200.0,286,73,4.6,RUNENBAOLUO Store,https://www.lazada.vn/products/pdp-i2597861515.html,Normal
2597861515,RUNENBAOLUO Men's fashion striped underwear men's boxers comfortable breathable and elastic,"vải xịn giặt k bị dão hay xù lông miếng nào, t cực kì hài lòng",positive,https://img.lazcdn.com/g/p/71adda3fe2baf308923cb164887e511b.jpg_720x720q80.jpg_.webp,24200.0,286,73,4.6,RUNENBAOLUO Store,https://www.lazada.vn/products/pdp-i2597861515.html,Normal
2597861515,RUNENBAOLUO Men's fashion striped underwear men's boxers comfortable breathable and elastic,màu sắc đẹp y hình thoy.,positive,https://img.lazcdn.com/g/p/71adda3fe2baf308923cb164887e511b.jpg_720x720q80.jpg_.webp,24200.0,286,73,4.6,RUNENBAOLUO Store,https://www.lazada.vn/products/pdp-i2597861515.html,Normal
2597861515,RUNENBAOLUO Men's fashion striped underwear men's boxers comfortable breathable and elastic,"chun quần hơi bị chặt quá m ạ, mình mặc cả ngày thấy bị lằn bụng đau vãi, sượng",negative,https://img.lazcdn.com/g/p/71adda3fe2baf308923cb164887e511b.jpg_720x720q80.jpg_.webp,24200.0,286,73,4.6,RUNENBAOLUO Store,https://www.lazada.vn/products/pdp-i2597861515.html,Normal
2597861515,RUNENBAOLUO Men's fashion striped underwear men's boxers comfortable breathable and elastic,"size hơi ảo m ạ, t bình thường mặc L mà nay mặc L bị chật, sượng ghê 😤",negative,https://img.lazcdn.com/g/p/71adda3fe2baf308923cb164887e511b.jpg_720x720q80.jpg_.webp,24200.0,286,73,4.6,RUNENBAOLUO Store,https://www.lazada.vn/products/pdp-i2597861515.html,Normal
3039882731,QUẦN JEANS NAM THƯƠNG HIỆU CAO CẤP VIET FASHION ĐEN TRƠN MS VF00,"đen trơn viet fashion mặc bao thanh lịch luôn m ơi, thương hiệu cao cấp có khác 🎩👖",positive,https://img.lazcdn.com/g/p/2b9687b8f4bcacd66d03dee607668ca2.jpg_720x720q80.jpg_.webp,189000.0,107,29,4.9,VIET FASHION VN,https://www.lazada.vn/products/pdp-i3039882731.html,Normal
3039882731,QUẦN JEANS NAM THƯƠNG HIỆU CAO CẤP VIET FASHION ĐEN TRƠN MS VF00,"mình thấy form chuẩn đét, mặc đi làm hay đi tiệc đều bao bảnh bao dính thoy",positive,https://img.lazcdn.com/g/p/2b9687b8f4bcacd66d03dee607668ca2.jpg_720x720q80.jpg_.webp,189000.0,107,29,4.9,VIET FASHION VN,https://www.lazada.vn/products/pdp-i3039882731.html,Normal
3039882731,QUẦN JEANS NAM THƯƠNG HIỆU CAO CẤP VIET FASHION ĐEN TRƠN MS VF00,"ta thấy vải jean dày dặn đứng dáng cực kì, màu đen bền ko phai đâu m ạ",positive,https://img.lazcdn.com/g/p/2b9687b8f4bcacd66d03dee607668ca2.jpg_720x720q80.jpg_.webp,189000.0,107,29,4.9,VIET FASHION VN,https://www.lazada.vn/products/pdp-i3039882731.html,Normal
3039882731,QUẦN JEANS NAM THƯƠNG HIỆU CAO CẤP VIET FASHION ĐEN TRƠN MS VF00,"mặc vào thấy mình chững chạc hẳn ra, phối với polo là đúng bài luôn, keo nha",positive,https://img.lazcdn.com/g/p/2b9687b8f4bcacd66d03dee607668ca2.jpg_720x720q80.jpg_.webp,189000.0,107,29,4.9,VIET FASHION VN,https://www.lazada.vn/products/pdp-i3039882731.html,Normal
3039882731,QUẦN JEANS NAM THƯƠNG HIỆU CAO CẤP VIET FASHION ĐEN TRƠN MS VF00,"đúng chuẩn hàng cao cấp, đóng gói xịn xò giao hàng đúng hẹn, 10 đỉm",positive,https://img.lazcdn.com/g/p/2b9687b8f4bcacd66d03dee607668ca2.jpg_720x720q80.jpg_.webp,189000.0,107,29,4.9,VIET FASHION VN,https://www.lazada.vn/products/pdp-i3039882731.html,Normal
3039882731,QUẦN JEANS NAM THƯƠNG HIỆU CAO CẤP VIET FASHION ĐEN TRƠN MS VF00,"quần xịn, dáng bảnh.",positive,https://img.lazcdn.com/g/p/2b9687b8f4bcacd66d03dee607668ca2.jpg_720x720q80.jpg_.webp,189000.0,107,29,4.9,VIET FASHION VN,https://www.lazada.vn/products/pdp-i3039882731.html,Normal
3039882731,QUẦN JEANS NAM THƯƠNG HIỆU CAO CẤP VIET FASHION ĐEN TRƠN MS VF00,"mình mua tặng ba mà ba khen suốt, shop uy tín cực kì luôn á trời 😍",positive,https://img.lazcdn.com/g/p/2b9687b8f4bcacd66d03dee607668ca2.jpg_720x720q80.jpg_.webp,189000.0,107,29,4.9,VIET FASHION VN,https://www.lazada.vn/products/pdp-i3039882731.html,Normal
3039882731,QUẦN JEANS NAM THƯƠNG HIỆU CAO CẤP VIET FASHION ĐEN TRƠN MS VF00,"vải jean mướt tay giặt máy ko bị nhăn, t rất ưng cái bụng thoy",positive,https://img.lazcdn.com/g/p/2b9687b8f4bcacd66d03dee607668ca2.jpg_720x720q80.jpg_.webp,189000.0,107,29,4.9,VIET FASHION VN,https://www.lazada.vn/products/pdp-i3039882731.html,Normal
3039882731,QUẦN JEANS NAM THƯƠNG HIỆU CAO CẤP VIET FASHION ĐEN TRƠN MS VF00,"eo hơi rộng quá so với mình, phải dùng thắt lưng nhìn hơi bị sượng sùng xíu",negative,https://img.lazcdn.com/g/p/2b9687b8f4bcacd66d03dee607668ca2.jpg_720x720q80.jpg_.webp,189000.0,107,29,4.9,VIET FASHION VN,https://www.lazada.vn/products/pdp-i3039882731.html,Normal
3039882731,QUẦN JEANS NAM THƯƠNG HIỆU CAO CẤP VIET FASHION ĐEN TRƠN MS VF00,"ship hàng lâu vãi chưởng, t đợi gần 2 tuần mới thấy mặt cái quần 😤",negative,https://img.lazcdn.com/g/p/2b9687b8f4bcacd66d03dee607668ca2.jpg_720x720q80.jpg_.webp,189000.0,107,29,4.9,VIET FASHION VN,https://www.lazada.vn/products/pdp-i3039882731.html,Normal
3029432334,Ice silk pants men's thin quick-drying pants casual sweatpants slim straight pants,"ice silk mặc mát lạnh luôn m ơi, quần mỏng nhẹ nhanh khô đi mưa bao phê ❄️🏃‍♂️",positive,https://img.lazcdn.com/g/p/0169b83f29b61e98ef279a1bc0f4870e.png_720x720q80.png_.webp,66000.0,29,115,4.7,Bonnie Cathy Mall,https://www.lazada.vn/products/pdp-i3029432334.html,Normal
3029432334,Ice silk pants men's thin quick-drying pants casual sweatpants slim straight pants,"mình thấy form slim straight cực tôn dáng, mặc đi tập thể dục hay đi chơi đều okla",positive,https://img.lazcdn.com/g/p/0169b83f29b61e98ef279a1bc0f4870e.png_720x720q80.png_.webp,66000.0,29,115,4.7,Bonnie Cathy Mall,https://www.lazada.vn/products/pdp-i3029432334.html,Normal
3029432334,Ice silk pants men's thin quick-drying pants casual sweatpants slim straight pants,"ta thấy vải này đúng chân ái mùa hè thoy, nhẹ tênh mặc như ko mặc luôn á m",positive,https://img.lazcdn.com/g/p/0169b83f29b61e98ef279a1bc0f4870e.png_720x720q80.png_.webp,66000.0,29,115,4.7,Bonnie Cathy Mall,https://www.lazada.vn/products/pdp-i3029432334.html,Normal
3029432334,Ice silk pants men's thin quick-drying pants casual sweatpants slim straight pants,"màu sắc đẹp nhã nhặn, thiết kế đơn giản mà tinh tế cực kì, keo nha",positive,https://img.lazcdn.com/g/p/0169b83f29b61e98ef279a1bc0f4870e.png_720x720q80.png_.webp,66000.0,29,115,4.7,Bonnie Cathy Mall,https://www.lazada.vn/products/pdp-i3029432334.html,Normal
3029432334,Ice silk pants men's thin quick-drying pants casual sweatpants slim straight pants,"đóng gói đẹp giao lẹ như chớp, mình rất hài lòng với mẫu quần này",positive,https://img.lazcdn.com/g/p/0169b83f29b61e98ef279a1bc0f4870e.png_720x720q80.png_.webp,66000.0,29,115,4.7,Bonnie Cathy Mall,https://www.lazada.vn/products/pdp-i3029432334.html,Normal
3029432334,Ice silk pants men's thin quick-drying pants casual sweatpants slim straight pants,"mát mẻ, thoải mái cực.",positive,https://img.lazcdn.com/g/p/0169b83f29b61e98ef279a1bc0f4870e.png_720x720q80.png_.webp,66000.0,29,115,4.7,Bonnie Cathy Mall,https://www.lazada.vn/products/pdp-i3029432334.html,Normal
3029432334,Ice silk pants men's thin quick-drying pants casual sweatpants slim straight pants,"giặt xong phơi xíu là khô, đúng là quick-drying có khác xịn vãi m ạ",positive,https://img.lazcdn.com/g/p/0169b83f29b61e98ef279a1bc0f4870e.png_720x720q80.png_.webp,66000.0,29,115,4.7,Bonnie Cathy Mall,https://www.lazada.vn/products/pdp-i3029432334.html,Normal
3029432334,Ice silk pants men's thin quick-drying pants casual sweatpants slim straight pants,form chuẩn mặc bảnh trai hẳn ra.,positive,https://img.lazcdn.com/g/p/0169b83f29b61e98ef279a1bc0f4870e.png_720x720q80.png_.webp,66000.0,29,115,4.7,Bonnie Cathy Mall,https://www.lazada.vn/products/pdp-i3029432334.html,Normal
3029432334,Ice silk pants men's thin quick-drying pants casual sweatpants slim straight pants,"vải mỏng quá m ạ, mình đứng dưới nắng là bị xuyên thấu luôn sượng chết mất 🙈",negative,https://img.lazcdn.com/g/p/0169b83f29b61e98ef279a1bc0f4870e.png_720x720q80.png_.webp,66000.0,29,115,4.7,Bonnie Cathy Mall,https://www.lazada.vn/products/pdp-i3029432334.html,Normal
3029432334,Ice silk pants men's thin quick-drying pants casual sweatpants slim straight pants,"túi quần ko có khóa kéo, mình để điện thoại lúc chạy bộ toàn bị rớt ra, sượng",negative,https://img.lazcdn.com/g/p/0169b83f29b61e98ef279a1bc0f4870e.png_720x720q80.png_.webp,66000.0,29,115,4.7,Bonnie Cathy Mall,https://www.lazada.vn/products/pdp-i3029432334.html,Normal
2610329307,"Quần bò jean nam dài đen trơn, chất jean co giãn tốt chuẩn form bền đẹp, giá tốt 25/06","jean đen trơn 25/06 mặc bao dính m ơi, form chuẩn đét phối đồ bao cháy 🔥👖",positive,https://img.lazcdn.com/g/p/46d692bd7935b669976a5d1a72418071.jpg_720x720q80.jpg_.webp,159000.0,297,80,4.9,Kay_store,https://www.lazada.vn/products/pdp-i2610329307.html,Normal
2610329307,"Quần bò jean nam dài đen trơn, chất jean co giãn tốt chuẩn form bền đẹp, giá tốt 25/06",mình thấy giá tốt mà chất jean co giãn xịn thế này là quá hời cho 1 cuộc tình,positive,https://img.lazcdn.com/g/p/46d692bd7935b669976a5d1a72418071.jpg_720x720q80.jpg_.webp,159000.0,297,80,4.9,Kay_store,https://www.lazada.vn/products/pdp-i2610329307.html,Normal
2610329307,"Quần bò jean nam dài đen trơn, chất jean co giãn tốt chuẩn form bền đẹp, giá tốt 25/06","ta thấy màu đen bền đẹp k phai màu đâu ae, mặc đi làm bao bảnh thoy",positive,https://img.lazcdn.com/g/p/46d692bd7935b669976a5d1a72418071.jpg_720x720q80.jpg_.webp,159000.0,297,80,4.9,Kay_store,https://www.lazada.vn/products/pdp-i2610329307.html,Normal
2610329307,"Quần bò jean nam dài đen trơn, chất jean co giãn tốt chuẩn form bền đẹp, giá tốt 25/06","vải dày dặn đứng dáng, đúng chuẩn hàng shop xịn t cực kì hài lòng luôn m",positive,https://img.lazcdn.com/g/p/46d692bd7935b669976a5d1a72418071.jpg_720x720q80.jpg_.webp,159000.0,297,80,4.9,Kay_store,https://www.lazada.vn/products/pdp-i2610329307.html,Normal
2610329307,"Quần bò jean nam dài đen trơn, chất jean co giãn tốt chuẩn form bền đẹp, giá tốt 25/06","keo lỳ nha shop ơi, 10 đỉm cho chất lượng sản phẩm tuyệt vời này 😍",positive,https://img.lazcdn.com/g/p/46d692bd7935b669976a5d1a72418071.jpg_720x720q80.jpg_.webp,159000.0,297,80,4.9,Kay_store,https://www.lazada.vn/products/pdp-i2610329307.html,Normal
2610329307,"Quần bò jean nam dài đen trơn, chất jean co giãn tốt chuẩn form bền đẹp, giá tốt 25/06","quần tốt, vải đẹp cực.",positive,https://img.lazcdn.com/g/p/46d692bd7935b669976a5d1a72418071.jpg_720x720q80.jpg_.webp,159000.0,297,80,4.9,Kay_store,https://www.lazada.vn/products/pdp-i2610329307.html,Normal
2610329307,"Quần bò jean nam dài đen trơn, chất jean co giãn tốt chuẩn form bền đẹp, giá tốt 25/06","mặc lên tôn dáng phết, hack chân dài miên man luôn á m ạ, dính vãi",positive,https://img.lazcdn.com/g/p/46d692bd7935b669976a5d1a72418071.jpg_720x720q80.jpg_.webp,159000.0,297,80,4.9,Kay_store,https://www.lazada.vn/products/pdp-i2610329307.html,Normal
2610329307,"Quần bò jean nam dài đen trơn, chất jean co giãn tốt chuẩn form bền đẹp, giá tốt 25/06","giao hàng nhanh như một cơn gió, đóng gói kỹ càng vãi chưởng luôn m nhóe",positive,https://img.lazcdn.com/g/p/46d692bd7935b669976a5d1a72418071.jpg_720x720q80.jpg_.webp,159000.0,297,80,4.9,Kay_store,https://www.lazada.vn/products/pdp-i2610329307.html,Normal
2610329307,"Quần bò jean nam dài đen trơn, chất jean co giãn tốt chuẩn form bền đẹp, giá tốt 25/06","eo quần hơi bị rộng bụng quá so với mình, phải đi bóp lại xíu mới mặc dc, sượng",negative,https://img.lazcdn.com/g/p/46d692bd7935b669976a5d1a72418071.jpg_720x720q80.jpg_.webp,159000.0,297,80,4.9,Kay_store,https://www.lazada.vn/products/pdp-i2610329307.html,Normal
2610329307,"Quần bò jean nam dài đen trơn, chất jean co giãn tốt chuẩn form bền đẹp, giá tốt 25/06","khoét lỗ cúc chưa kĩ t phải lấy kéo bấm lại m ạ, làm ăn sượng sùng vãi 😤",negative,https://img.lazcdn.com/g/p/46d692bd7935b669976a5d1a72418071.jpg_720x720q80.jpg_.webp,159000.0,297,80,4.9,Kay_store,https://www.lazada.vn/products/pdp-i2610329307.html,Normal
2485051823,"Quần jean dài nam 2 đáy phối rách xước kèm loang màu siêu đẹp, mẫu mới hot trend, phong cách thời trang trẻ trung sang trọng","2 đáy phối rách xước loang màu nhìn nghệ vãi m ơi, đúng hot trend sang trọng 🎨✨",positive,https://img.lazcdn.com/g/p/0f8bc43a4c0908224f0386fe5cb085d4.jpg_720x720q80.jpg_.webp,229000.0,21,5,4.2,T.Hiền_STORE,https://www.lazada.vn/products/pdp-i2485051823.html,Normal
2485051823,"Quần jean dài nam 2 đáy phối rách xước kèm loang màu siêu đẹp, mẫu mới hot trend, phong cách thời trang trẻ trung sang trọng","mình thấy thiết kế trẻ trung cực kì, mặc đi chơi là bao cháy máy bao slay luôn",positive,https://img.lazcdn.com/g/p/0f8bc43a4c0908224f0386fe5cb085d4.jpg_720x720q80.jpg_.webp,229000.0,21,5,4.2,T.Hiền_STORE,https://www.lazada.vn/products/pdp-i2485051823.html,Normal
2485051823,"Quần jean dài nam 2 đáy phối rách xước kèm loang màu siêu đẹp, mẫu mới hot trend, phong cách thời trang trẻ trung sang trọng","ta thấy màu loang đẹp y hình, vải jean dày dặn sờ mướt tay vãi chưởng m ạ",positive,https://img.lazcdn.com/g/p/0f8bc43a4c0908224f0386fe5cb085d4.jpg_720x720q80.jpg_.webp,229000.0,21,5,4.2,T.Hiền_STORE,https://www.lazada.vn/products/pdp-i2485051823.html,Normal
2485051823,"Quần jean dài nam 2 đáy phối rách xước kèm loang màu siêu đẹp, mẫu mới hot trend, phong cách thời trang trẻ trung sang trọng","form chuẩn đét hack dáng chân dài miên man, phối với sneaker là chuẩn bài",positive,https://img.lazcdn.com/g/p/0f8bc43a4c0908224f0386fe5cb085d4.jpg_720x720q80.jpg_.webp,229000.0,21,5,4.2,T.Hiền_STORE,https://www.lazada.vn/products/pdp-i2485051823.html,Normal
2485051823,"Quần jean dài nam 2 đáy phối rách xước kèm loang màu siêu đẹp, mẫu mới hot trend, phong cách thời trang trẻ trung sang trọng","keo lỳ nha shop ơi, mẫu mới này đỉnh thiệt sự t cực kì hài lòng luôn",positive,https://img.lazcdn.com/g/p/0f8bc43a4c0908224f0386fe5cb085d4.jpg_720x720q80.jpg_.webp,229000.0,21,5,4.2,T.Hiền_STORE,https://www.lazada.vn/products/pdp-i2485051823.html,Normal
2485051823,"Quần jean dài nam 2 đáy phối rách xước kèm loang màu siêu đẹp, mẫu mới hot trend, phong cách thời trang trẻ trung sang trọng","quần bảnh, mẫu lạ đẹp.",positive,https://img.lazcdn.com/g/p/0f8bc43a4c0908224f0386fe5cb085d4.jpg_720x720q80.jpg_.webp,229000.0,21,5,4.2,T.Hiền_STORE,https://www.lazada.vn/products/pdp-i2485051823.html,Normal
2485051823,"Quần jean dài nam 2 đáy phối rách xước kèm loang màu siêu đẹp, mẫu mới hot trend, phong cách thời trang trẻ trung sang trọng","đóng gói xịn xò giao hàng đúng hẹn, 5 sao cho sự chuyên nghiệp của shop 😍",positive,https://img.lazcdn.com/g/p/0f8bc43a4c0908224f0386fe5cb085d4.jpg_720x720q80.jpg_.webp,229000.0,21,5,4.2,T.Hiền_STORE,https://www.lazada.vn/products/pdp-i2485051823.html,Normal
2485051823,"Quần jean dài nam 2 đáy phối rách xước kèm loang màu siêu đẹp, mẫu mới hot trend, phong cách thời trang trẻ trung sang trọng","mặc lên nhìn bảnh tỏn hẳn ra m ạ, ai cũng khen quần đẹp hết trơn thoy",positive,https://img.lazcdn.com/g/p/0f8bc43a4c0908224f0386fe5cb085d4.jpg_720x720q80.jpg_.webp,229000.0,21,5,4.2,T.Hiền_STORE,https://www.lazada.vn/products/pdp-i2485051823.html,Normal
2485051823,"Quần jean dài nam 2 đáy phối rách xước kèm loang màu siêu đẹp, mẫu mới hot trend, phong cách thời trang trẻ trung sang trọng","mùi vải loang hơi nồng quá m ạ, mình phải ngâm xả 3 lần mới bay bớt mùi, sượng",negative,https://img.lazcdn.com/g/p/0f8bc43a4c0908224f0386fe5cb085d4.jpg_720x720q80.jpg_.webp,229000.0,21,5,4.2,T.Hiền_STORE,https://www.lazada.vn/products/pdp-i2485051823.html,Normal
2485051823,"Quần jean dài nam 2 đáy phối rách xước kèm loang màu siêu đẹp, mẫu mới hot trend, phong cách thời trang trẻ trung sang trọng","mấy cái rách xước bên trong hơi bị ngứa da t xíu, cảm giác sượng sùng vãi 😤",negative,https://img.lazcdn.com/g/p/0f8bc43a4c0908224f0386fe5cb085d4.jpg_720x720q80.jpg_.webp,229000.0,21,5,4.2,T.Hiền_STORE,https://www.lazada.vn/products/pdp-i2485051823.html,Normal
2352967799,"Quần jean Nam dài khóa kéo gối, rách nhẹ, quần chất bò co giãn, màu đen trơn mẫu mã đẹp KAYSTORE","khóa kéo gối nhìn ngầu vãi m ơi, rách nhẹ nhàng đúng chất dân chơi Kaystore 🤘🔥",positive,https://img.lazcdn.com/g/p/2c67ad5111a4952412d5f1bc9ef6a86e.jpg_720x720q80.jpg_.webp,154000.0,137,40,4.9,TM.FASHION,https://www.lazada.vn/products/pdp-i2352967799.html,Normal
2352967799,"Quần jean Nam dài khóa kéo gối, rách nhẹ, quần chất bò co giãn, màu đen trơn mẫu mã đẹp KAYSTORE","mình thấy đen trơn dễ phối đồ, chất bò co giãn mặc sướng cái chân vãi luôn m",positive,https://img.lazcdn.com/g/p/2c67ad5111a4952412d5f1bc9ef6a86e.jpg_720x720q80.jpg_.webp,154000.0,137,40,4.9,TM.FASHION,https://www.lazada.vn/products/pdp-i2352967799.html,Normal
2352967799,"Quần jean Nam dài khóa kéo gối, rách nhẹ, quần chất bò co giãn, màu đen trơn mẫu mã đẹp KAYSTORE","ta thấy form quần chuẩn đét mặc vào nhìn chân dài miên man, keo lỳ nha shop ơi",positive,https://img.lazcdn.com/g/p/2c67ad5111a4952412d5f1bc9ef6a86e.jpg_720x720q80.jpg_.webp,154000.0,137,40,4.9,TM.FASHION,https://www.lazada.vn/products/pdp-i2352967799.html,Normal
2352967799,"Quần jean Nam dài khóa kéo gối, rách nhẹ, quần chất bò co giãn, màu đen trơn mẫu mã đẹp KAYSTORE","màu sắc bền đẹp k phai màu đâu nha ae, mặc đi quẩy là bao dính thoy 😍",positive,https://img.lazcdn.com/g/p/2c67ad5111a4952412d5f1bc9ef6a86e.jpg_720x720q80.jpg_.webp,154000.0,137,40,4.9,TM.FASHION,https://www.lazada.vn/products/pdp-i2352967799.html,Normal
2352967799,"Quần jean Nam dài khóa kéo gối, rách nhẹ, quần chất bò co giãn, màu đen trơn mẫu mã đẹp KAYSTORE","đúng chuẩn hàng shop xịn, đóng gói đẹp giao lẹ như một cơn gió vậy á m",positive,https://img.lazcdn.com/g/p/2c67ad5111a4952412d5f1bc9ef6a86e.jpg_720x720q80.jpg_.webp,154000.0,137,40,4.9,TM.FASHION,https://www.lazada.vn/products/pdp-i2352967799.html,Normal
2352967799,"Quần jean Nam dài khóa kéo gối, rách nhẹ, quần chất bò co giãn, màu đen trơn mẫu mã đẹp KAYSTORE","quần bảnh, dáng chuẩn đét.",positive,https://img.lazcdn.com/g/p/2c67ad5111a4952412d5f1bc9ef6a86e.jpg_720x720q80.jpg_.webp,154000.0,137,40,4.9,TM.FASHION,https://www.lazada.vn/products/pdp-i2352967799.html,Normal
2352967799,"Quần jean Nam dài khóa kéo gối, rách nhẹ, quần chất bò co giãn, màu đen trơn mẫu mã đẹp KAYSTORE","vải dày dặn đứng form mặc vào thấy mình bảnh trai hẳn ra m ạ, dính vãi",positive,https://img.lazcdn.com/g/p/2c67ad5111a4952412d5f1bc9ef6a86e.jpg_720x720q80.jpg_.webp,154000.0,137,40,4.9,TM.FASHION,https://www.lazada.vn/products/pdp-i2352967799.html,Normal
2352967799,"Quần jean Nam dài khóa kéo gối, rách nhẹ, quần chất bò co giãn, màu đen trơn mẫu mã đẹp KAYSTORE","mình cực hài lòng với mẫu thiết kế này, 10 đỉm cho chất lượng sản phẩm",positive,https://img.lazcdn.com/g/p/2c67ad5111a4952412d5f1bc9ef6a86e.jpg_720x720q80.jpg_.webp,154000.0,137,40,4.9,TM.FASHION,https://www.lazada.vn/products/pdp-i2352967799.html,Normal
2352967799,"Quần jean Nam dài khóa kéo gối, rách nhẹ, quần chất bò co giãn, màu đen trơn mẫu mã đẹp KAYSTORE","cái khóa kéo ở gối thỉnh thoảng bị kẹt m ạ, t kéo mãi ko lên sượng sùng vãi",negative,https://img.lazcdn.com/g/p/2c67ad5111a4952412d5f1bc9ef6a86e.jpg_720x720q80.jpg_.webp,154000.0,137,40,4.9,TM.FASHION,https://www.lazada.vn/products/pdp-i2352967799.html,Normal
2352967799,"Quần jean Nam dài khóa kéo gối, rách nhẹ, quần chất bò co giãn, màu đen trơn mẫu mã đẹp KAYSTORE","size hơi ảo m ạ, t bình thường mặc 32 mà nay mặc 32 bị chật, sượng ghê 😤",negative,https://img.lazcdn.com/g/p/2c67ad5111a4952412d5f1bc9ef6a86e.jpg_720x720q80.jpg_.webp,154000.0,137,40,4.9,TM.FASHION,https://www.lazada.vn/products/pdp-i2352967799.html,Normal
