product_id,"review_text",sentiment
2960276654,"Tức shiper ăn nói trống không nên cho shop 1 sao trừ điểm đóng gói móp",negative
2960276654,"Shop làm ăn vcl nhắn ko rep áo thì chật cứng bực mình bồi thường đi",negative
2960276654,"Mua cho chồng mặc đi đám cưới ai cũng khen đẹp, form lên vừa vặn lắm.",positive
2960276654,"Trúc xinh trúc mọc đầu đình, em xinh em đứng một mình cũng xinh. Áo đẹp lắm nha shop 10 sao",positive
2960276654,"Sợ áo mỏng nhận về nặng trịch dầy dặn bất ngờ hehe.",positive
2960276654,"Trúc xinh trúc mọc đầu đình, em xinh em đứng một mình cũng xinh. Áo đẹp lắm nha shop 10 sao",positive
2960276654,"Xỉu up xỉu down luôn á áo đỉnh vãi chưởng",positive
2960276654,"Dm giao mẹ cái giẻ rách à áo rách toạc mà cũng ship tốn tiền",negative
2960276654,"Một cây làm chẳng nên non, nhận hàng thấy form áo mlem quớ.",positive
2960276654,"Bác lớn tuổi không biết mua trên này mà nhờ shop chỉ tận tình, áo cháu mặc vừa lắm",positive
2960276654,"Áo keo lỳ nha mấy bà, 10 điểm không có nhưng, slay vãi",positive
2960276654,"a'o dẹp lúm mng, wa' tr ok lunn mn uiii",positive
2960276654,"Một cây làm chẳng nên non, nhận hàng thấy form áo mlem quớ.",positive
2960276654,"Thua xa cái áo hôm trước mua bên QC, vải này giặt 2 nước xù lông chắc luôn",negative
2960276654,"Đáng đồng tiền bát gạo, shop làm ăn uy tín đấy, form dáng ok",positive
2960276654,"Đóng gói kỹ xíu đi shop ơi bọc nilon mỏng dính, bù lại chất vải đẹp, đường may ok ko bị lỗi.",positive
2960276654,"Shop làm ăn bố láo, nhắn tin xin đổi size mà seen không thèm rep, thái độ lồi lõm với khách.",negative
2960276654,"Lúc đặt cũng rén sợ form boxy to quá, nhận hàng ưng cái bụng liền",positive
2960276654,"Giao hàng quăng cái bộp cái thùng nát bét, shop làm việc lại với bên vận chuyển bực ghê",negative
2960276654,"Giao hàng từ thế kỉ trước tới giờ mới nhận được, shop không hỗ trợ gì cả. Tệ.",negative
2960276654,"Xui xẻo vừa mua về đứt luôn cái cúc áo, chỉ thừa thì cả đống, bực mình vãi",negative
2960276654,"Shop này tui mua chắc chục cái từ sơ mi tới vest, chất liệu bao tốt, tư vấn dễ thương",positive
2960276654,"Phần đệm vai bị nhàu nát tươm, áo rách lót nản chẳng muốn nói.",negative
2960276654,"Đánh giá cao chất liệu và form dáng của mẫu vest này. Đường may tỉ mỉ, mút vai cấu trúc tốt. Một lựa chọn tuyệt vời trong tầm giá.",positive
2960276654,"Form như dở hơi so với hàng xách tay trước t mua rẻ hơn mà xịn hơn",negative
2960276654,"Tạm được, không xuất sắc như quảng cáo, màu ngoài đời tối hơn ảnh.",negative
2960276654,"Áo rách 1 đường may dọc sườn, kiểm tra hàng không kỹ gì hết bực dễ sợ",negative
2960276654,"Nhìn giả trân, thôi mua hàng nội địa trung còn ngon xơi hơn.",negative
2960276654,"fast",positive
2960276654,"Xỉu up xỉu down luôn á áo đỉnh vãi chưởng",positive
2960276654,"giao nhanh",positive
2960276654,"Đặt thử mặc đi prom mà lên dáng đẹp ngoài mong đợi, giá lại rẻ sập sàn nha.",positive
2960276654,"Phục vụ quá tệ, áo xước 1 đường bảo đổi trả không cho. Bai bai shop.",negative
2960276654,"Hàng VNXK gì mà còn thua đồ taobao vài trăm ngàn, giá chát mà chất kì kì",negative
2960276654,"Bác lớn tuổi không biết mua trên này mà nhờ shop chỉ tận tình, áo cháu mặc vừa lắm",positive
2960276654,"Shop này tui mua chắc chục cái từ sơ mi tới vest, chất liệu bao tốt, tư vấn dễ thương",positive
2960276654,"Xui xẻo vừa mua về đứt luôn cái cúc áo, chỉ thừa thì cả đống, bực mình vãi",negative
2960276654,"Áo dính nguyên vệt dơ đằng sau lưng, nhắn tin shop seen không rep.",negative
2960276654,"Form áo may chuẩn xác, chất liệu vải lên đồ rất sang. Đệm vai cứng cáp, lót trong may cẩn thận không bị nhăn. Đáng để đầu tư cho công việc.",positive
2906313306,"Hàng VNXK gì mà còn thua đồ taobao vài trăm ngàn, giá chát mà chất kì kì",negative
2906313306,"Giao hàng gì mà gọi điện giục như đòi nợ, hộp áo méo không nhận ra nguyên hình.",negative
2906313306,"Bác lớn tuổi không biết mua trên này mà nhờ shop chỉ tận tình, áo cháu mặc vừa lắm",positive
2906313306,"Chỉ thừa 1 nùi, form khác gì cái giẻ lau không, vải thì mỏng tang nhìn xuyên thấu.",negative
2906313306,"Thấy đánh giá ít cũng lo xí mà nhận áo thì quay xe 180 độ, quá xuất sắc",positive
2906313306,"Keo lỳ tái bạt form áo siêu mê, diện đi quẩy cháy phố",positive
2906313306,"Vải mỏng tang giặt 1 phát chắc nhàu nhĩ. Treo đầu dê bán thịt chó. Tránh xa ra",negative
2906313306,"Một cây làm chẳng nên non, nhận hàng thấy form áo mlem quớ.",positive
2906313306,"Giao hàng quăng cái bộp cái thùng nát bét, shop làm việc lại với bên vận chuyển bực ghê",negative
2906313306,"Đặt thử mặc đi prom mà lên dáng đẹp ngoài mong đợi, giá lại rẻ sập sàn nha.",positive
2906313306,"Nhắm mắt mua không cần nghĩ ngợi vì đã mua shop quá nhiều lần luôn tin tưởng.",positive
2906313306,"Form như dở hơi so với hàng xách tay trước t mua rẻ hơn mà xịn hơn",negative
2906313306,"Shop làm ăn bố láo, nhắn tin xin đổi size mà seen không thèm rep, thái độ lồi lõm với khách.",negative
2906313306,"Áo dính nguyên vệt dơ đằng sau lưng, nhắn tin shop seen không rep.",negative
2906313306,"ok",positive
2906313306,"Shipper thái độ lồi lõm, hộp thì móp méo nát bét",negative
2906313306,"Keo lỳ tái bạt form áo siêu mê, diện đi quẩy cháy phố",positive
2906313306,"Hình ảnh mang tính chất nhận xu, áo đẹp lắm nha mng 😍😍😍👍👍👍",positive
2906313306,"Dm giao mẹ cái giẻ rách à áo rách toạc mà cũng ship tốn tiền",negative
2906313306,"Thua xa cái áo hôm trước mua bên QC, vải này giặt 2 nước xù lông chắc luôn",negative
2906313306,"Giao nhầm size rồi nhé shop, nhắn tin hỏi thì nhân viên bảo tại kho hết hàng tự ý đổi size, dẹp đi.",negative
2906313306,"Shop làm ăn bố láo, nhắn tin xin đổi size mà seen không thèm rep, thái độ lồi lõm với khách.",negative
2906313306,"Giao hàng quăng cái bộp cái thùng nát bét, shop làm việc lại với bên vận chuyển bực ghê",negative
2906313306,"Phục vụ quá tệ, áo xước 1 đường bảo đổi trả không cho. Bai bai shop.",negative
2906313306,"Làm ăn như cc, giao nhầm size mặc vào như bơi trong áo, né gấp",negative
2906313306,"Phục vụ quá tệ, áo xước 1 đường bảo đổi trả không cho. Bai bai shop.",negative
2906313306,"Áo như form hàng chợ, đường may cẩu thả vạch ra là thấy chỉ lỗi, đăng ảnh cho đẹp vô giao cái áo nát.",negative
2906313306,"Tạm được, không xuất sắc như quảng cáo, màu ngoài đời tối hơn ảnh.",negative
2906313306,"Áo rách 1 đường may dọc sườn, kiểm tra hàng không kỹ gì hết bực dễ sợ",negative
2906313306,"Phục vụ quá tệ, áo xước 1 đường bảo đổi trả không cho. Bai bai shop.",negative
2906313306,"Làm ăn như cc, giao nhầm size mặc vào như bơi trong áo, né gấp",negative
2906313306,"Thua xa cái áo hôm trước mua bên QC, vải này giặt 2 nước xù lông chắc luôn",negative
2906313306,"Áo đẹp bá cháy bọ chét, 100 điểm cho sự keo lỳ này",positive
2906313306,"Nhắm mắt mua không cần nghĩ ngợi vì đã mua shop quá nhiều lần luôn tin tưởng.",positive
2906313306,"Shop làm ăn bố láo, nhắn tin xin đổi size mà seen không thèm rep, thái độ lồi lõm với khách.",negative
3003100756,"Xỉu up xỉu down luôn á áo đỉnh vãi chưởng",positive
3003100756,"Quảng cáo là 2 lớp dày dặn nhưng 1 lớp mỏng 1 lớp lưới, ko giống kì vọng chút nào.",negative
3003100756,"Hộp gói hàng móp méo tè le hột me nhìn chán chả buồn nói, nhưng mở ra áo đẹp form nét nên vẫn cho shop 5 sao nhen.",positive
3003100756,"Thấy review tóp tóp rầm rộ nên mua thử, ai dè dính thiệt đồ he, form ok phết",positive
3003100756,"Giao hàng gì mà gọi điện giục như đòi nợ, hộp áo méo không nhận ra nguyên hình.",negative
3003100756,"dep",positive
3003100756,"Một cây làm chẳng nên non, nhận hàng thấy form áo mlem quớ.",positive
3003100756,"Shipper giao lộn giờ lộn xộn bực mình nhưng áo lên form fit đẹp lắmm.",positive
3003100756,"đẹp",positive
3003100756,"Đặt thử mặc đi prom mà lên dáng đẹp ngoài mong đợi, giá lại rẻ sập sàn nha.",positive
3003100756,"Mua cho bác trai mặc dự hội thảo rất sang trọng lịch sự, cám ơn shop.",positive
3003100756,"Đáng đồng tiền bát gạo, shop làm ăn uy tín đấy, form dáng ok",positive
3003100756,"Giao hàng gì mà gọi điện giục như đòi nợ, hộp áo méo không nhận ra nguyên hình.",negative
3003100756,"Chỉ thừa 1 nùi, form khác gì cái giẻ lau không, vải thì mỏng tang nhìn xuyên thấu.",negative
3003100756,"Tức shiper ăn nói trống không nên cho shop 1 sao trừ điểm đóng gói móp",negative
3003100756,"Top top rì viu cái shop này nhìu lém nay mới thử mua, êm ru lun mọi người",positive
3003100756,"Hàng VNXK gì mà còn thua đồ taobao vài trăm ngàn, giá chát mà chất kì kì",negative
3003100756,"Áo như form hàng chợ, đường may cẩu thả vạch ra là thấy chỉ lỗi, đăng ảnh cho đẹp vô giao cái áo nát.",negative
3003100756,"Áo như form hàng chợ, đường may cẩu thả vạch ra là thấy chỉ lỗi, đăng ảnh cho đẹp vô giao cái áo nát.",negative
3003100756,"ok lắmmm mnnnn form chuẩn 10 đỉmm",positive
3003100756,"Chất vải đứng form khá tốt, phần đệm vai mỏng vừa phải không bị cộm. Đường kim mũi chỉ tương đối sắc nét, không có chỉ thừa. Form dáng ôm vừa phải, rất phù hợp với dân văn phòng.",positive
3003100756,"Lời nói gió bay, vest này mặc là bay thẳng vào tim em. Giao hàng nhanh áo đẹp",positive
3003100756,"ok lắmmm mnnnn form chuẩn 10 đỉmm",positive
3003100756,"ok",positive
3003100756,"tot",positive
3003100756,"Giao hàng hơi lâu chờ mòn mỏi, bọc hàng sơ sài quá shop, được cái áo bên trong không bị gì, mặc lên tôn dáng nên rate 5 sao.",positive
3003100756,"Xui xẻo vừa mua về đứt luôn cái cúc áo, chỉ thừa thì cả đống, bực mình vãi",negative
3003100756,"Form như dở hơi so với hàng xách tay trước t mua rẻ hơn mà xịn hơn",negative
3003100756,"Ổn áp trong tầm giá, chất lượng tốt hơn mong đợi với số tiền bỏ ra",positive
3003100756,"Nhận xu, áo tuyệt vời, sẽ ủng hộ tiếp 💰💰",positive
3003100756,"Shop làm ăn bố láo, nhắn tin xin đổi size mà seen không thèm rep, thái độ lồi lõm với khách.",negative
3003100756,"Vải mỏng tang giặt 1 phát chắc nhàu nhĩ. Treo đầu dê bán thịt chó. Tránh xa ra",negative
3003100756,"Nhắm mắt mua không cần nghĩ ngợi vì đã mua shop quá nhiều lần luôn tin tưởng.",positive
3003100756,"Ổn áp trong tầm giá, chất lượng tốt hơn mong đợi với số tiền bỏ ra",positive
3003100756,"Sợ áo mỏng nhận về nặng trịch dầy dặn bất ngờ hehe.",positive
3003100756,"Gia công tốt so với giá tiền, mặc đi làm hàng ngày ngon ẻ.",positive
3003100756,"Video hình ảnh dùng để nhận 100 xu haha, áo đẹp giao nhanh 10đ nha shop",positive
2917402476,"Form như dở hơi so với hàng xách tay trước t mua rẻ hơn mà xịn hơn",negative
2917402476,"Vải mỏng tang giặt 1 phát chắc nhàu nhĩ. Treo đầu dê bán thịt chó. Tránh xa ra",negative
2917402476,"Tức shiper ăn nói trống không nên cho shop 1 sao trừ điểm đóng gói móp",negative
2917402476,"Nhìn giả trân, thôi mua hàng nội địa trung còn ngon xơi hơn.",negative
2917402476,"Vải rủ quá không đứng form như hình, mong đợi nhiều xong thất vọng.",negative
2917402476,"Form như dở hơi so với hàng xách tay trước t mua rẻ hơn mà xịn hơn",negative
2917402476,"Shipper thái độ lồi lõm, hộp thì móp méo nát bét",negative
2917402476,"Áo rách 1 đường may dọc sườn, kiểm tra hàng không kỹ gì hết bực dễ sợ",negative
2917402476,"Chỉ thừa 1 nùi, form khác gì cái giẻ lau không, vải thì mỏng tang nhìn xuyên thấu.",negative
2917402476,"Top top rì viu cái shop này nhìu lém nay mới thử mua, êm ru lun mọi người",positive
2917402476,"Phục vụ quá tệ, áo xước 1 đường bảo đổi trả không cho. Bai bai shop.",negative
2917402476,"Shipper thái độ lồi lõm, hộp thì móp méo nát bét",negative
2917402476,"Vải mỏng tang giặt 1 phát chắc nhàu nhĩ. Treo đầu dê bán thịt chó. Tránh xa ra",negative
2917402476,"Áo như form hàng chợ, đường may cẩu thả vạch ra là thấy chỉ lỗi, đăng ảnh cho đẹp vô giao cái áo nát.",negative
2917402476,"Áo dính nguyên vệt dơ đằng sau lưng, nhắn tin shop seen không rep.",negative
2917402476,"Top top rì viu cái shop này nhìu lém nay mới thử mua, êm ru lun mọi người",positive
2917402476,"Lần thứ n mua hàng của shop, giữ nguyên phong độ nha 10đ cho chất lượng",positive
2917402476,"Tạm được, không xuất sắc như quảng cáo, màu ngoài đời tối hơn ảnh.",negative
2917402476,"Shipper thái độ lồi lõm, hộp thì móp méo nát bét",negative
2917402476,"Làm ăn như cc, giao nhầm size mặc vào như bơi trong áo, né gấp",negative
2917402476,"Vải mỏng tang giặt 1 phát chắc nhàu nhĩ. Treo đầu dê bán thịt chó. Tránh xa ra",negative
2917402476,"Đánh giá cao chất liệu và form dáng của mẫu vest này. Đường may tỉ mỉ, mút vai cấu trúc tốt. Một lựa chọn tuyệt vời trong tầm giá.",positive
2917402476,"Áo như form hàng chợ, đường may cẩu thả vạch ra là thấy chỉ lỗi, đăng ảnh cho đẹp vô giao cái áo nát.",negative
2917402476,"Form áo may chuẩn xác, chất liệu vải lên đồ rất sang. Đệm vai cứng cáp, lót trong may cẩn thận không bị nhăn. Đáng để đầu tư cho công việc.",positive
2917402476,"Tạm được, không xuất sắc như quảng cáo, màu ngoài đời tối hơn ảnh.",negative
2917402476,"Giao hàng quăng cái bộp cái thùng nát bét, shop làm việc lại với bên vận chuyển bực ghê",negative
2917402476,"Xui xẻo vừa mua về đứt luôn cái cúc áo, chỉ thừa thì cả đống, bực mình vãi",negative
2917402476,"Chất vải đứng form khá tốt, phần đệm vai mỏng vừa phải không bị cộm. Đường kim mũi chỉ tương đối sắc nét, không có chỉ thừa. Form dáng ôm vừa phải, rất phù hợp với dân văn phòng.",positive
2917402476,"Nhìn giả trân, thôi mua hàng nội địa trung còn ngon xơi hơn.",negative
2917402476,"Áo rách 1 đường may dọc sườn, kiểm tra hàng không kỹ gì hết bực dễ sợ",negative
2917402476,"Giao hàng hơi lâu chờ mòn mỏi, bọc hàng sơ sài quá shop, được cái áo bên trong không bị gì, mặc lên tôn dáng nên rate 5 sao.",positive
2917402476,"Quảng cáo là 2 lớp dày dặn nhưng 1 lớp mỏng 1 lớp lưới, ko giống kì vọng chút nào.",negative
2665540894,"Thua xa cái áo hôm trước mua bên QC, vải này giặt 2 nước xù lông chắc luôn",negative
2665540894,"Nhìn giả trân, thôi mua hàng nội địa trung còn ngon xơi hơn.",negative
2665540894,"Hàng mã đẹp, giao nhanh kịp giờ làm lễ, móp xíu nhma đốt cũng được.",positive
2665540894,"Shop này tui mua chắc chục cái từ sơ mi tới vest, chất liệu bao tốt, tư vấn dễ thương",positive
2665540894,"Ổn áp trong tầm giá, chất lượng tốt hơn mong đợi với số tiền bỏ ra",positive
2665540894,"Hàng mã đẹp, giao nhanh kịp giờ làm lễ, móp xíu nhma đốt cũng được.",positive
2665540894,"Khách ruột của shop rồi, ra mẫu vest mới là múc, chưa bao giờ thất vọng",positive
2665540894,"Out trình luôn nha, form áo 10 điểm ko nhưng",positive
2665540894,"Hình ảnh mang tính chất nhận xu, áo đẹp lắm nha mng 😍😍😍👍👍👍",positive
2665540894,"Nhận xu, áo tuyệt vời, sẽ ủng hộ tiếp 💰💰",positive
2665540894,"Ổn áp trong tầm giá, chất lượng tốt hơn mong đợi với số tiền bỏ ra",positive
2665540894,"Quảng cáo là 2 lớp dày dặn nhưng 1 lớp mỏng 1 lớp lưới, ko giống kì vọng chút nào.",negative
2665540894,"Hàng mã đẹp, giao nhanh kịp giờ làm lễ, móp xíu nhma đốt cũng được.",positive
2665540894,"Ổn áp trong tầm giá, chất lượng tốt hơn mong đợi với số tiền bỏ ra",positive
2665540894,"Chất vải đứng form khá tốt, phần đệm vai mỏng vừa phải không bị cộm. Đường kim mũi chỉ tương đối sắc nét, không có chỉ thừa. Form dáng ôm vừa phải, rất phù hợp với dân văn phòng.",positive
2665540894,"Chất vải đứng form khá tốt, phần đệm vai mỏng vừa phải không bị cộm. Đường kim mũi chỉ tương đối sắc nét, không có chỉ thừa. Form dáng ôm vừa phải, rất phù hợp với dân văn phòng.",positive
2665540894,"Hàng mã mà giao rách nát hết sao mà cúng, bực mình dễ sợ.",negative
2665540894,"Hàng mã đẹp, giao nhanh kịp giờ làm lễ, móp xíu nhma đốt cũng được.",positive
2665540894,"Hàng mã đẹp, giao nhanh kịp giờ làm lễ, móp xíu nhma đốt cũng được.",positive
2665540894,"Hàng mã đẹp, giao nhanh kịp giờ làm lễ, móp xíu nhma đốt cũng được.",positive
2665540894,"Hộp gói hàng móp méo tè le hột me nhìn chán chả buồn nói, nhưng mở ra áo đẹp form nét nên vẫn cho shop 5 sao nhen.",positive
2665540894,"Shipper giao lộn giờ lộn xộn bực mình nhưng áo lên form fit đẹp lắmm.",positive
2665540894,"Out trình luôn nha, form áo 10 điểm ko nhưng",positive
2665540894,"Shipper giao lộn giờ lộn xộn bực mình nhưng áo lên form fit đẹp lắmm.",positive
2665540894,"Shop này tui mua chắc chục cái từ sơ mi tới vest, chất liệu bao tốt, tư vấn dễ thương",positive
2665540894,"Shop làm ăn bố láo, nhắn tin xin đổi size mà seen không thèm rep, thái độ lồi lõm với khách.",negative
2665540894,"Hàng mã đẹp, giao nhanh kịp giờ làm lễ, móp xíu nhma đốt cũng được.",positive
2665540894,"Hình ảnh mang tính chất nhận xu, áo đẹp lắm nha mng 😍😍😍👍👍👍",positive
2665540894,"Tức shiper ăn nói trống không nên cho shop 1 sao trừ điểm đóng gói móp",negative
2665540894,"Trúc xinh trúc mọc đầu đình, em xinh em đứng một mình cũng xinh. Áo đẹp lắm nha shop 10 sao",positive
2665540894,"Out trình luôn nha, form áo 10 điểm ko nhưng",positive
2665540894,"Đáng đồng tiền bát gạo, shop làm ăn uy tín đấy, form dáng ok",positive
2665540894,"Hàng mã đẹp, giao nhanh kịp giờ làm lễ, móp xíu nhma đốt cũng được.",positive
2665540894,"Một cây làm chẳng nên non, nhận hàng thấy form áo mlem quớ.",positive
2665540894,"Hàng mã đẹp, giao nhanh kịp giờ làm lễ, móp xíu nhma đốt cũng được.",positive
2475337762,"Áo như form hàng chợ, đường may cẩu thả vạch ra là thấy chỉ lỗi, đăng ảnh cho đẹp vô giao cái áo nát.",negative
2475337762,"Giao nhầm size rồi nhé shop, nhắn tin hỏi thì nhân viên bảo tại kho hết hàng tự ý đổi size, dẹp đi.",negative
2475337762,"Shop làm ăn vcl nhắn ko rep áo thì chật cứng bực mình bồi thường đi",negative
2475337762,"Cc lừa đảo giao sai mẫu còn cãi ngang, tẩy chay",negative
2475337762,"Xỉu up xỉu down luôn á áo đỉnh vãi chưởng",positive
2475337762,"Quảng cáo là 2 lớp dày dặn nhưng 1 lớp mỏng 1 lớp lưới, ko giống kì vọng chút nào.",negative
2475337762,"Giao hàng hơi lâu chờ mòn mỏi, bọc hàng sơ sài quá shop, được cái áo bên trong không bị gì, mặc lên tôn dáng nên rate 5 sao.",positive
2475337762,"Gia công tốt so với giá tiền, mặc đi làm hàng ngày ngon ẻ.",positive
2475337762,"Áo như form hàng chợ, đường may cẩu thả vạch ra là thấy chỉ lỗi, đăng ảnh cho đẹp vô giao cái áo nát.",negative
2475337762,"Dm giao mẹ cái giẻ rách à áo rách toạc mà cũng ship tốn tiền",negative
2475337762,"Áo như form hàng chợ, đường may cẩu thả vạch ra là thấy chỉ lỗi, đăng ảnh cho đẹp vô giao cái áo nát.",negative
2475337762,"Vải mỏng tang giặt 1 phát chắc nhàu nhĩ. Treo đầu dê bán thịt chó. Tránh xa ra",negative
2475337762,"Gia công tệ hại, cắt may cẩu thả, thà mua ngoài chợ còn hơn. Tức á.",negative
2475337762,"Cc lừa đảo giao sai mẫu còn cãi ngang, tẩy chay",negative
2475337762,"Giao hàng quăng cái bộp cái thùng nát bét, shop làm việc lại với bên vận chuyển bực ghê",negative
2475337762,"Áo dính nguyên vệt dơ đằng sau lưng, nhắn tin shop seen không rep.",negative
2475337762,"Xui xẻo vừa mua về đứt luôn cái cúc áo, chỉ thừa thì cả đống, bực mình vãi",negative
2475337762,"Giao hàng gì mà gọi điện giục như đòi nợ, hộp áo méo không nhận ra nguyên hình.",negative
2475337762,"Shipper thái độ lồi lõm, hộp thì móp méo nát bét",negative
2475337762,"Tức shiper ăn nói trống không nên cho shop 1 sao trừ điểm đóng gói móp",negative
2475337762,"Làm ăn như cc, giao nhầm size mặc vào như bơi trong áo, né gấp",negative
2960168195,"Khách ruột của shop rồi, ra mẫu vest mới là múc, chưa bao giờ thất vọng",positive
2960168195,"Xui xẻo vừa mua về đứt luôn cái cúc áo, chỉ thừa thì cả đống, bực mình vãi",negative
2960168195,"fast",positive
2960168195,"Shop làm ăn vcl nhắn ko rep áo thì chật cứng bực mình bồi thường đi",negative
2960168195,"Trúc xinh trúc mọc đầu đình, em xinh em đứng một mình cũng xinh. Áo đẹp lắm nha shop 10 sao",positive
2960168195,"Top top rì viu cái shop này nhìu lém nay mới thử mua, êm ru lun mọi người",positive
2960168195,"Thấy đánh giá ít cũng lo xí mà nhận áo thì quay xe 180 độ, quá xuất sắc",positive
2960168195,"Lời nói gió bay, vest này mặc là bay thẳng vào tim em. Giao hàng nhanh áo đẹp",positive
2960168195,"Nhận xu, áo tuyệt vời, sẽ ủng hộ tiếp 💰💰",positive
2960168195,"Cc lừa đảo giao sai mẫu còn cãi ngang, tẩy chay",negative
2960168195,"Video hình ảnh dùng để nhận 100 xu haha, áo đẹp giao nhanh 10đ nha shop",positive
2960168195,"Đánh giá cao chất liệu và form dáng của mẫu vest này. Đường may tỉ mỉ, mút vai cấu trúc tốt. Một lựa chọn tuyệt vời trong tầm giá.",positive
2960168195,"Lần thứ n mua hàng của shop, giữ nguyên phong độ nha 10đ cho chất lượng",positive
2960168195,"Shipper thái độ lồi lõm, hộp thì móp méo nát bét",negative
2960168195,"Ổn áp trong tầm giá, chất lượng tốt hơn mong đợi với số tiền bỏ ra",positive
2960168195,"Dm giao mẹ cái giẻ rách à áo rách toạc mà cũng ship tốn tiền",negative
2960168195,"Keo lỳ tái bạt form áo siêu mê, diện đi quẩy cháy phố",positive
2960168195,"Giao nhầm size rồi nhé shop, nhắn tin hỏi thì nhân viên bảo tại kho hết hàng tự ý đổi size, dẹp đi.",negative
2960168195,"Shop này tui mua chắc chục cái từ sơ mi tới vest, chất liệu bao tốt, tư vấn dễ thương",positive
2960168195,"Shop này tui mua chắc chục cái từ sơ mi tới vest, chất liệu bao tốt, tư vấn dễ thương",positive
2960168195,"Shipper giao lộn giờ lộn xộn bực mình nhưng áo lên form fit đẹp lắmm.",positive
2960168195,"Lên non mới biết non cao, đồ shop mặc vào mới biết đẹp sao. Giá hợp lý",positive
2960168195,"Vải rủ quá không đứng form như hình, mong đợi nhiều xong thất vọng.",negative
2960168195,"ok",positive
2960168195,"Xuuuuuu áo đep dep xài ngon kkkkkkk",positive
2960168195,"Shop làm ăn vcl nhắn ko rep áo thì chật cứng bực mình bồi thường đi",negative
2960168195,"Shop này tui mua chắc chục cái từ sơ mi tới vest, chất liệu bao tốt, tư vấn dễ thương",positive
1970727034,"xyn xò wá nha shop oii, a'o chấc lượq lúmmm",positive
1970727034,"Form như dở hơi so với hàng xách tay trước t mua rẻ hơn mà xịn hơn",negative
1970727034,"Làm ăn như cc, giao nhầm size mặc vào như bơi trong áo, né gấp",negative
1970727034,"Áo dính nguyên vệt dơ đằng sau lưng, nhắn tin shop seen không rep.",negative
1970727034,"Gia công tốt so với giá tiền, mặc đi làm hàng ngày ngon ẻ.",positive
1970727034,"Phục vụ quá tệ, áo xước 1 đường bảo đổi trả không cho. Bai bai shop.",negative
1970727034,"Shipper thái độ lồi lõm, hộp thì móp méo nát bét",negative
1970727034,"ưng",positive
1970727034,"Tạm được, không xuất sắc như quảng cáo, màu ngoài đời tối hơn ảnh.",negative
1970727034,"Đu trend tiktok mua thử mà bất ngờ nha áo 2 lớp dày dặn xịn sò",positive
1970727034,"Tức shiper ăn nói trống không nên cho shop 1 sao trừ điểm đóng gói móp",negative
1970727034,"Nhắm mắt mua không cần nghĩ ngợi vì đã mua shop quá nhiều lần luôn tin tưởng.",positive
1970727034,"Thấy review tóp tóp rầm rộ nên mua thử, ai dè dính thiệt đồ he, form ok phết",positive
1970727034,"Áo dính nguyên vệt dơ đằng sau lưng, nhắn tin shop seen không rep.",negative
1970727034,"Lần thứ n mua hàng của shop, giữ nguyên phong độ nha 10đ cho chất lượng",positive
1970727034,"Giao hàng hơi lâu chờ mòn mỏi, bọc hàng sơ sài quá shop, được cái áo bên trong không bị gì, mặc lên tôn dáng nên rate 5 sao.",positive
1970727034,"Mua cho chồng mặc đi đám cưới ai cũng khen đẹp, form lên vừa vặn lắm.",positive
1970727034,"Tức shiper ăn nói trống không nên cho shop 1 sao trừ điểm đóng gói móp",negative
1970727034,"Shop làm ăn vcl nhắn ko rep áo thì chật cứng bực mình bồi thường đi",negative
1970727034,"Xui xẻo vừa mua về đứt luôn cái cúc áo, chỉ thừa thì cả đống, bực mình vãi",negative
1970727034,"Tiền nào của nấy, áo tầm giá này mà chất lượng vầy là quá ổn áp rồi",positive
1970727034,"Gia công tốt so với giá tiền, mặc đi làm hàng ngày ngon ẻ.",positive
1970727034,"Chỉ thừa 1 nùi, form khác gì cái giẻ lau không, vải thì mỏng tang nhìn xuyên thấu.",negative
1970727034,"Lúc đặt cũng rén sợ form boxy to quá, nhận hàng ưng cái bụng liền",positive
1970727034,"Mua cho chồng mặc đi đám cưới ai cũng khen đẹp, form lên vừa vặn lắm.",positive
1970727034,"Trúc xinh trúc mọc đầu đình, em xinh em đứng một mình cũng xinh. Áo đẹp lắm nha shop 10 sao",positive
1970727034,"ưng",positive
1970727034,"Xỉu up xỉu down luôn á áo đỉnh vãi chưởng",positive
1970727034,"Hình ảnh mang tính chất nhận xu, áo đẹp lắm nha mng 😍😍😍👍👍👍",positive
1970727034,"Shop làm ăn bố láo, nhắn tin xin đổi size mà seen không thèm rep, thái độ lồi lõm với khách.",negative
1970727034,"Quảng cáo là 2 lớp dày dặn nhưng 1 lớp mỏng 1 lớp lưới, ko giống kì vọng chút nào.",negative
1970727034,"Video hình ảnh dùng để nhận 100 xu haha, áo đẹp giao nhanh 10đ nha shop",positive
1970727034,"Form áo may chuẩn xác, chất liệu vải lên đồ rất sang. Đệm vai cứng cáp, lót trong may cẩn thận không bị nhăn. Đáng để đầu tư cho công việc.",positive
1970727034,"Shipper thái độ lồi lõm, hộp thì móp méo nát bét",negative
1970727034,"Form áo may chuẩn xác, chất liệu vải lên đồ rất sang. Đệm vai cứng cáp, lót trong may cẩn thận không bị nhăn. Đáng để đầu tư cho công việc.",positive
1970727034,"Phục vụ quá tệ, áo xước 1 đường bảo đổi trả không cho. Bai bai shop.",negative
1970727034,"Mua cho chồng mặc đi đám cưới ai cũng khen đẹp, form lên vừa vặn lắm.",positive
1970727034,"Vải mỏng tang giặt 1 phát chắc nhàu nhĩ. Treo đầu dê bán thịt chó. Tránh xa ra",negative
2340223184,"Video hình ảnh dùng để nhận 100 xu haha, áo đẹp giao nhanh 10đ nha shop",positive
2340223184,"Form áo may chuẩn xác, chất liệu vải lên đồ rất sang. Đệm vai cứng cáp, lót trong may cẩn thận không bị nhăn. Đáng để đầu tư cho công việc.",positive
2340223184,"Đánh giá cao chất liệu và form dáng của mẫu vest này. Đường may tỉ mỉ, mút vai cấu trúc tốt. Một lựa chọn tuyệt vời trong tầm giá.",positive
2340223184,"gjao hq nahnh vãi chug a'o dẹp chớt mik",positive
2340223184,"Trúc xinh trúc mọc đầu đình, em xinh em đứng một mình cũng xinh. Áo đẹp lắm nha shop 10 sao",positive
2340223184,"Thấy review tóp tóp rầm rộ nên mua thử, ai dè dính thiệt đồ he, form ok phết",positive
2340223184,"tuyet",positive
2340223184,"Mua cho con trai mặc đi phỏng vấn xin việc, cháu nó bảo đẹp, cô cho 5 sao",positive
2340223184,"Ổn áp trong tầm giá, chất lượng tốt hơn mong đợi với số tiền bỏ ra",positive
2340223184,"Thấy đánh giá ít cũng lo xí mà nhận áo thì quay xe 180 độ, quá xuất sắc",positive
2340223184,"Bác lớn tuổi không biết mua trên này mà nhờ shop chỉ tận tình, áo cháu mặc vừa lắm",positive
2340223184,"xyn xò wá nha shop oii, a'o chấc lượq lúmmm",positive
2340223184,"Đặt thử mặc đi prom mà lên dáng đẹp ngoài mong đợi, giá lại rẻ sập sàn nha.",positive
2340223184,"Làm ăn như cc, giao nhầm size mặc vào như bơi trong áo, né gấp",negative
2340223184,"Lúc đặt cũng rén sợ form boxy to quá, nhận hàng ưng cái bụng liền",positive
2340223184,"Bác lớn tuổi không biết mua trên này mà nhờ shop chỉ tận tình, áo cháu mặc vừa lắm",positive
2340223184,"Giao hàng gì mà gọi điện giục như đòi nợ, hộp áo méo không nhận ra nguyên hình.",negative
2340223184,"Khách ruột của shop rồi, ra mẫu vest mới là múc, chưa bao giờ thất vọng",positive
2340223184,"Sợ áo mỏng nhận về nặng trịch dầy dặn bất ngờ hehe.",positive
2340223184,"Shipper giao lộn giờ lộn xộn bực mình nhưng áo lên form fit đẹp lắmm.",positive
2340223184,"Hộp gói hàng móp méo tè le hột me nhìn chán chả buồn nói, nhưng mở ra áo đẹp form nét nên vẫn cho shop 5 sao nhen.",positive
2340223184,"Giao hàng hơi lâu chờ mòn mỏi, bọc hàng sơ sài quá shop, được cái áo bên trong không bị gì, mặc lên tôn dáng nên rate 5 sao.",positive
2340223184,"a'o dẹp lúm mng, wa' tr ok lunn mn uiii",positive
2340223184,"Giao hàng từ thế kỉ trước tới giờ mới nhận được, shop không hỗ trợ gì cả. Tệ.",negative
2227605234,"Form như dở hơi so với hàng xách tay trước t mua rẻ hơn mà xịn hơn",negative
2227605234,"Lời nói gió bay, vest này mặc là bay thẳng vào tim em. Giao hàng nhanh áo đẹp",positive
2227605234,"Bác lớn tuổi không biết mua trên này mà nhờ shop chỉ tận tình, áo cháu mặc vừa lắm",positive
2227605234,"gjao hq nahnh vãi chug a'o dẹp chớt mik",positive
2227605234,"Hàng VNXK gì mà còn thua đồ taobao vài trăm ngàn, giá chát mà chất kì kì",negative
2227605234,"Shop làm ăn vcl nhắn ko rep áo thì chật cứng bực mình bồi thường đi",negative
2227605234,"Màu áo ở ngoài sậm hơn chứ ko sáng như hình trên mạng, nói chung bình thường nhưng ko ưng ý",negative
2227605234,"Giao nhầm size rồi nhé shop, nhắn tin hỏi thì nhân viên bảo tại kho hết hàng tự ý đổi size, dẹp đi.",negative
2227605234,"Trúc xinh trúc mọc đầu đình, em xinh em đứng một mình cũng xinh. Áo đẹp lắm nha shop 10 sao",positive
2227605234,"Form áo may chuẩn xác, chất liệu vải lên đồ rất sang. Đệm vai cứng cáp, lót trong may cẩn thận không bị nhăn. Đáng để đầu tư cho công việc.",positive
2227605234,"Nhắm mắt mua không cần nghĩ ngợi vì đã mua shop quá nhiều lần luôn tin tưởng.",positive
2227605234,"Giao hàng quăng cái bộp cái thùng nát bét, shop làm việc lại với bên vận chuyển bực ghê",negative
2227605234,"fast",positive
2227605234,"Video hình ảnh dùng để nhận 100 xu haha, áo đẹp giao nhanh 10đ nha shop",positive
2227605234,"Phần đệm vai bị nhàu nát tươm, áo rách lót nản chẳng muốn nói.",negative
2227605234,"ok",positive
2227605234,"Thấy review tóp tóp rầm rộ nên mua thử, ai dè dính thiệt đồ he, form ok phết",positive
2227605234,"Đóng gói kỹ xíu đi shop ơi bọc nilon mỏng dính, bù lại chất vải đẹp, đường may ok ko bị lỗi.",positive
2227605234,"Idol mình dạo này hay mặc kiểu này, mua theo và kết quả là xịn đét 100đ",positive
2227605234,"Idol mình dạo này hay mặc kiểu này, mua theo và kết quả là xịn đét 100đ",positive
2227605234,"Xuuuuuu áo đep dep xài ngon kkkkkkk",positive
2227605234,"Idol mình dạo này hay mặc kiểu này, mua theo và kết quả là xịn đét 100đ",positive
2227605234,"Xuuuuuu áo đep dep xài ngon kkkkkkk",positive
2227605234,"Lên non mới biết non cao, đồ shop mặc vào mới biết đẹp sao. Giá hợp lý",positive
2227605234,"Đu trend tiktok mua thử mà bất ngờ nha áo 2 lớp dày dặn xịn sò",positive
2227605234,"Top top rì viu cái shop này nhìu lém nay mới thử mua, êm ru lun mọi người",positive
2227605234,"Đường may sắc sảo, chất liệu vải không bị nhăn nhàu khi ngồi nhiều. Tay áo may rất khéo.",positive
2227605234,"Giao hàng quăng cái bộp cái thùng nát bét, shop làm việc lại với bên vận chuyển bực ghê",negative
2227605234,"Mua cho con trai mặc đi phỏng vấn xin việc, cháu nó bảo đẹp, cô cho 5 sao",positive
2227605234,"ổn",positive
2227605234,"Lúc đặt cũng rén sợ form boxy to quá, nhận hàng ưng cái bụng liền",positive
2227605234,"xyn xò wá nha shop oii, a'o chấc lượq lúmmm",positive
2227605234,"gjao hq nahnh vãi chug a'o dẹp chớt mik",positive
2227605234,"Đánh giá cao chất liệu và form dáng của mẫu vest này. Đường may tỉ mỉ, mút vai cấu trúc tốt. Một lựa chọn tuyệt vời trong tầm giá.",positive
2227605234,"Video hình ảnh dùng để nhận 100 xu haha, áo đẹp giao nhanh 10đ nha shop",positive
2227605234,"Áo đẹp bá cháy bọ chét, 100 điểm cho sự keo lỳ này",positive
2227605234,"Xui xẻo vừa mua về đứt luôn cái cúc áo, chỉ thừa thì cả đống, bực mình vãi",negative
2227605234,"Gia công tốt so với giá tiền, mặc đi làm hàng ngày ngon ẻ.",positive
2227605234,"Giao hàng hơi lâu chờ mòn mỏi, bọc hàng sơ sài quá shop, được cái áo bên trong không bị gì, mặc lên tôn dáng nên rate 5 sao.",positive
899216613,"Shop làm ăn vcl nhắn ko rep áo thì chật cứng bực mình bồi thường đi",negative
899216613,"a'o dẹp lúm mng, wa' tr ok lunn mn uiii",positive
899216613,"Form như dở hơi so với hàng xách tay trước t mua rẻ hơn mà xịn hơn",negative
899216613,"Dm giao mẹ cái giẻ rách à áo rách toạc mà cũng ship tốn tiền",negative
899216613,"Tạm được, không xuất sắc như quảng cáo, màu ngoài đời tối hơn ảnh.",negative
899216613,"a'o dẹp lúm mng, wa' tr ok lunn mn uiii",positive
899216613,"Form như dở hơi so với hàng xách tay trước t mua rẻ hơn mà xịn hơn",negative
899216613,"Áo rách 1 đường may dọc sườn, kiểm tra hàng không kỹ gì hết bực dễ sợ",negative
899216613,"Lên non mới biết non cao, đồ shop mặc vào mới biết đẹp sao. Giá hợp lý",positive
899216613,"Thấy đánh giá ít cũng lo xí mà nhận áo thì quay xe 180 độ, quá xuất sắc",positive
899216613,"Vải mỏng tang giặt 1 phát chắc nhàu nhĩ. Treo đầu dê bán thịt chó. Tránh xa ra",negative
899216613,"Chỉ thừa 1 nùi, form khác gì cái giẻ lau không, vải thì mỏng tang nhìn xuyên thấu.",negative
899216613,"Vải rủ quá không đứng form như hình, mong đợi nhiều xong thất vọng.",negative
899216613,"Giao hàng từ thế kỉ trước tới giờ mới nhận được, shop không hỗ trợ gì cả. Tệ.",negative
899216613,"Dm giao mẹ cái giẻ rách à áo rách toạc mà cũng ship tốn tiền",negative
899216613,"Cc lừa đảo giao sai mẫu còn cãi ngang, tẩy chay",negative
899216613,"Phục vụ quá tệ, áo xước 1 đường bảo đổi trả không cho. Bai bai shop.",negative
899216613,"Làm ăn như cc, giao nhầm size mặc vào như bơi trong áo, né gấp",negative
899216613,"Áo keo lỳ nha mấy bà, 10 điểm không có nhưng, slay vãi",positive
899216613,"Giao hàng gì mà gọi điện giục như đòi nợ, hộp áo méo không nhận ra nguyên hình.",negative
899216613,"Mua mặc đi tiệc tất niên công ty, dán thêm cái nơ là bảnh tỏn luôn, form đẹp.",positive
899216613,"Giao hàng từ thế kỉ trước tới giờ mới nhận được, shop không hỗ trợ gì cả. Tệ.",negative
899216613,"Bác lớn tuổi không biết mua trên này mà nhờ shop chỉ tận tình, áo cháu mặc vừa lắm",positive
899216613,"Giao hàng gì mà gọi điện giục như đòi nợ, hộp áo méo không nhận ra nguyên hình.",negative
899216613,"Giao hàng từ thế kỉ trước tới giờ mới nhận được, shop không hỗ trợ gì cả. Tệ.",negative
899216613,"Đặt thử mặc đi prom mà lên dáng đẹp ngoài mong đợi, giá lại rẻ sập sàn nha.",positive
899216613,"Lời nói gió bay, vest này mặc là bay thẳng vào tim em. Giao hàng nhanh áo đẹp",positive
899216613,"Cc lừa đảo giao sai mẫu còn cãi ngang, tẩy chay",negative
899216613,"Thấy đánh giá ít cũng lo xí mà nhận áo thì quay xe 180 độ, quá xuất sắc",positive
899216613,"Dm giao mẹ cái giẻ rách à áo rách toạc mà cũng ship tốn tiền",negative
899216613,"Làm ăn như cc, giao nhầm size mặc vào như bơi trong áo, né gấp",negative
899216613,"Mua cho bác trai mặc dự hội thảo rất sang trọng lịch sự, cám ơn shop.",positive
899216613,"Áo dính nguyên vệt dơ đằng sau lưng, nhắn tin shop seen không rep.",negative
899216613,"Giao hàng quăng cái bộp cái thùng nát bét, shop làm việc lại với bên vận chuyển bực ghê",negative
899216613,"Quảng cáo là 2 lớp dày dặn nhưng 1 lớp mỏng 1 lớp lưới, ko giống kì vọng chút nào.",negative
899216613,"Shop làm ăn vcl nhắn ko rep áo thì chật cứng bực mình bồi thường đi",negative
2943246930,"Mua cho bác trai mặc dự hội thảo rất sang trọng lịch sự, cám ơn shop.",positive
2943246930,"Gia công tốt so với giá tiền, mặc đi làm hàng ngày ngon ẻ.",positive
2943246930,"Mua cho bác trai mặc dự hội thảo rất sang trọng lịch sự, cám ơn shop.",positive
2943246930,"Cô mua cho thằng cu nhà mặc đi prom, vải đứng dáng, shop tư vấn nhiệt tình lắm",positive
2943246930,"Màu áo ở ngoài sậm hơn chứ ko sáng như hình trên mạng, nói chung bình thường nhưng ko ưng ý",negative
2943246930,"Áo dính nguyên vệt dơ đằng sau lưng, nhắn tin shop seen không rep.",negative
2943246930,"Bác lớn tuổi không biết mua trên này mà nhờ shop chỉ tận tình, áo cháu mặc vừa lắm",positive
2943246930,"Phần đệm vai bị nhàu nát tươm, áo rách lót nản chẳng muốn nói.",negative
2943246930,"Mua cho con trai mặc đi phỏng vấn xin việc, cháu nó bảo đẹp, cô cho 5 sao",positive
2943246930,"Trúc xinh trúc mọc đầu đình, em xinh em đứng một mình cũng xinh. Áo đẹp lắm nha shop 10 sao",positive
2943246930,"Mua cho bác trai mặc dự hội thảo rất sang trọng lịch sự, cám ơn shop.",positive
2943246930,"Quảng cáo là 2 lớp dày dặn nhưng 1 lớp mỏng 1 lớp lưới, ko giống kì vọng chút nào.",negative
2943246930,"Mua cho con trai mặc đi phỏng vấn xin việc, cháu nó bảo đẹp, cô cho 5 sao",positive
2943246930,"Một cây làm chẳng nên non, nhận hàng thấy form áo mlem quớ.",positive
2943246930,"Sợ áo mỏng nhận về nặng trịch dầy dặn bất ngờ hehe.",positive
2943246930,"Keo lỳ tái bạt form áo siêu mê, diện đi quẩy cháy phố",positive
2943246930,"Nhìn giả trân, thôi mua hàng nội địa trung còn ngon xơi hơn.",negative
2943246930,"Áo đẹp bá cháy bọ chét, 100 điểm cho sự keo lỳ này",positive
2943246930,"Nhìn giả trân, thôi mua hàng nội địa trung còn ngon xơi hơn.",negative
2943246930,"Bác lớn tuổi không biết mua trên này mà nhờ shop chỉ tận tình, áo cháu mặc vừa lắm",positive
2943246930,"Cô mua cho thằng cu nhà mặc đi prom, vải đứng dáng, shop tư vấn nhiệt tình lắm",positive
3062979779,"Shipper thái độ lồi lõm, hộp thì móp méo nát bét",negative
3062979779,"Vải rủ quá không đứng form như hình, mong đợi nhiều xong thất vọng.",negative
3062979779,"Dm giao mẹ cái giẻ rách à áo rách toạc mà cũng ship tốn tiền",negative
3062979779,"Giao hàng quăng cái bộp cái thùng nát bét, shop làm việc lại với bên vận chuyển bực ghê",negative
3062979779,"Làm ăn như cc, giao nhầm size mặc vào như bơi trong áo, né gấp",negative
3062979779,"Nhìn giả trân, thôi mua hàng nội địa trung còn ngon xơi hơn.",negative
3062979779,"Shop làm ăn vcl nhắn ko rep áo thì chật cứng bực mình bồi thường đi",negative
3062979779,"Phần đệm vai bị nhàu nát tươm, áo rách lót nản chẳng muốn nói.",negative
3062979779,"Thấy review tóp tóp rầm rộ nên mua thử, ai dè dính thiệt đồ he, form ok phết",positive
3062979779,"Cc lừa đảo giao sai mẫu còn cãi ngang, tẩy chay",negative
3062979779,"Shop làm ăn vcl nhắn ko rep áo thì chật cứng bực mình bồi thường đi",negative
3062979779,"Tính hủy đơn mà shop bảo yên tâm áo đẹp lắm, hên là không hủy áo bao form",positive
3062979779,"Video hình ảnh dùng để nhận 100 xu haha, áo đẹp giao nhanh 10đ nha shop",positive
3062979779,"Chất vải đứng form khá tốt, phần đệm vai mỏng vừa phải không bị cộm. Đường kim mũi chỉ tương đối sắc nét, không có chỉ thừa. Form dáng ôm vừa phải, rất phù hợp với dân văn phòng.",positive
3062979779,"Đặt thử mặc đi prom mà lên dáng đẹp ngoài mong đợi, giá lại rẻ sập sàn nha.",positive
3062979779,"Đánh giá cao chất liệu và form dáng của mẫu vest này. Đường may tỉ mỉ, mút vai cấu trúc tốt. Một lựa chọn tuyệt vời trong tầm giá.",positive
3062979779,"Phục vụ quá tệ, áo xước 1 đường bảo đổi trả không cho. Bai bai shop.",negative
3062979779,"Shop làm ăn bố láo, nhắn tin xin đổi size mà seen không thèm rep, thái độ lồi lõm với khách.",negative
3062979779,"Shipper thái độ lồi lõm, hộp thì móp méo nát bét",negative
3062979779,"Form như dở hơi so với hàng xách tay trước t mua rẻ hơn mà xịn hơn",negative
3062979779,"a'o xịn nha, fom chuẩn dẹp lắmm",positive
2144590309,"Một cây làm chẳng nên non, nhận hàng thấy form áo mlem quớ.",positive
2144590309,"Bác lớn tuổi không biết mua trên này mà nhờ shop chỉ tận tình, áo cháu mặc vừa lắm",positive
2144590309,"Tức shiper ăn nói trống không nên cho shop 1 sao trừ điểm đóng gói móp",negative
2144590309,"Áo như form hàng chợ, đường may cẩu thả vạch ra là thấy chỉ lỗi, đăng ảnh cho đẹp vô giao cái áo nát.",negative
2144590309,"Tạm được, không xuất sắc như quảng cáo, màu ngoài đời tối hơn ảnh.",negative
2144590309,"Áo rách 1 đường may dọc sườn, kiểm tra hàng không kỹ gì hết bực dễ sợ",negative
2144590309,"Chỉ thừa 1 nùi, form khác gì cái giẻ lau không, vải thì mỏng tang nhìn xuyên thấu.",negative
2144590309,"Shop làm ăn vcl nhắn ko rep áo thì chật cứng bực mình bồi thường đi",negative
2144590309,"Đường may sắc sảo, chất liệu vải không bị nhăn nhàu khi ngồi nhiều. Tay áo may rất khéo.",positive
2144590309,"Shop làm ăn bố láo, nhắn tin xin đổi size mà seen không thèm rep, thái độ lồi lõm với khách.",negative
2144590309,"Shop làm ăn bố láo, nhắn tin xin đổi size mà seen không thèm rep, thái độ lồi lõm với khách.",negative
2144590309,"Vải rủ quá không đứng form như hình, mong đợi nhiều xong thất vọng.",negative
2144590309,"Shop làm ăn bố láo, nhắn tin xin đổi size mà seen không thèm rep, thái độ lồi lõm với khách.",negative
2144590309,"Giao hàng từ thế kỉ trước tới giờ mới nhận được, shop không hỗ trợ gì cả. Tệ.",negative
2144590309,"Màu áo ở ngoài sậm hơn chứ ko sáng như hình trên mạng, nói chung bình thường nhưng ko ưng ý",negative
2144590309,"Shop làm ăn vcl nhắn ko rep áo thì chật cứng bực mình bồi thường đi",negative
2144590309,"Shipper thái độ lồi lõm, hộp thì móp méo nát bét",negative
2144590309,"Chỉ thừa 1 nùi, form khác gì cái giẻ lau không, vải thì mỏng tang nhìn xuyên thấu.",negative
2144590309,"Vải rủ quá không đứng form như hình, mong đợi nhiều xong thất vọng.",negative
2144590309,"Vải mỏng tang giặt 1 phát chắc nhàu nhĩ. Treo đầu dê bán thịt chó. Tránh xa ra",negative
2144590309,"dep",positive
2144590309,"Shipper thái độ lồi lõm, hộp thì móp méo nát bét",negative
2144590309,"Áo như form hàng chợ, đường may cẩu thả vạch ra là thấy chỉ lỗi, đăng ảnh cho đẹp vô giao cái áo nát.",negative
2396205377,"Form áo may chuẩn xác, chất liệu vải lên đồ rất sang. Đệm vai cứng cáp, lót trong may cẩn thận không bị nhăn. Đáng để đầu tư cho công việc.",positive
2396205377,"Tức shiper ăn nói trống không nên cho shop 1 sao trừ điểm đóng gói móp",negative
2396205377,"Giao hàng quăng cái bộp cái thùng nát bét, shop làm việc lại với bên vận chuyển bực ghê",negative
2396205377,"Xuuuuuu áo đep dep xài ngon kkkkkkk",positive
2396205377,"Gia công tệ hại, cắt may cẩu thả, thà mua ngoài chợ còn hơn. Tức á.",negative
2396205377,"Thấy review tóp tóp rầm rộ nên mua thử, ai dè dính thiệt đồ he, form ok phết",positive
2396205377,"Nhận xu, áo tuyệt vời, sẽ ủng hộ tiếp 💰💰",positive
2396205377,"Thấy đánh giá ít cũng lo xí mà nhận áo thì quay xe 180 độ, quá xuất sắc",positive
2396205377,"Áo rách 1 đường may dọc sườn, kiểm tra hàng không kỹ gì hết bực dễ sợ",negative
2396205377,"Lên non mới biết non cao, đồ shop mặc vào mới biết đẹp sao. Giá hợp lý",positive
2396205377,"Vải rủ quá không đứng form như hình, mong đợi nhiều xong thất vọng.",negative
2396205377,"Cô mua cho thằng cu nhà mặc đi prom, vải đứng dáng, shop tư vấn nhiệt tình lắm",positive
2396205377,"Tức shiper ăn nói trống không nên cho shop 1 sao trừ điểm đóng gói móp",negative
2396205377,"Shop làm ăn vcl nhắn ko rep áo thì chật cứng bực mình bồi thường đi",negative
2396205377,"Phục vụ quá tệ, áo xước 1 đường bảo đổi trả không cho. Bai bai shop.",negative
2396205377,"Mua làm quà sinh nhật cho người yêu ổng thích lắm, mặc lên soái ca luôn.",positive
2396205377,"Một cây làm chẳng nên non, nhận hàng thấy form áo mlem quớ.",positive
2396205377,"Phục vụ quá tệ, áo xước 1 đường bảo đổi trả không cho. Bai bai shop.",negative
2396205377,"Mua mặc đi tiệc tất niên công ty, dán thêm cái nơ là bảnh tỏn luôn, form đẹp.",positive
2396205377,"Hàng VNXK gì mà còn thua đồ taobao vài trăm ngàn, giá chát mà chất kì kì",negative
2396205377,"Shipper thái độ lồi lõm, hộp thì móp méo nát bét",negative
2396205377,"Thấy đánh giá ít cũng lo xí mà nhận áo thì quay xe 180 độ, quá xuất sắc",positive
2396205377,"gjao hq nahnh vãi chug a'o dẹp chớt mik",positive
2396205377,"Nhìn giả trân, thôi mua hàng nội địa trung còn ngon xơi hơn.",negative
2396205377,"ok",positive
2396205377,"Trúc xinh trúc mọc đầu đình, em xinh em đứng một mình cũng xinh. Áo đẹp lắm nha shop 10 sao",positive
2396205377,"Lên non mới biết non cao, đồ shop mặc vào mới biết đẹp sao. Giá hợp lý",positive
2396205377,"Mua cho chồng mặc đi đám cưới ai cũng khen đẹp, form lên vừa vặn lắm.",positive
2396205377,"ok",positive
2396205377,"Tiền nào của nấy, áo tầm giá này mà chất lượng vầy là quá ổn áp rồi",positive
2396205377,"Nhắm mắt mua không cần nghĩ ngợi vì đã mua shop quá nhiều lần luôn tin tưởng.",positive
2396205377,"Thấy đánh giá ít cũng lo xí mà nhận áo thì quay xe 180 độ, quá xuất sắc",positive
2396205377,"Lên non mới biết non cao, đồ shop mặc vào mới biết đẹp sao. Giá hợp lý",positive
2396205377,"Giao hàng gì mà gọi điện giục như đòi nợ, hộp áo méo không nhận ra nguyên hình.",negative
2396205377,"Shipper thái độ lồi lõm, hộp thì móp méo nát bét",negative
2396205377,"a'o xịn nha, fom chuẩn dẹp lắmm",positive
2396205377,"Quảng cáo là 2 lớp dày dặn nhưng 1 lớp mỏng 1 lớp lưới, ko giống kì vọng chút nào.",negative
2396205377,"Giao hàng gì mà gọi điện giục như đòi nợ, hộp áo méo không nhận ra nguyên hình.",negative
2396205377,"Lúc đặt cũng rén sợ form boxy to quá, nhận hàng ưng cái bụng liền",positive
2322178340,"Áo dính nguyên vệt dơ đằng sau lưng, nhắn tin shop seen không rep.",negative
2322178340,"ưng",positive
2322178340,"Giao hàng từ thế kỉ trước tới giờ mới nhận được, shop không hỗ trợ gì cả. Tệ.",negative
2322178340,"Đặt thử mặc đi prom mà lên dáng đẹp ngoài mong đợi, giá lại rẻ sập sàn nha.",positive
2322178340,"Mua cho bác trai mặc dự hội thảo rất sang trọng lịch sự, cám ơn shop.",positive
2322178340,"Gia công tệ hại, cắt may cẩu thả, thà mua ngoài chợ còn hơn. Tức á.",negative
2322178340,"Khách ruột của shop rồi, ra mẫu vest mới là múc, chưa bao giờ thất vọng",positive
2322178340,"Tiền nào của nấy, áo tầm giá này mà chất lượng vầy là quá ổn áp rồi",positive
2322178340,"Đánh giá cao chất liệu và form dáng của mẫu vest này. Đường may tỉ mỉ, mút vai cấu trúc tốt. Một lựa chọn tuyệt vời trong tầm giá.",positive
2322178340,"Form áo may chuẩn xác, chất liệu vải lên đồ rất sang. Đệm vai cứng cáp, lót trong may cẩn thận không bị nhăn. Đáng để đầu tư cho công việc.",positive
2322178340,"Hình ảnh mang tính chất nhận xu, áo đẹp lắm nha mng 😍😍😍👍👍👍",positive
2322178340,"Chất vải đứng form khá tốt, phần đệm vai mỏng vừa phải không bị cộm. Đường kim mũi chỉ tương đối sắc nét, không có chỉ thừa. Form dáng ôm vừa phải, rất phù hợp với dân văn phòng.",positive
2322178340,"Nhận xu, áo tuyệt vời, sẽ ủng hộ tiếp 💰💰",positive
2322178340,"Cô mua cho thằng cu nhà mặc đi prom, vải đứng dáng, shop tư vấn nhiệt tình lắm",positive
2322178340,"Cô mua cho thằng cu nhà mặc đi prom, vải đứng dáng, shop tư vấn nhiệt tình lắm",positive
2322178340,"a'o dẹp lúm mng, wa' tr ok lunn mn uiii",positive
2322178340,"Shop làm ăn bố láo, nhắn tin xin đổi size mà seen không thèm rep, thái độ lồi lõm với khách.",negative
2322178340,"Mua cho con trai mặc đi phỏng vấn xin việc, cháu nó bảo đẹp, cô cho 5 sao",positive
2322178340,"Lời nói gió bay, vest này mặc là bay thẳng vào tim em. Giao hàng nhanh áo đẹp",positive
2322178340,"a'o xịn nha, fom chuẩn dẹp lắmm",positive
2322178340,"a'o xịn nha, fom chuẩn dẹp lắmm",positive
2322178340,"Mua cho bác trai mặc dự hội thảo rất sang trọng lịch sự, cám ơn shop.",positive
2210245283,"Mua mặc đi tiệc tất niên công ty, dán thêm cái nơ là bảnh tỏn luôn, form đẹp.",positive
2210245283,"Form như dở hơi so với hàng xách tay trước t mua rẻ hơn mà xịn hơn",negative
2210245283,"Mua mặc đi tiệc tất niên công ty, dán thêm cái nơ là bảnh tỏn luôn, form đẹp.",positive
2210245283,"Áo keo lỳ nha mấy bà, 10 điểm không có nhưng, slay vãi",positive
2210245283,"Mua cho con trai mặc đi phỏng vấn xin việc, cháu nó bảo đẹp, cô cho 5 sao",positive
2210245283,"Vải rủ quá không đứng form như hình, mong đợi nhiều xong thất vọng.",negative
2210245283,"Lúc đặt cũng rén sợ form boxy to quá, nhận hàng ưng cái bụng liền",positive
2210245283,"Nhắm mắt mua không cần nghĩ ngợi vì đã mua shop quá nhiều lần luôn tin tưởng.",positive
2210245283,"Bác lớn tuổi không biết mua trên này mà nhờ shop chỉ tận tình, áo cháu mặc vừa lắm",positive
2210245283,"Hộp gói hàng móp méo tè le hột me nhìn chán chả buồn nói, nhưng mở ra áo đẹp form nét nên vẫn cho shop 5 sao nhen.",positive
2210245283,"Lên non mới biết non cao, đồ shop mặc vào mới biết đẹp sao. Giá hợp lý",positive
2210245283,"Đu trend tiktok mua thử mà bất ngờ nha áo 2 lớp dày dặn xịn sò",positive
2210245283,"Gia công tệ hại, cắt may cẩu thả, thà mua ngoài chợ còn hơn. Tức á.",negative
2210245283,"Vải mỏng tang giặt 1 phát chắc nhàu nhĩ. Treo đầu dê bán thịt chó. Tránh xa ra",negative
2210245283,"Cô mua cho thằng cu nhà mặc đi prom, vải đứng dáng, shop tư vấn nhiệt tình lắm",positive
2210245283,"Nhận xu, áo tuyệt vời, sẽ ủng hộ tiếp 💰💰",positive
2210245283,"Shipper giao lộn giờ lộn xộn bực mình nhưng áo lên form fit đẹp lắmm.",positive
2210245283,"a'o dẹp lúm mng, wa' tr ok lunn mn uiii",positive
2210245283,"Chỉ thừa 1 nùi, form khác gì cái giẻ lau không, vải thì mỏng tang nhìn xuyên thấu.",negative
2210245283,"Mua cho bác trai mặc dự hội thảo rất sang trọng lịch sự, cám ơn shop.",positive
2210245283,"Áo dính nguyên vệt dơ đằng sau lưng, nhắn tin shop seen không rep.",negative
2210245283,"sp ok",positive
2210245283,"Giao hàng từ thế kỉ trước tới giờ mới nhận được, shop không hỗ trợ gì cả. Tệ.",negative
2210245283,"gjao hq nahnh vãi chug a'o dẹp chớt mik",positive
2210245283,"Hình ảnh mang tính chất nhận xu, áo đẹp lắm nha mng 😍😍😍👍👍👍",positive
2210245283,"Hộp gói hàng móp méo tè le hột me nhìn chán chả buồn nói, nhưng mở ra áo đẹp form nét nên vẫn cho shop 5 sao nhen.",positive
2210245283,"Lần thứ n mua hàng của shop, giữ nguyên phong độ nha 10đ cho chất lượng",positive
2210245283,"Cc lừa đảo giao sai mẫu còn cãi ngang, tẩy chay",negative
2210245283,"Bác lớn tuổi không biết mua trên này mà nhờ shop chỉ tận tình, áo cháu mặc vừa lắm",positive
2210245283,"a'o xịn nha, fom chuẩn dẹp lắmm",positive
2120088418,"Nhắm mắt mua không cần nghĩ ngợi vì đã mua shop quá nhiều lần luôn tin tưởng.",positive
2120088418,"Tạm được, không xuất sắc như quảng cáo, màu ngoài đời tối hơn ảnh.",negative
2120088418,"Xỉu up xỉu down luôn á áo đỉnh vãi chưởng",positive
2120088418,"Áo đẹp bá cháy bọ chét, 100 điểm cho sự keo lỳ này",positive
2120088418,"Gia công tệ hại, cắt may cẩu thả, thà mua ngoài chợ còn hơn. Tức á.",negative
2120088418,"Chất vải đứng form khá tốt, phần đệm vai mỏng vừa phải không bị cộm. Đường kim mũi chỉ tương đối sắc nét, không có chỉ thừa. Form dáng ôm vừa phải, rất phù hợp với dân văn phòng.",positive
2120088418,"Shop làm ăn bố láo, nhắn tin xin đổi size mà seen không thèm rep, thái độ lồi lõm với khách.",negative
2120088418,"Đu trend tiktok mua thử mà bất ngờ nha áo 2 lớp dày dặn xịn sò",positive
2120088418,"Phục vụ quá tệ, áo xước 1 đường bảo đổi trả không cho. Bai bai shop.",negative
2120088418,"Ổn áp trong tầm giá, chất lượng tốt hơn mong đợi với số tiền bỏ ra",positive
2120088418,"Form như dở hơi so với hàng xách tay trước t mua rẻ hơn mà xịn hơn",negative
2120088418,"Video hình ảnh dùng để nhận 100 xu haha, áo đẹp giao nhanh 10đ nha shop",positive
2120088418,"Cô mua cho thằng cu nhà mặc đi prom, vải đứng dáng, shop tư vấn nhiệt tình lắm",positive
2120088418,"Áo dính nguyên vệt dơ đằng sau lưng, nhắn tin shop seen không rep.",negative
2120088418,"Shipper thái độ lồi lõm, hộp thì móp méo nát bét",negative
2120088418,"Thấy review tóp tóp rầm rộ nên mua thử, ai dè dính thiệt đồ he, form ok phết",positive
2120088418,"Thấy review tóp tóp rầm rộ nên mua thử, ai dè dính thiệt đồ he, form ok phết",positive
2120088418,"Phục vụ quá tệ, áo xước 1 đường bảo đổi trả không cho. Bai bai shop.",negative
2120088418,"Cc lừa đảo giao sai mẫu còn cãi ngang, tẩy chay",negative
2120088418,"Áo rách 1 đường may dọc sườn, kiểm tra hàng không kỹ gì hết bực dễ sợ",negative
2120088418,"Phần đệm vai bị nhàu nát tươm, áo rách lót nản chẳng muốn nói.",negative
1914935868,"Thua xa cái áo hôm trước mua bên QC, vải này giặt 2 nước xù lông chắc luôn",negative
1914935868,"Tạm được, không xuất sắc như quảng cáo, màu ngoài đời tối hơn ảnh.",negative
1914935868,"Cc lừa đảo giao sai mẫu còn cãi ngang, tẩy chay",negative
1914935868,"Cc lừa đảo giao sai mẫu còn cãi ngang, tẩy chay",negative
1914935868,"Phục vụ quá tệ, áo xước 1 đường bảo đổi trả không cho. Bai bai shop.",negative
1914935868,"Giao hàng gì mà gọi điện giục như đòi nợ, hộp áo méo không nhận ra nguyên hình.",negative
1914935868,"Thua xa cái áo hôm trước mua bên QC, vải này giặt 2 nước xù lông chắc luôn",negative
1914935868,"Giao hàng từ thế kỉ trước tới giờ mới nhận được, shop không hỗ trợ gì cả. Tệ.",negative
1914935868,"Vải rủ quá không đứng form như hình, mong đợi nhiều xong thất vọng.",negative
1914935868,"Shop làm ăn vcl nhắn ko rep áo thì chật cứng bực mình bồi thường đi",negative
1914935868,"Xui xẻo vừa mua về đứt luôn cái cúc áo, chỉ thừa thì cả đống, bực mình vãi",negative
1914935868,"Màu áo ở ngoài sậm hơn chứ ko sáng như hình trên mạng, nói chung bình thường nhưng ko ưng ý",negative
1914935868,"Thua xa cái áo hôm trước mua bên QC, vải này giặt 2 nước xù lông chắc luôn",negative
1914935868,"Vải rủ quá không đứng form như hình, mong đợi nhiều xong thất vọng.",negative
1914935868,"Form như dở hơi so với hàng xách tay trước t mua rẻ hơn mà xịn hơn",negative
1914935868,"Giao hàng quăng cái bộp cái thùng nát bét, shop làm việc lại với bên vận chuyển bực ghê",negative
1914935868,"Vải mỏng tang giặt 1 phát chắc nhàu nhĩ. Treo đầu dê bán thịt chó. Tránh xa ra",negative
1914935868,"Áo rách 1 đường may dọc sườn, kiểm tra hàng không kỹ gì hết bực dễ sợ",negative
1914935868,"Shipper thái độ lồi lõm, hộp thì móp méo nát bét",negative
1914935868,"Giao hàng hơi lâu chờ mòn mỏi, bọc hàng sơ sài quá shop, được cái áo bên trong không bị gì, mặc lên tôn dáng nên rate 5 sao.",positive
1914935868,"Keo lỳ tái bạt form áo siêu mê, diện đi quẩy cháy phố",positive
1914935868,"Áo rách 1 đường may dọc sườn, kiểm tra hàng không kỹ gì hết bực dễ sợ",negative
1914935868,"Áo đẹp bá cháy bọ chét, 100 điểm cho sự keo lỳ này",positive
1914935868,"Làm ăn như cc, giao nhầm size mặc vào như bơi trong áo, né gấp",negative
1914935868,"Giao hàng gì mà gọi điện giục như đòi nợ, hộp áo méo không nhận ra nguyên hình.",negative
1914935868,"Shipper giao lộn giờ lộn xộn bực mình nhưng áo lên form fit đẹp lắmm.",positive
1914935868,"Nhìn giả trân, thôi mua hàng nội địa trung còn ngon xơi hơn.",negative
1914935868,"Vải rủ quá không đứng form như hình, mong đợi nhiều xong thất vọng.",negative
1914935868,"Lúc đặt cũng rén sợ form boxy to quá, nhận hàng ưng cái bụng liền",positive
1914935868,"Keo lỳ tái bạt form áo siêu mê, diện đi quẩy cháy phố",positive
1914935868,"Áo như form hàng chợ, đường may cẩu thả vạch ra là thấy chỉ lỗi, đăng ảnh cho đẹp vô giao cái áo nát.",negative
1914935868,"ok lắmmm mnnnn form chuẩn 10 đỉmm",positive
1914935868,"Áo rách 1 đường may dọc sườn, kiểm tra hàng không kỹ gì hết bực dễ sợ",negative
1914935868,"Chất vải đứng form khá tốt, phần đệm vai mỏng vừa phải không bị cộm. Đường kim mũi chỉ tương đối sắc nét, không có chỉ thừa. Form dáng ôm vừa phải, rất phù hợp với dân văn phòng.",positive
1914935868,"Mua mặc đi tiệc tất niên công ty, dán thêm cái nơ là bảnh tỏn luôn, form đẹp.",positive
1914935868,"Lên non mới biết non cao, đồ shop mặc vào mới biết đẹp sao. Giá hợp lý",positive
1914935868,"Đường may sắc sảo, chất liệu vải không bị nhăn nhàu khi ngồi nhiều. Tay áo may rất khéo.",positive
1914935868,"Nhìn giả trân, thôi mua hàng nội địa trung còn ngon xơi hơn.",negative
1914935868,"Phục vụ quá tệ, áo xước 1 đường bảo đổi trả không cho. Bai bai shop.",negative
1914935868,"Chất vải đứng form khá tốt, phần đệm vai mỏng vừa phải không bị cộm. Đường kim mũi chỉ tương đối sắc nét, không có chỉ thừa. Form dáng ôm vừa phải, rất phù hợp với dân văn phòng.",positive
2227479866,"Sợ áo mỏng nhận về nặng trịch dầy dặn bất ngờ hehe.",positive
2227479866,"Out trình luôn nha, form áo 10 điểm ko nhưng",positive
2227479866,"Dm giao mẹ cái giẻ rách à áo rách toạc mà cũng ship tốn tiền",negative
2227479866,"tot",positive
2227479866,"Thua xa cái áo hôm trước mua bên QC, vải này giặt 2 nước xù lông chắc luôn",negative
2227479866,"Lần thứ n mua hàng của shop, giữ nguyên phong độ nha 10đ cho chất lượng",positive
2227479866,"Vải rủ quá không đứng form như hình, mong đợi nhiều xong thất vọng.",negative
2227479866,"Gia công tệ hại, cắt may cẩu thả, thà mua ngoài chợ còn hơn. Tức á.",negative
2227479866,"ok",positive
2227479866,"Giao hàng quăng cái bộp cái thùng nát bét, shop làm việc lại với bên vận chuyển bực ghê",negative
2227479866,"Làm ăn như cc, giao nhầm size mặc vào như bơi trong áo, né gấp",negative
2227479866,"Giao hàng quăng cái bộp cái thùng nát bét, shop làm việc lại với bên vận chuyển bực ghê",negative
2227479866,"dep",positive
2227479866,"Lần thứ n mua hàng của shop, giữ nguyên phong độ nha 10đ cho chất lượng",positive
2227479866,"Gia công tốt so với giá tiền, mặc đi làm hàng ngày ngon ẻ.",positive
2227479866,"Top top rì viu cái shop này nhìu lém nay mới thử mua, êm ru lun mọi người",positive
2227479866,"Dm giao mẹ cái giẻ rách à áo rách toạc mà cũng ship tốn tiền",negative
2227479866,"Xui xẻo vừa mua về đứt luôn cái cúc áo, chỉ thừa thì cả đống, bực mình vãi",negative
2227479866,"Nhận xu, áo tuyệt vời, sẽ ủng hộ tiếp 💰💰",positive
2227479866,"Tạm được, không xuất sắc như quảng cáo, màu ngoài đời tối hơn ảnh.",negative
2227479866,"Dm giao mẹ cái giẻ rách à áo rách toạc mà cũng ship tốn tiền",negative
2227479866,"Vải rủ quá không đứng form như hình, mong đợi nhiều xong thất vọng.",negative
2227479866,"Làm ăn như cc, giao nhầm size mặc vào như bơi trong áo, né gấp",negative
2227479866,"Shop này tui mua chắc chục cái từ sơ mi tới vest, chất liệu bao tốt, tư vấn dễ thương",positive
2227479866,"Tạm được, không xuất sắc như quảng cáo, màu ngoài đời tối hơn ảnh.",negative
2227479866,"Chất vải đứng form khá tốt, phần đệm vai mỏng vừa phải không bị cộm. Đường kim mũi chỉ tương đối sắc nét, không có chỉ thừa. Form dáng ôm vừa phải, rất phù hợp với dân văn phòng.",positive
2227479866,"Đóng gói kỹ xíu đi shop ơi bọc nilon mỏng dính, bù lại chất vải đẹp, đường may ok ko bị lỗi.",positive
2227479866,"Mua cho bác trai mặc dự hội thảo rất sang trọng lịch sự, cám ơn shop.",positive
2227479866,"xyn xò wá nha shop oii, a'o chấc lượq lúmmm",positive
2227479866,"ok lắmmm mnnnn form chuẩn 10 đỉmm",positive
2227479866,"Làm ăn như cc, giao nhầm size mặc vào như bơi trong áo, né gấp",negative
2227479866,"Keo lỳ tái bạt form áo siêu mê, diện đi quẩy cháy phố",positive
2227479866,"Đặt thử mặc đi prom mà lên dáng đẹp ngoài mong đợi, giá lại rẻ sập sàn nha.",positive
2227479866,"fast",positive
2227479866,"Áo dính nguyên vệt dơ đằng sau lưng, nhắn tin shop seen không rep.",negative
2227479866,"Đóng gói kỹ xíu đi shop ơi bọc nilon mỏng dính, bù lại chất vải đẹp, đường may ok ko bị lỗi.",positive
2227479866,"Chất vải đứng form khá tốt, phần đệm vai mỏng vừa phải không bị cộm. Đường kim mũi chỉ tương đối sắc nét, không có chỉ thừa. Form dáng ôm vừa phải, rất phù hợp với dân văn phòng.",positive
2227479866,"Cô mua cho thằng cu nhà mặc đi prom, vải đứng dáng, shop tư vấn nhiệt tình lắm",positive
2227479866,"a'o xịn nha, fom chuẩn dẹp lắmm",positive
2227479866,"Quảng cáo là 2 lớp dày dặn nhưng 1 lớp mỏng 1 lớp lưới, ko giống kì vọng chút nào.",negative
258654026,"phèn ẻ,  nhận xog chôn lun chứ k bt lm j kkk",negative
258654026,"chê mạnh, vải ngứa đ chịu dc =)))",negative
258654026,"bóp dáng a'c, bạn xúi mua ai dè keo thật kkk",positive
258654026,"chê mạnh, nhìn mún đem ném sọt rác wa' tr",negative
258654026,"tr ui quẫy bar búp đồ đó mng",positive
258654026,"giặt 1 nc bay mẹ màu vl",negative
258654026,"dcm nhìn mún đem ném sọt rác",negative
258654026,"phèn ẻ,  nhận xog chôn lun chứ k bt lm j j z tr",negative
258654026,"chê mạnh, nhìn mún đem ném sọt rác lúm",negative
258654026,"tr ui bận đi ks xin việc ngon ơ mn uii",positive
258654026,"tức lồng ngực, mặc nóng chảy mỡ troy",negative
258654026,"omg bận đi ks xin việc ngon ơ 🤡💀",positive
258654026,"dcm đệm vai như siêu xay da",negative
258654026,"tức lồng ngực, giặt 1 nc bay mẹ màu troy",negative
258654026,"tức lồng ngực, mặc nóng chảy mỡ nhóoooo",negative
258654026,"thấy tóp tóp rần rần múc luôn nha",positive
258654026,"vãi mát lúm k bít s mà ưng zị lun vl",positive
258654026,"chốt đơn đại xog h hối hận vãi vì k chốt sớm v vl",positive
258654026,"omg slay ác mng ơi nha",positive
258654026,"bóp dáng a'c, quẫy bar búp đồ đó mn uii",positive
258654026,"omg mua bừa mà dính phết kkk",positive
258654026,"tr ui quẫy bar búp đồ đó wa' tr",positive
258654026,"chê mạnh, vải ngứa đ chịu dc nha",negative
258654026,"tức lồng ngực, giặt 1 nc bay mẹ màu =)))",negative
258654026,"phèn ẻ,  như cái dẻ rách",negative
258654026,"bóp dáng a'c, sắm lẹ đi mấy pà ôiii wa' tr",positive
258654026,"dcm nhìn mún đem ném sọt rác nhóoooo",negative
258654026,"chê mạnh, như cái dẻ rách vl",negative
258654026,"hộc chỉ tè le",negative
675054007,"quẫy bar búp đồ đó nhóoooo",positive
675054007,"tức lồng ngực, đệm vai như siêu xay da nhóoooo",negative
675054007,"bóp dáng a'c, vãi mát lúm k bít s mà ưng zị lun vl",positive
675054007,"tr ui thấy tóp tóp rần rần múc luôn nhóoooo",positive
675054007,"omg slay ác mng ơi nha",positive
675054007,"đáng bát gạo đồng tiền dã man nhóoooo",positive
675054007,"tức lồng ngực, áo form lùng bùng kkk",negative
675054007,"bóp dáng a'c, fom keo lỳ xỉu up xuốn wa' tr",positive
675054007,"mlem nha~, như may đo cho mik í j z tr",positive
675054007,"omg thấy tóp tóp rần rần múc luôn vl",positive
675054007,"omg chụp kỉ yếu hạp lí vl",positive
675054007,"tr ui chụp kỉ yếu hạp lí kkk",positive
675054007,"chê mạnh, áo form lùng bùng nha",negative
675054007,"bóp dáng a'c, thấy tóp tóp rần rần múc luôn kkk",positive
675054007,"bóp dáng a'c, đáng bát gạo đồng tiền dã man lúm",positive
675054007,"chụp kỉ yếu hạp lí troy",positive
675054007,"tr ui sắm lẹ đi mấy pà ôiii nhóoooo",positive
675054007,"tr ui chụp kỉ yếu hạp lí vl",positive
675054007,"mlem nha~, fom keo lỳ xỉu up xuốn 🤡💀",positive
675054007,"omg vãi mát lúm k bít s mà ưng zị lun kkk",positive
675054007,"dcm shiper chối tỉ troy",negative
1099238042,"tức lồng ngực, nhìn mún đem ném sọt rác vl",negative
1099238042,"áo form lùng bùng troy",negative
1099238042,"phèn ẻ,  như cái dẻ rách mng",negative
1099238042,"tức lồng ngực, hộc chỉ tè le nha",negative
1099238042,"tức lồng ngực, áo form lùng bùng kkk",negative
1099238042,"tức lồng ngực, đệm vai như siêu xay da wa' tr",negative
1099238042,"chê mạnh, mặc nóng chảy mỡ vl",negative
1099238042,"phèn ẻ,  đệm vai như siêu xay da",negative
1099238042,"tức lồng ngực, nhìn mún đem ném sọt rác kkk",negative
1099238042,"dcm nhận xog chôn lun chứ k bt lm j kkk",negative
1099238042,"tức lồng ngực, mặc nóng chảy mỡ troy",negative
1099238042,"chê mạnh, đệm vai như siêu xay da lúm",negative
1099238042,"chê mạnh, nhìn mún đem ném sọt rác =)))",negative
1099238042,"giặt 1 nc bay mẹ màu mng",negative
1099238042,"tức lồng ngực, áo form lùng bùng troy",negative
1099238042,"dcm vải ngứa đ chịu dc nhóoooo",negative
1099238042,"phèn ẻ,  đệm vai như siêu xay da lúm",negative
1099238042,"phèn ẻ,  áo form lùng bùng 🤡💀",negative
1099238042,"bóp dáng a'c, mặc bảnh tỏn liền nhóoooo",positive
1099238042,"tức lồng ngực, nhìn mún đem ném sọt rác mng",negative
1099238042,"như cái dẻ rách wa' tr",negative
1099238042,"dcm áo ngắn cũn cỡn lúm",negative
1099238042,"chê mạnh, nhìn mún đem ném sọt rác lúm",negative
1099238042,"slay ác mng ơi mng",positive
1099238042,"dcm mặc nóng chảy mỡ lúm",negative
1099238042,"mlem nha~, slay ác mng ơi",positive
1099238042,"tức lồng ngực, nhận xog chôn lun chứ k bt lm j wa' tr",negative
1099238042,"phèn ẻ,  nhận xog chôn lun chứ k bt lm j kkk",negative
1099238042,"dcm nhìn mún đem ném sọt rác troy",negative
1099238042,"áo ngắn cũn cỡn nhóoooo",negative
1099238042,"giặt 1 nc bay mẹ màu nhóoooo",negative
1099238042,"phèn ẻ,  nhận xog chôn lun chứ k bt lm j nhóoooo",negative
1099238042,"tức lồng ngực, shiper chối tỉ nhóoooo",negative
1099238042,"chốt đơn đại xog h hối hận vãi vì k chốt sớm v j z tr",positive
1099238042,"dcm mặc nóng chảy mỡ nha",negative
1099238042,"tức lồng ngực, shiper chối tỉ j z tr",negative
1099238042,"chê mạnh, vải ngứa đ chịu dc kkk",negative
1099238042,"tức lồng ngực, mặc nóng chảy mỡ nhóoooo",negative
1099238042,"tức lồng ngực, fom boxy cc j k bít 🤡💀",negative
1099238042,"tức lồng ngực, đệm vai như siêu xay da 🤡💀",negative
1034002685,"omg đáng bát gạo đồng tiền dã man mn uii",positive
1034002685,"tr ui như may đo cho mik í nhóoooo",positive
1034002685,"sắm lẹ đi mấy pà ôiii 🤡💀",positive
1034002685,"phèn ẻ,  hộc chỉ tè le wa' tr",negative
1034002685,"dcm shiper chối tỉ 🤡💀",negative
1034002685,"dcm áo form lùng bùng mn uii",negative
1034002685,"vải ngứa đ chịu dc 🤡💀",negative
1034002685,"phèn ẻ,  nhận xog chôn lun chứ k bt lm j j z tr",negative
1034002685,"fom boxy cc j k bít nha",negative
1034002685,"nhìn mún đem ném sọt rác kkk",negative
1034002685,"tr ui như may đo cho mik í wa' tr",positive
1034002685,"omg sắm lẹ đi mấy pà ôiii lúm",positive
1034002685,"tức lồng ngực, vải ngứa đ chịu dc mng",negative
1034002685,"phèn ẻ,  áo form lùng bùng 🤡💀",negative
1034002685,"vải ngứa đ chịu dc kkk",negative
1034002685,"dcm nhìn mún đem ném sọt rác j z tr",negative
1034002685,"tức lồng ngực, áo form lùng bùng j z tr",negative
1034002685,"mlem nha~, mút đi ăn cới nyc 🤡💀",positive
1034002685,"mlem nha~, mặc bảnh tỏn liền mng",positive
1034002685,"dcm nhìn mún đem ném sọt rác =)))",negative
1830633686,"tức lồng ngực, giặt 1 nc bay mẹ màu nhóoooo",negative
1830633686,"tức lồng ngực, giặt 1 nc bay mẹ màu mng",negative
1830633686,"chê mạnh, như cái dẻ rách nha",negative
1830633686,"dcm nhận xog chôn lun chứ k bt lm j nhóoooo",negative
1830633686,"tr ui vãi mát lúm k bít s mà ưng zị lun kkk",positive
1830633686,"tức lồng ngực, giặt 1 nc bay mẹ màu j z tr",negative
1830633686,"omg bận đi ks xin việc ngon ơ wa' tr",positive
1830633686,"chê mạnh, fom boxy cc j k bít j z tr",negative
1830633686,"dcm vải ngứa đ chịu dc vl",negative
1830633686,"dcm vải ngứa đ chịu dc mng",negative
1830633686,"phèn ẻ,  áo form lùng bùng troy",negative
1830633686,"giặt 1 nc bay mẹ màu lúm",negative
1830633686,"tức lồng ngực, như cái dẻ rách kkk",negative
1830633686,"mlem nha~, như may đo cho mik í nhóoooo",positive
1830633686,"shiper chối tỉ mng",negative
1830633686,"tức lồng ngực, hộc chỉ tè le =)))",negative
1830633686,"chê mạnh, đệm vai như siêu xay da vl",negative
1830633686,"dcm như cái dẻ rách 🤡💀",negative
1830633686,"tức lồng ngực, giặt 1 nc bay mẹ màu",negative
1830633686,"phèn ẻ,  nhìn mún đem ném sọt rác 🤡💀",negative
1830633686,"mlem nha~, bạn xúi mua ai dè keo thật mn uii",positive
1830633686,"tức lồng ngực, mặc nóng chảy mỡ lúm",negative
1830633686,"tức lồng ngực, nhận xog chôn lun chứ k bt lm j j z tr",negative
1830633686,"chê mạnh, shiper chối tỉ mn uii",negative
1830633686,"dcm mặc nóng chảy mỡ wa' tr",negative
2223850736,"đồ con nít mà vải cứng ngắt j z tr",negative
2223850736,"đồ con nít mà vải cứng ngắt nhóoooo",negative
2223850736,"mặc zô cưng sỉu 🤡💀",positive
2223850736,"mua cho cu mặc lể 20/11 bảnh lúm",positive
2223850736,"thằng cu mê tit lun mng",positive
2223850736,"mặc zô cưng sỉu j z tr",positive
2223850736,"thằng cu mê tit lun troy",positive
2223850736,"thằng cu mê tit lun wa' tr",positive
2223850736,"vừa y cho bé nhà mềnh",positive
2223850736,"mặc zô cưng sỉu vl",positive
2223850736,"thằng cu mê tit lun j z tr",positive
2223850736,"bực mih nv k thèm tư vấn size cho cu tý wa' tr",negative
2223850736,"mặc zô cưng sỉu kkk",positive
2223850736,"vừa y cho bé nhà mềnh wa' tr",positive
2223850736,"vừa y cho bé nhà mềnh mng",positive
2223850736,"mua cho cu mặc lể 20/11 bảnh lúm kkk",positive
2223850736,"vừa y cho bé nhà mềnh =)))",positive
2223850736,"thằng cu mê tit lun wa' tr",positive
2223850736,"mua cho cu mặc lể 20/11 bảnh lúm mng",positive
2223850736,"mặc zô cưng sỉu j z tr",positive
2223850736,"vừa y cho bé nhà mềnh mng",positive
2223850736,"đồ con nít mà vải cứng ngắt vl",negative
2223850736,"tay áo dài lê thê lôi thôi 🤡💀",negative
2223850736,"mặc zô cưng sỉu",positive
2223850736,"vừa y cho bé nhà mềnh mng",positive
2494714247,"mặc zô cưng sỉu kkk",positive
2494714247,"vừa y cho bé nhà mềnh mng",positive
2494714247,"thằng cu mê tit lun troy",positive
2494714247,"mua cho cu mặc lể 20/11 bảnh lúm",positive
2494714247,"thằng cu mê tit lun wa' tr",positive
2494714247,"mua cho cu mặc lể 20/11 bảnh lúm mng",positive
2494714247,"mặc zô cưng sỉu nha",positive
2494714247,"tay áo dài lê thê lôi thôi wa' tr",negative
2494714247,"thằng cu mê tit lun nhóoooo",positive
2494714247,"thằng cu mê tit lun =)))",positive
2494714247,"mặc zô cưng sỉu mn uii",positive
2494714247,"mặc zô cưng sỉu wa' tr",positive
2494714247,"vừa y cho bé nhà mềnh lúm",positive
2494714247,"vừa y cho bé nhà mềnh 🤡💀",positive
2494714247,"mua cho cu mặc lể 20/11 bảnh lúm vl",positive
2494714247,"mua cho cu mặc lể 20/11 bảnh lúm vl",positive
2494714247,"thằng cu mê tit lun j z tr",positive
2494714247,"mua cho cu mặc lể 20/11 bảnh lúm j z tr",positive
2494714247,"bực mih nv k thèm tư vấn size cho cu tý mn uii",negative
2494714247,"vừa y cho bé nhà mềnh mn uii",positive
2494714247,"mặc zô cưng sỉu mng",positive
2494714247,"mua cho cu mặc lể 20/11 bảnh lúm =)))",positive
2494714247,"thằng cu mê tit lun =)))",positive
2494714247,"tay áo dài lê thê lôi thôi kkk",negative
2494714247,"vừa y cho bé nhà mềnh vl",positive
2494714247,"thằng cu mê tit lun lúm",positive
2494714247,"vừa y cho bé nhà mềnh kkk",positive
2494714247,"thằng cu mê tit lun wa' tr",positive
2494714247,"đồ con nít mà vải cứng ngắt troy",negative
2494714247,"vừa y cho bé nhà mềnh mn uii",positive
2494714247,"vừa y cho bé nhà mềnh",positive
2494714247,"vừa y cho bé nhà mềnh mn uii",positive
2494714247,"thằng cu mê tit lun troy",positive
772932711,"tr ui slay ác mng ơi kkk",positive
772932711,"chê mạnh, giặt 1 nc bay mẹ màu nhóoooo",negative
772932711,"omg bạn xúi mua ai dè keo thật mn uii",positive
772932711,"chê mạnh, hộc chỉ tè le nha",negative
772932711,"phèn ẻ,  áo ngắn cũn cỡn mng",negative
772932711,"phèn ẻ,  fom boxy cc j k bít kkk",negative
772932711,"chê mạnh, áo form lùng bùng kkk",negative
772932711,"phèn ẻ,  fom boxy cc j k bít kkk",negative
772932711,"mlem nha~, sắm lẹ đi mấy pà ôiii =)))",positive
772932711,"bóp dáng a'c, như may đo cho mik í",positive
772932711,"bóp dáng a'c, bận đi ks xin việc ngon ơ mng",positive
772932711,"sắm lẹ đi mấy pà ôiii wa' tr",positive
772932711,"shiper chối tỉ nhóoooo",negative
772932711,"chê mạnh, hộc chỉ tè le vl",negative
772932711,"bóp dáng a'c, bận đi ks xin việc ngon ơ mng",positive
772932711,"tr ui mua bừa mà dính phết mng",positive
772932711,"tr ui chụp kỉ yếu hạp lí kkk",positive
772932711,"dcm nhìn mún đem ném sọt rác mn uii",negative
772932711,"chê mạnh, nhận xog chôn lun chứ k bt lm j nhóoooo",negative
772932711,"tr ui bận đi ks xin việc ngon ơ mng",positive
772932711,"tr ui đáng bát gạo đồng tiền dã man kkk",positive
772932711,"bận đi ks xin việc ngon ơ lúm",positive
772932711,"omg mút đi ăn cới nyc j z tr",positive
772932711,"mua bừa mà dính phết",positive
772932711,"omg thấy tóp tóp rần rần múc luôn nha",positive
772932711,"shiper chối tỉ wa' tr",negative
772932711,"mlem nha~, mua bừa mà dính phết troy",positive
772932711,"omg sắm lẹ đi mấy pà ôiii troy",positive
772932711,"mặc nóng chảy mỡ vl",negative
772932711,"chê mạnh, đệm vai như siêu xay da lúm",negative
772932711,"dcm giặt 1 nc bay mẹ màu",negative
772932711,"mlem nha~, bận đi ks xin việc ngon ơ mn uii",positive
772932711,"tr ui đáng bát gạo đồng tiền dã man mn uii",positive
772932711,"chốt đơn đại xog h hối hận vãi vì k chốt sớm v =)))",positive
772932711,"dcm giặt 1 nc bay mẹ màu j z tr",negative
772932711,"bóp dáng a'c, slay ác mng ơi kkk",positive
2664014410,"phèn ẻ,  như cái dẻ rách kkk",negative
2664014410,"omg bạn xúi mua ai dè keo thật nha",positive
2664014410,"mua bừa mà dính phết kkk",positive
2664014410,"tức lồng ngực, mặc nóng chảy mỡ mng",negative
2664014410,"tức lồng ngực, fom boxy cc j k bít troy",negative
2664014410,"dcm áo form lùng bùng 🤡💀",negative
2664014410,"phèn ẻ,  mặc nóng chảy mỡ 🤡💀",negative
2664014410,"phèn ẻ,  fom boxy cc j k bít troy",negative
2664014410,"chê mạnh, nhìn mún đem ném sọt rác vl",negative
2664014410,"đáng bát gạo đồng tiền dã man mn uii",positive
2664014410,"dcm nhìn mún đem ném sọt rác kkk",negative
2664014410,"chê mạnh, giặt 1 nc bay mẹ màu",negative
2664014410,"chê mạnh, shiper chối tỉ lúm",negative
2664014410,"phèn ẻ,  áo ngắn cũn cỡn mng",negative
2664014410,"dcm áo form lùng bùng nha",negative
2664014410,"mlem nha~, như may đo cho mik í =)))",positive
2664014410,"tức lồng ngực, áo form lùng bùng troy",negative
2664014410,"giặt 1 nc bay mẹ màu wa' tr",negative
2664014410,"mlem nha~, vãi mát lúm k bít s mà ưng zị lun",positive
2664014410,"áo form lùng bùng 🤡💀",negative
2664014410,"bóp dáng a'c, bạn xúi mua ai dè keo thật lúm",positive
2664014410,"áo ngắn cũn cỡn j z tr",negative
2664014410,"bóp dáng a'c, fom keo lỳ xỉu up xuốn troy",positive
2664014410,"mlem nha~, bận đi ks xin việc ngon ơ j z tr",positive
2664014410,"phèn ẻ,  hộc chỉ tè le mng",negative
2664014410,"chê mạnh, nhận xog chôn lun chứ k bt lm j mng",negative
2664014410,"tr ui sắm lẹ đi mấy pà ôiii =)))",positive
2664014410,"shiper chối tỉ mn uii",negative
2664014410,"tr ui như may đo cho mik í mng",positive
2664014410,"chê mạnh, nhận xog chôn lun chứ k bt lm j nha",negative
2664014410,"phèn ẻ,  hộc chỉ tè le nhóoooo",negative
2664014410,"bạn xúi mua ai dè keo thật 🤡💀",positive
2664014410,"chê mạnh, giặt 1 nc bay mẹ màu nha",negative
2664014410,"tức lồng ngực, fom boxy cc j k bít =)))",negative
2664014410,"dcm đệm vai như siêu xay da vl",negative
2664014410,"phèn ẻ,  vải ngứa đ chịu dc wa' tr",negative
2664014410,"tr ui bạn xúi mua ai dè keo thật",positive
2664014410,"vãi mát lúm k bít s mà ưng zị lun 🤡💀",positive
1909983794,"giặt 1 nc bay mẹ màu vl",negative
1909983794,"phèn ẻ,  áo form lùng bùng 🤡💀",negative
1909983794,"như cái dẻ rách 🤡💀",negative
1909983794,"phèn ẻ,  mặc nóng chảy mỡ nhóoooo",negative
1909983794,"omg vãi mát lúm k bít s mà ưng zị lun wa' tr",positive
1909983794,"nhận xog chôn lun chứ k bt lm j lúm",negative
1909983794,"hộc chỉ tè le =)))",negative
1909983794,"tức lồng ngực, mặc nóng chảy mỡ lúm",negative
1909983794,"chê mạnh, nhìn mún đem ném sọt rác nha",negative
1909983794,"chê mạnh, nhìn mún đem ném sọt rác",negative
1909983794,"bóp dáng a'c, slay ác mng ơi 🤡💀",positive
1909983794,"áo ngắn cũn cỡn mng",negative
1909983794,"tức lồng ngực, shiper chối tỉ nhóoooo",negative
1909983794,"dcm giặt 1 nc bay mẹ màu kkk",negative
1909983794,"tức lồng ngực, áo form lùng bùng lúm",negative
1909983794,"phèn ẻ,  nhận xog chôn lun chứ k bt lm j nhóoooo",negative
1909983794,"chê mạnh, hộc chỉ tè le vl",negative
1909983794,"fom boxy cc j k bít kkk",negative
1909983794,"như cái dẻ rách lúm",negative
1909983794,"như cái dẻ rách 🤡💀",negative
1909983794,"phèn ẻ,  mặc nóng chảy mỡ mn uii",negative
1909983794,"chê mạnh, đệm vai như siêu xay da =)))",negative
1909983794,"nhận xog chôn lun chứ k bt lm j vl",negative
1909983794,"chê mạnh, mặc nóng chảy mỡ 🤡💀",negative
1909983794,"hộc chỉ tè le lúm",negative
1909983794,"chê mạnh, như cái dẻ rách vl",negative
1909983794,"dcm fom boxy cc j k bít vl",negative
1909983794,"bóp dáng a'c, bận đi ks xin việc ngon ơ =)))",positive
1909983794,"phèn ẻ,  áo form lùng bùng troy",negative
2432068042,"mất lếp, tức á nt đổi size seen del rep",negative
2432068042,"đệt, cúc áo mún rớt ra lun nhóoooo",negative
2432068042,"giá này đòi hỏi z nữa wa ngon 😘",positive
2432068042,"mất lếp, váy áo j vải rụng lông 1 thau pải k mng",negative
2432068042,"váy áo j vải rụng lông 1 thau",negative
2432068042,"mất lếp, nóng bức như cái lò =)))",negative
2432068042,"sờ mát lạnh tay kkk",positive
2432068042,"bịp à, shipper hất hàm nha",negative
2432068042,"keo lỳ, ai thiết kế đỉnh cao form này z tr kkk",positive
2432068042,"cúc áo mún rớt ra lun pải k mng",negative
2432068042,"đág iu, ai thiết kế đỉnh cao form này z tr kkk",positive
2432068042,"bịp à, đóng trong bao bì móp lép nản =)))",negative
2432068042,"mất lếp, tay áo bị may lệch form 🤡🤡",negative
2432068042,"mang tiếng hàng hịn mà như đồ chợ 🤡🤡",negative
2432068042,"tức á nt đổi size seen del rep z trời",negative
2432068042,"đệt, nóng bức như cái lò 😘",negative
2432068042,"dme áo nịnh dáng che khuyết điểm bụng phệ nha",positive
2432068042,"đệt, tức á nt đổi size seen del rep kkk",negative
2432068042,"sờ mát lạnh tay 🤡🤡",positive
2432068042,"áo 2 lớp dầy pịch nha",positive
2432068042,"bịp à, nóng bức như cái lò z trời",negative
2432068042,"keo lỳ, sờ mát lạnh tay z trời",positive
2432068042,"tức á nt đổi size seen del rep troy",negative
2432068042,"keo lỳ, giá này đòi hỏi z nữa wa ngon nhóoooo",positive
2432068042,"đệt, cúc áo mún rớt ra lun z tr",negative
2432068042,"bịp à, tay áo bị may lệch form a'c",negative
2432068042,"mất lếp, cúc áo mún rớt ra lun kkk",negative
2432068042,"đág iu, áo 2 lớp dầy pịch nhóoooo",positive
2432068042,"váy áo j vải rụng lông 1 thau =)))",negative
2432068042,"mất lếp, cúc áo mún rớt ra lun kkk",negative
2432068042,"ai thiết kế đỉnh cao form này z tr",positive
2432068042,"dme áo nịnh dáng che khuyết điểm bụng phệ a'c",positive
2432068042,"bịp à, tay áo bị may lệch form 🤡🤡",negative
2432068042,"đág iu, ai thiết kế đỉnh cao form này z tr z tr",positive
2432068042,"rộng thùng thình như mượn của bố troy",negative
2432068042,"keo lỳ, thử mua vu vơ mà ố dề ngon ghê a'c",positive
2432068042,"bịp à, tức á nt đổi size seen del rep nhóoooo",negative
1882949271,"thử mua vu vơ mà ố dề ngon ghê pải k mng",positive
1882949271,"sờ mát lạnh tay a'c",positive
1882949271,"đệt, shipper hất hàm",negative
1882949271,"thử mua vu vơ mà ố dề ngon ghê =)))",positive
1882949271,"rộng thùng thình như mượn của bố kkk",negative
1882949271,"bịp à, mang tiếng hàng hịn mà như đồ chợ nha",negative
1882949271,"bịp à, váy áo j vải rụng lông 1 thau nhóoooo",negative
1882949271,"áo 2 lớp dầy pịch z trời",positive
1882949271,"đệt, đóng trong bao bì móp lép nản",negative
1882949271,"mất lếp, cúc áo mún rớt ra lun z trời",negative
1882949271,"mất lếp, đóng trong bao bì móp lép nản pải k mng",negative
1882949271,"mất lếp, nóng bức như cái lò",negative
1882949271,"đág iu, giá này đòi hỏi z nữa wa ngon pải k mng",positive
1882949271,"đệt, váy áo j vải rụng lông 1 thau 😘",negative
1882949271,"dme ai thiết kế đỉnh cao form này z tr pải k mng",positive
1882949271,"mất lếp, tay áo bị may lệch form",negative
1882949271,"dme ai thiết kế đỉnh cao form này z tr z tr",positive
1882949271,"dme đc ny khen nức nở troy troy",positive
1882949271,"đág iu, sờ mát lạnh tay",positive
1882949271,"tay áo bị may lệch form =)))",negative
1882949271,"đóng trong bao bì móp lép nản pải k mng",negative
1882949271,"đág iu, giá này đòi hỏi z nữa wa ngon a'c",positive
1882949271,"keo lỳ, ai thiết kế đỉnh cao form này z tr",positive
1882949271,"quá chật thở k nổi",negative
1882949271,"váy áo j vải rụng lông 1 thau nha",negative
1882949271,"dme áo 2 lớp dầy pịch a'c",positive
1882949271,"đág iu, đc ny khen nức nở troy pải k mng",positive
1882949271,"bịp à, nóng bức như cái lò nhóoooo",negative
1882949271,"mất lếp, cúc áo mún rớt ra lun z trời",negative
1882949271,"đệt, đóng trong bao bì móp lép nản nhóoooo",negative
1882949271,"bịp à, tức á nt đổi size seen del rep a'c",negative
1882949271,"váy áo j vải rụng lông 1 thau 😘",negative
1882949271,"bịp à, tay áo bị may lệch form",negative
1882949271,"đệt, rộng thùng thình như mượn của bố troy",negative
1882949271,"mất lếp, nóng bức như cái lò 😘",negative
1882949271,"đệt, tay áo bị may lệch form z trời",negative
2458175801,"đệt, đóng trong bao bì móp lép nản kkk",negative
2458175801,"đág iu, làm quà sinh nhật a zai mê điên a'c",positive
2458175801,"đệt, cúc áo mún rớt ra lun nha",negative
2458175801,"bịp à, cúc áo mún rớt ra lun pải k mng",negative
2458175801,"đệt, tay áo bị may lệch form nha",negative
2458175801,"bận đi sếp khen lúm kkk",positive
2458175801,"áo 2 lớp dầy pịch 🤡🤡",positive
2458175801,"đág iu, bận đi sếp khen lúm 😘",positive
2458175801,"keo lỳ, ai thiết kế đỉnh cao form này z tr nhóoooo",positive
2458175801,"bịp à, mang tiếng hàng hịn mà như đồ chợ z tr",negative
2458175801,"đệt, tay áo bị may lệch form troy",negative
2458175801,"tức á nt đổi size seen del rep 🤡🤡",negative
2458175801,"đóng trong bao bì móp lép nản a'c",negative
2458175801,"dme giá này đòi hỏi z nữa wa ngon pải k mng",positive
2458175801,"dme lên đồ cháy phố nha",positive
2458175801,"mang tiếng hàng hịn mà như đồ chợ nhóoooo",negative
2458175801,"bịp à, đóng trong bao bì móp lép nản kkk",negative
2458175801,"đág iu, trend tóp tóp củm okila nha",positive
2458175801,"làm quà sinh nhật a zai mê điên a'c",positive
2458175801,"dme sờ mát lạnh tay =)))",positive
2458175801,"keo lỳ, giá này đòi hỏi z nữa wa ngon troy",positive
2458175801,"mất lếp, mang tiếng hàng hịn mà như đồ chợ 😘",negative
2458175801,"mất lếp, rộng thùng thình như mượn của bố a'c",negative
2458175801,"đệt, đóng trong bao bì móp lép nản z trời",negative
2458175801,"bịp à, đóng trong bao bì móp lép nản nhóoooo",negative
2458175801,"bịp à, đóng trong bao bì móp lép nản nhóoooo",negative
2458175801,"đệt, tức á nt đổi size seen del rep 🤡🤡",negative
2478816607,"cu tý bận zô ưng quá mng z trời",positive
2478816607,"đẹp xỉu cu tui mặc vừa y nhóoooo",positive
2478816607,"đẹp xỉu cu tui mặc vừa y nhóoooo",positive
2478816607,"cu tý bận zô ưng quá mng kkk",positive
2478816607,"đẹp xỉu cu tui mặc vừa y troy",positive
2478816607,"vải mát con nít dễ cữ động 🤡🤡",positive
2478816607,"đẹp xỉu cu tui mặc vừa y 😘",positive
2478816607,"cu tý bận zô ưng quá mng nha",positive
2478816607,"cu tý bận zô ưng quá mng",positive
2478816607,"cu tý bận zô ưng quá mng",positive
2478816607,"vải mát con nít dễ cữ động troy",positive
2478816607,"vải mát con nít dễ cữ động 😘",positive
2478816607,"chất vải nóng hầm hập mồ hôi cho trẻ pải k mng",negative
2478816607,"con nít mà làm tay áo dài thòng 😘",negative
2478816607,"đẹp xỉu cu tui mặc vừa y nhóoooo",positive
2478816607,"vải mát con nít dễ cữ động 😘",positive
2478816607,"đẹp xỉu cu tui mặc vừa y z tr",positive
2478816607,"chất vải nóng hầm hập mồ hôi cho trẻ z trời",negative
2478816607,"cu tý bận zô ưng quá mng nha",positive
2478816607,"cu tý bận zô ưng quá mng troy",positive
2478816607,"đẹp xỉu cu tui mặc vừa y z trời",positive
2478816607,"vải mát con nít dễ cữ động =)))",positive
2478816607,"cu tý bận zô ưng quá mng troy",positive
2478816607,"cu tý bận zô ưng quá mng kkk",positive
2478816607,"cu tý bận zô ưng quá mng z trời",positive
2478816607,"cu tý bận zô ưng quá mng kkk",positive
2478816607,"cu tý bận zô ưng quá mng 😘",positive
2478816607,"vải mát con nít dễ cữ động pải k mng",positive
2478816607,"đẹp xỉu cu tui mặc vừa y z trời",positive
2960267697,"nóng bức như cái lò a'c",negative
2960267697,"ai thiết kế đỉnh cao form này z tr z tr",positive
2960267697,"lên đồ cháy phố z trời",positive
2960267697,"bịp à, quá chật thở k nổi 😘",negative
2960267697,"keo lỳ, ai thiết kế đỉnh cao form này z tr z tr",positive
2960267697,"dme bận đi sếp khen lúm kkk",positive
2960267697,"keo lỳ, bận đi sếp khen lúm pải k mng",positive
2960267697,"đág iu, giá này đòi hỏi z nữa wa ngon z trời",positive
2960267697,"bịp à, váy áo j vải rụng lông 1 thau pải k mng",negative
2960267697,"bịp à, mang tiếng hàng hịn mà như đồ chợ z trời",negative
2960267697,"áo nịnh dáng che khuyết điểm bụng phệ 😘",positive
2960267697,"bận đi sếp khen lúm nha",positive
2960267697,"dme lên đồ cháy phố troy",positive
2960267697,"quá chật thở k nổi 🤡🤡",negative
2960267697,"keo lỳ, trend tóp tóp củm okila =)))",positive
2960267697,"bịp à, quá chật thở k nổi =)))",negative
2960267697,"mất lếp, đóng trong bao bì móp lép nản z trời",negative
2960267697,"đág iu, ai thiết kế đỉnh cao form này z tr z tr",positive
2960267697,"dme làm quà sinh nhật a zai mê điên nhóoooo",positive
2960267697,"mất lếp, váy áo j vải rụng lông 1 thau a'c",negative
2960267697,"đág iu, ai thiết kế đỉnh cao form này z tr a'c",positive
2960267697,"mất lếp, đóng trong bao bì móp lép nản z trời",negative
2960267697,"đệt, mang tiếng hàng hịn mà như đồ chợ 🤡🤡",negative
2960267697,"đệt, mang tiếng hàng hịn mà như đồ chợ z tr",negative
2960267697,"dme làm quà sinh nhật a zai mê điên nhóoooo",positive
2960267697,"dme sờ mát lạnh tay",positive
2210114484,"đág iu, áo 2 lớp dầy pịch =)))",positive
2210114484,"đág iu, làm quà sinh nhật a zai mê điên kkk",positive
2210114484,"keo lỳ, giá này đòi hỏi z nữa wa ngon a'c",positive
2210114484,"đág iu, áo nịnh dáng che khuyết điểm bụng phệ 😘",positive
2210114484,"đc ny khen nức nở troy 😘",positive
2210114484,"thử mua vu vơ mà ố dề ngon ghê z tr",positive
2210114484,"đág iu, trend tóp tóp củm okila z trời",positive
2210114484,"dme ai thiết kế đỉnh cao form này z tr =)))",positive
2210114484,"đág iu, làm quà sinh nhật a zai mê điên nha",positive
2210114484,"dme lên đồ cháy phố z trời",positive
2210114484,"đág iu, làm quà sinh nhật a zai mê điên z tr",positive
2210114484,"làm quà sinh nhật a zai mê điên nha",positive
2210114484,"đệt, tức á nt đổi size seen del rep kkk",negative
2210114484,"đệt, váy áo j vải rụng lông 1 thau =)))",negative
2210114484,"lên đồ cháy phố a'c",positive
2210114484,"bịp à, cúc áo mún rớt ra lun 😘",negative
2210114484,"dme giá này đòi hỏi z nữa wa ngon pải k mng",positive
2210114484,"dme bận đi sếp khen lúm 🤡🤡",positive
2210114484,"dme bận đi sếp khen lúm z trời",positive
2210114484,"đc ny khen nức nở troy",positive
2210114484,"đág iu, trend tóp tóp củm okila =)))",positive
2210114484,"keo lỳ, bận đi sếp khen lúm",positive
2210114484,"tay áo bị may lệch form z trời",negative
2210114484,"thử mua vu vơ mà ố dề ngon ghê troy",positive
2210114484,"giá này đòi hỏi z nữa wa ngon a'c",positive
2210114484,"đág iu, áo nịnh dáng che khuyết điểm bụng phệ z trời",positive
2210114484,"dme bận đi sếp khen lúm troy",positive
2210114484,"keo lỳ, thử mua vu vơ mà ố dề ngon ghê kkk",positive
2393010677,"mất lếp, váy áo j vải rụng lông 1 thau troy",negative
2393010677,"mất lếp, váy áo j vải rụng lông 1 thau kkk",negative
2393010677,"mất lếp, tay áo bị may lệch form 🤡🤡",negative
2393010677,"ai thiết kế đỉnh cao form này z tr 🤡🤡",positive
2393010677,"keo lỳ, ai thiết kế đỉnh cao form này z tr z tr",positive
2393010677,"đệt, tay áo bị may lệch form z tr",negative
2393010677,"tức á nt đổi size seen del rep nha",negative
2393010677,"quá chật thở k nổi =)))",negative
2393010677,"bịp à, mang tiếng hàng hịn mà như đồ chợ",negative
2393010677,"đág iu, sờ mát lạnh tay 🤡🤡",positive
2393010677,"bịp à, váy áo j vải rụng lông 1 thau pải k mng",negative
2393010677,"dme đc ny khen nức nở troy 😘",positive
2393010677,"đág iu, làm quà sinh nhật a zai mê điên 😘",positive
2393010677,"trend tóp tóp củm okila troy",positive
2393010677,"shipper hất hàm troy",negative
2393010677,"đệt, đóng trong bao bì móp lép nản kkk",negative
2393010677,"đệt, nóng bức như cái lò pải k mng",negative
2393010677,"bịp à, nóng bức như cái lò nhóoooo",negative
2393010677,"cúc áo mún rớt ra lun kkk",negative
2393010677,"mất lếp, mang tiếng hàng hịn mà như đồ chợ nhóoooo",negative
2393010677,"shipper hất hàm",negative
2393010677,"mất lếp, mang tiếng hàng hịn mà như đồ chợ kkk",negative
2393010677,"keo lỳ, áo nịnh dáng che khuyết điểm bụng phệ pải k mng",positive
2393010677,"keo lỳ, thử mua vu vơ mà ố dề ngon ghê z trời",positive
2393010677,"giá này đòi hỏi z nữa wa ngon",positive
910796375,"rộng thùng thình như mượn của bố 😘",negative
910796375,"dme áo 2 lớp dầy pịch kkk",positive
910796375,"bận đi sếp khen lúm kkk",positive
910796375,"bịp à, váy áo j vải rụng lông 1 thau nha",negative
910796375,"keo lỳ, trend tóp tóp củm okila troy",positive
910796375,"tay áo bị may lệch form 🤡🤡",negative
910796375,"mất lếp, váy áo j vải rụng lông 1 thau troy",negative
910796375,"bịp à, tay áo bị may lệch form =)))",negative
910796375,"bịp à, cúc áo mún rớt ra lun",negative
910796375,"dme làm quà sinh nhật a zai mê điên z tr",positive
910796375,"đc ny khen nức nở troy",positive
910796375,"mất lếp, đóng trong bao bì móp lép nản z trời",negative
910796375,"đệt, rộng thùng thình như mượn của bố 😘",negative
910796375,"đóng trong bao bì móp lép nản nha",negative
910796375,"quá chật thở k nổi z tr",negative
910796375,"keo lỳ, thử mua vu vơ mà ố dề ngon ghê z tr",positive
910796375,"bịp à, nóng bức như cái lò troy",negative
910796375,"quá chật thở k nổi nha",negative
910796375,"tay áo bị may lệch form z tr",negative
910796375,"đág iu, áo 2 lớp dầy pịch nhóoooo",positive
910796375,"bịp à, tức á nt đổi size seen del rep nha",negative
910796375,"trend tóp tóp củm okila",positive
910796375,"đệt, váy áo j vải rụng lông 1 thau kkk",negative
910796375,"mất lếp, cúc áo mún rớt ra lun troy",negative
910796375,"đág iu, giá này đòi hỏi z nữa wa ngon 😘",positive
910796375,"đệt, mang tiếng hàng hịn mà như đồ chợ",negative
910796375,"đệt, mang tiếng hàng hịn mà như đồ chợ =)))",negative
910796375,"mất lếp, tức á nt đổi size seen del rep nha",negative
910796375,"thử mua vu vơ mà ố dề ngon ghê pải k mng",positive
910796375,"keo lỳ, đc ny khen nức nở troy",positive
910796375,"dme trend tóp tóp củm okila z trời",positive
910796375,"bịp à, mang tiếng hàng hịn mà như đồ chợ troy",negative
3251987728,"đág iu, áo 2 lớp dầy pịch 😘",positive
3251987728,"ai thiết kế đỉnh cao form này z tr z trời",positive
3251987728,"bịp à, tay áo bị may lệch form",negative
3251987728,"dme sờ mát lạnh tay 😘",positive
3251987728,"váy áo j vải rụng lông 1 thau kkk",negative
3251987728,"đág iu, lên đồ cháy phố nha",positive
3251987728,"dme lên đồ cháy phố z trời",positive
3251987728,"đệt, váy áo j vải rụng lông 1 thau a'c",negative
3251987728,"lên đồ cháy phố 🤡🤡",positive
3251987728,"shipper hất hàm kkk",negative
3251987728,"giá này đòi hỏi z nữa wa ngon z trời",positive
3251987728,"mất lếp, đóng trong bao bì móp lép nản troy",negative
3251987728,"keo lỳ, giá này đòi hỏi z nữa wa ngon 🤡🤡",positive
3251987728,"keo lỳ, áo nịnh dáng che khuyết điểm bụng phệ",positive
3251987728,"đệt, cúc áo mún rớt ra lun nha",negative
3251987728,"keo lỳ, lên đồ cháy phố nha",positive
3251987728,"nóng bức như cái lò kkk",negative
3251987728,"bịp à, mang tiếng hàng hịn mà như đồ chợ nhóoooo",negative
3251987728,"đệt, đóng trong bao bì móp lép nản z tr",negative
3251987728,"mất lếp, tức á nt đổi size seen del rep troy",negative
3251987728,"mất lếp, tay áo bị may lệch form a'c",negative
3251987728,"đág iu, lên đồ cháy phố z tr",positive
3251987728,"mất lếp, đóng trong bao bì móp lép nản troy",negative
3251987728,"keo lỳ, ai thiết kế đỉnh cao form này z tr nhóoooo",positive
3251987728,"mất lếp, rộng thùng thình như mượn của bố pải k mng",negative
3251987728,"đág iu, đc ny khen nức nở troy pải k mng",positive
3251987728,"mất lếp, tay áo bị may lệch form 🤡🤡",negative
3251987728,"dme lên đồ cháy phố a'c",positive
3251987728,"dme giá này đòi hỏi z nữa wa ngon 🤡🤡",positive
3251987728,"keo lỳ, lên đồ cháy phố",positive
3251987728,"giá này đòi hỏi z nữa wa ngon",positive
3251987728,"đág iu, bận đi sếp khen lúm a'c",positive
3251987728,"ai thiết kế đỉnh cao form này z tr",positive
3251987728,"đc ny khen nức nở troy nha",positive
3251987728,"đóng trong bao bì móp lép nản kkk",negative
3251987728,"giá này đòi hỏi z nữa wa ngon 🤡🤡",positive
3251987728,"dme ai thiết kế đỉnh cao form này z tr pải k mng",positive
3251987728,"đệt, shipper hất hàm pải k mng",negative
3251987728,"đệt, shipper hất hàm a'c",negative
3251987728,"đệt, tay áo bị may lệch form 🤡🤡",negative
2940101473,"đág iu, thử mua vu vơ mà ố dề ngon ghê nha",positive
2940101473,"đág iu, áo nịnh dáng che khuyết điểm bụng phệ nha",positive
2940101473,"đág iu, đc ny khen nức nở troy =)))",positive
2940101473,"áo 2 lớp dầy pịch kkk",positive
2940101473,"dme lên đồ cháy phố a'c",positive
2940101473,"dme áo nịnh dáng che khuyết điểm bụng phệ 🤡🤡",positive
2940101473,"sờ mát lạnh tay nha",positive
2940101473,"dme bận đi sếp khen lúm troy",positive
2940101473,"nóng bức như cái lò nhóoooo",negative
2940101473,"bịp à, quá chật thở k nổi nhóoooo",negative
2940101473,"áo nịnh dáng che khuyết điểm bụng phệ a'c",positive
2940101473,"shipper hất hàm =)))",negative
2940101473,"shipper hất hàm kkk",negative
2940101473,"đág iu, áo 2 lớp dầy pịch troy",positive
2940101473,"dme áo 2 lớp dầy pịch kkk",positive
2940101473,"đệt, quá chật thở k nổi 😘",negative
2940101473,"dme sờ mát lạnh tay z tr",positive
2940101473,"áo 2 lớp dầy pịch nha",positive
2940101473,"mất lếp, tay áo bị may lệch form z tr",negative
2940101473,"đág iu, áo nịnh dáng che khuyết điểm bụng phệ",positive
2940101473,"váy áo j vải rụng lông 1 thau pải k mng",negative
2940101473,"keo lỳ, làm quà sinh nhật a zai mê điên nha",positive
2940101473,"dme đc ny khen nức nở troy =)))",positive
2940101473,"dme giá này đòi hỏi z nữa wa ngon",positive
2940101473,"keo lỳ, trend tóp tóp củm okila troy",positive
2940101473,"trend tóp tóp củm okila kkk",positive
2940101473,"đág iu, làm quà sinh nhật a zai mê điên kkk",positive
2940101473,"rộng thùng thình như mượn của bố 😘",negative
2940101473,"dme áo nịnh dáng che khuyết điểm bụng phệ nhóoooo",positive
2940101473,"ai thiết kế đỉnh cao form này z tr",positive
2940101473,"đág iu, giá này đòi hỏi z nữa wa ngon z trời",positive
2518936116,"Eo ôi 10 đỉm cho gấc keo lỳ nha mí bà iu xỉu xỉu",positive
2518936116,"Phải nói là Châm ngôn sắm đồ bận quẫy bận cưới chỉ lựa shop nay vì chưa bg lm tui that dzọng",positive
2518936116,"Trời ui XU xiu xu xu lấy clip ko liên quan up lên húp xèng 😍👍",positive
2518936116,"Phải nói là okela lúm foem dc wa' chời wa' dắc lun pạn ui",positive
2518936116,"Eo ôi Quen tay gõ dồi chất lượng shop thì muôn đời xịn ẻ kkk",positive
2518936116,"Đm xịn Khâu đóng gói như cái mớ rế bao rách tùm lum móp méo nhưng thui vớt vát lại form áo cắt điêu luyện mặc tôn sáng 5 sao nhen.",positive
2518936116,"Cọc Kỳ vọng 1 nẻo ngoài 1 nẻo, màu trên hình nâu sáng mà ngoài rêu tối xỉn, chê",negative
2518936116,"Tuyệt Khách ruột là đây chứ đâun ra mẫu mới là đớp êm ru",positive
2518936116,"Eo ôi keo lỳ form boxy sành điệu xịn hahahaha",positive
2518936116,"Khùng hả Đen đủi dính cục dơ đằng lưng nhắn k ai bắt máy, dẹp !!",negative
2518936116,"Đm xịn Cô chú mua cho con rai ướm dịp cưới thằng a nhà rất dễ mặc sờ mát",positive
2518936116,"Trời đựu Dm lm ăn cc giao dơ cái nách áo lz",negative
2518936116,"Làm ăn chán, hình thì photoshop cho cố r nhận về k khác cái bao rác đùm dzô v á",negative
2518936116,"Trời đựu Áo đứt ngay cái khuy đầu tao bắt đền tức điên xui tận mạng",negative
2518936116,"Eo ôi Châm ngôn sắm đồ bận quẫy bận cưới chỉ lựa shop nay vì chưa bg lm tui that dzọng",positive
2518936116,"Trời ui Một cây làm chẳng nên non ba cây chụm lại áo quá ngon. Áo xịn nha",positive
2518936116,"Trời ui Giá này thì miễn bàn r rẻ mà xịn",positive
2518936116,"Hàng việt nam may cẩu thả v so với quảng châu là thua thuaaaaa",negative
2518936116,"Eo ôi Đường may áo sắc sảo, ve cổ chữ chữ V thanh thoát tôn dáng mạnh mẽ, đệm vai chắc tay và đặc biệt đường kim mũi chỉ phía eo sau đo chiết chuẩn xác.",positive
2518936116,"Tức á, vất xó so áo mấy chục tệ bên QC ngta vẫn tỉ mỉ hộc xịn xò 10 lần",negative
2518936116,"Tuyệt Năm thua đánh cược tưởng xấu hoá ra cháy xe vl, tui là quay xe liền.",positive
2518936116,"Cọc Ko lộng lẫy như tiktoker múa đâu mng áo xỉn nàu",negative
2518936116,"Eo ôi Rin rì zin áo này chiếc thứ 7 của shop gòy nhá khỏi bàn!",positive
2518936116,"Eo ôi đỉnh cow chóp lun slay quá chừng kiki",positive
2518936116,"Tuyệt Bỏ đồng tiền ra ko thấy tiếc tí nào ngon bổ rẻ ok",positive
2518936116,"Khùng hả Áo vest mẹ j giẻ rách nhăn dúm dó. Cắt xén vải đến nổi ngắn cũn cỡn bực bội",negative
2518936116,"Tuyệt Anh đi anh nhớ quê nhà nhớ canh rau muống nhớ shop bán áo xinh",positive
2518936116,"Tuyệt out trình với mấy con áo cũ lun sếnnnn",positive
2157528610,"Khùng hả Áo đứt ngay cái khuy đầu tao bắt đền tức điên xui tận mạng",negative
2157528610,"sp ok nha mn",positive
2157528610,"Khùng hả Áo Ok mà bọc nhăn nheo hộc giấy móp cáu",negative
2157528610,"Eo ôi Thiết kế suit jacket này cực kỳ đứng form. Phần đệm vai vuốt gọn gàng không bị thô cứng, chất liệu polyester pha thun co giãn nhưng vẫn giữ nếp lót trong rất cẩn thận, đường kim mũi chỉ tuyệt đối đều đặn.",positive
2157528610,"Phải nói là Tiền ít mà hít mâm cỗ thơm nha mấy ni, đáng tiền",positive
2157528610,"Tuyệt Vì yêu mà đến, vì áo mà cmt. Đáng muaaaa nha mấy má",positive
2157528610,"Phải nói là Đường may áo sắc sảo, ve cổ chữ chữ V thanh thoát tôn dáng mạnh mẽ, đệm vai chắc tay và đặc biệt đường kim mũi chỉ phía eo sau đo chiết chuẩn xác.",positive
2157528610,"Tuyệt Quen tay gõ dồi chất lượng shop thì muôn đời xịn ẻ kkk",positive
2157528610,"Khùng hả Vải nóng vã mồ hôi như áo ni lông, form thì chảy xệ bực mk.",negative
2157528610,"Cô chú mua cho con rai ướm dịp cưới thằng a nhà rất dễ mặc sờ mát",positive
2157528610,"Trời ui Áo đẹp ảnh để kiếm xí xu đừng quan tâm nha hahaha",positive
2157528610,"Eo ôi Đóng bọng mỏng như tờ giấy lúc bóc cứ sợ cắt trúng áo nhưng mà may ko sao. Áo chuẩn form đẹp nên gỡ gạc xí điểm cho shop.",positive
2157528610,"Tuyệt dep xiu nha",positive
2157528610,"Phải nói là Anh đi anh nhớ quê nhà nhớ canh rau muống nhớ shop bán áo xinh",positive
2157528610,"Đm xịn Bỏ đồng tiền ra ko thấy tiếc tí nào ngon bổ rẻ ok",positive
2157528610,"Cọc Quần áo may kiểu j lệch cả vạt, giặt qua 1 nước thành khăn luôn chứ ở đấy mà vest",negative
2157528610,"Đm xịn Rin rì zin áo này chiếc thứ 7 của shop gòy nhá khỏi bàn!",positive
2157528610,"Phải nói là Tr lúc đặt sợ phèn mặc zô quay xe xoạch cái ưng wá",positive
2157528610,"Trời ui Sản phẩm gia công may mặc cực kỳ tinh xảo. Từ khoảng cách các hạt nút bấm đến độ rủ của phần đuôi áo đều được tính toán kỹ. Lớp lót dày dặn, mặc lên cảm giác khác biệt hoàn toàn.",positive
2157528610,"Phải nói là Năm thua đánh cược tưởng xấu hoá ra cháy xe vl, tui là quay xe liền.",positive
2157528610,"Trời ui Nhận xu lấy ảnh review ko liên qan đẹp nha 😍😍😍🫰",positive
2520429511,"Rút lại đánh giá 1 sao hm bửa cmt vội nha nay mặc ốc zề đẹp tr",positive
2520429511,"Trời đựu Shipper ném bịch đồ như ăn mày v, mất cảm tình ghê.",negative
2520429511,"Làm ăn chán, Giao hàng qua mây thế kỷ hả thề đ bao h mua lại do giao siêu chậm",negative
2520429511,"Trời đựu Shipper như cha nội ngta chửi tục chê shop tồi",negative
2520429511,"Đm xịn Tóp tóp review khen tới tấp idol dạo này mặc hoài nay mua mua đi xịn",positive
2520429511,"Làm ăn chán, Shop làm ăn lôm côm chốt nhầm màu kêu đổi thì seen mất hút",negative
2520429511,"Cô chú mua cho con rai ướm dịp cưới thằng a nhà rất dễ mặc sờ mát",positive
2520429511,"Khùng hả Chỉ thừa lòi tua tủa vứt mẹ đi thà đừng bán. Cắt khâu méo xệch.",negative
2520429511,"Vì yêu mà đến, vì áo mà cmt. Đáng muaaaa nha mấy má",positive
2520429511,"Eo ôi Hộp bị đè nát bét lúc nhận cũng cáu vãi nhma hên áo trong may kỹ sờ vải sướng chứ k trả cmn hàng r",positive
2520429511,"Cọc K phàn nàn áo nhma bưu tá láo toét trừ điẻm chổ đó nhaz",negative
2520429511,"Bác mua cho cháu mặc dự hội diễn, dáng form ổn phết mn nên mua.",positive
2520429511,"Khùng hả Cc gì áo form cc j rộng thùng thình bơi trong này hả 💀",negative
2520429511,"Áo vest mẹ j giẻ rách nhăn dúm dó. Cắt xén vải đến nổi ngắn cũn cỡn bực bội",negative
2520429511,"Tuyệt a'o dẹp lúm mngg",positive
2520429511,"Eo ôi Bầu trời hnay trong xanh còn áo này đẹp k góc chết nha tr",positive
2520429511,"Phải nói là Nhà có đám nên cháu chọn giùm bác cái áo này, bận vào nom cũng trẻ ra chục tủi v haha tư vấn rất kỹ đoá",positive
2520429511,"Khùng hả Áo đứt ngay cái khuy đầu tao bắt đền tức điên xui tận mạng",negative
2520429511,"Tức á, Dm lm ăn cc giao dơ cái nách áo lz",negative
2520429511,"Cọc Quần áo may kiểu j lệch cả vạt, giặt qua 1 nước thành khăn luôn chứ ở đấy mà vest",negative
2520429511,"Trời đựu Xui dính hàng lỗi bị hộc một đường hông lưng 💀 shop làm ăn v mốt ai dám vào",negative
2520429511,"Cọc Dm lm ăn cc giao dơ cái nách áo lz",negative
2520429511,"Cọc Vãi cặc vừa lỏng lẻo vừa sứt chỉ dẹpppppp",negative
2520429511,"Trời đựu Ko lộng lẫy như tiktoker múa đâu mng áo xỉn nàu",negative
2520429511,"Eo ôi okela lúm foem dc wa' chời wa' dắc lun pạn ui",positive
2520429511,"Đm xịn xink wa troi uiii",positive
2520429511,"Trời ui Bỏ đồng tiền ra ko thấy tiếc tí nào ngon bổ rẻ ok",positive
2520429511,"xịm so' a'c mik wá tr ưng troy uii",positive
2520429511,"Cọc Ghi lộn mã bận éo vừa nhắn hỗ trợ tư vấn ngu như con bò, dẹp",negative
2520429511,"Eo ôi Tiền ít mà hít mâm cỗ thơm nha mấy ni, đáng tiền",positive
3012949968,"K phàn nàn áo nhma bưu tá láo toét trừ điẻm chổ đó nhaz",negative
3012949968,"Đm xịn Mua cho nyc bận đi dự prom kỷ yếu ổng khoái quá trời haha",positive
3012949968,"Quần áo may kiểu j lệch cả vạt, giặt qua 1 nước thành khăn luôn chứ ở đấy mà vest",negative
3012949968,"Khùng hả Giao hàng qua mây thế kỷ hả thề đ bao h mua lại do giao siêu chậm",negative
3012949968,"Cọc Ghi lộn mã bận éo vừa nhắn hỗ trợ tư vấn ngu như con bò, dẹp",negative
3012949968,"Tức á, Kỳ vọng 1 nẻo ngoài 1 nẻo, màu trên hình nâu sáng mà ngoài rêu tối xỉn, chê",negative
3012949968,"Khùng hả Nhanh cái tay hoàn tiền cái mua size XL nó giao L lác cmn lòi",negative
3012949968,"Cọc Áo Ok mà bọc nhăn nheo hộc giấy móp cáu",negative
3012949968,"Tuyệt Một cây làm chẳng nên non ba cây chụm lại áo quá ngon. Áo xịn nha",positive
3012949968,"Phải nói là Áo đẹp ảnh để kiếm xí xu đừng quan tâm nha hahaha",positive
3012949968,"Eo ôi Sản phẩm gia công may mặc cực kỳ tinh xảo. Từ khoảng cách các hạt nút bấm đến độ rủ của phần đuôi áo đều được tính toán kỹ. Lớp lót dày dặn, mặc lên cảm giác khác biệt hoàn toàn.",positive
3012949968,"Trời ui Nghe lăng xê mua quẫy bắt chước mà thấy củng xinh hú hồn nghen mng",positive
3012949968,"Tuyệt Cô chú mua cho con rai ướm dịp cưới thằng a nhà rất dễ mặc sờ mát",positive
3012949968,"dep xiu nha",positive
3012949968,"Eo ôi Cưới nyc ối dồi ôi bận áo này nó còn phải tị",positive
3012949968,"Đm xịn Tiền ít mà hít mâm cỗ thơm nha mấy ni, đáng tiền",positive
3012949968,"Trời đựu Hàng việt nam may cẩu thả v so với quảng châu là thua thuaaaaa",negative
3012949968,"Tức á, Shop làm ăn lôm côm chốt nhầm màu kêu đổi thì seen mất hút",negative
3012949968,"Tuyệt out trình với mấy con áo cũ lun sếnnnn",positive
3012949968,"Anh đi anh nhớ quê nhà nhớ canh rau muống nhớ shop bán áo xinh",positive
3012949968,"Trời ui Bầu trời hnay trong xanh còn áo này đẹp k góc chết nha tr",positive
3012949968,"Nhận xu lấy ảnh review ko liên qan đẹp nha 😍😍😍🫰",positive
3012949968,"Cọc Shipper như cha nội ngta chửi tục chê shop tồi",negative
3012949968,"Phải nói là Sợ mỏng ai ngờ lỡ tay thấy dày khự hehe 10 điểmm",positive
3012949968,"keo lỳ form boxy sành điệu xịn hahahaha",positive
3012949968,"hàng bình dân nhưng mặc lên rất ra dáng, đồng tiền bát gạo chớ k đùa",positive
3012949968,"Shipper ném bịch đồ như ăn mày v, mất cảm tình ghê.",negative
3033384663,"Cọc Shop làm ăn lôm côm chốt nhầm màu kêu đổi thì seen mất hút",negative
3033384663,"Eo ôi Cmt lấy xu nha mng ơi 😂💀💀💀🤡",positive
3033384663,"Tuyệt Khách ruột là đây chứ đâun ra mẫu mới là đớp êm ru",positive
3033384663,"Cọc Shipper như cha nội ngta chửi tục chê shop tồi",negative
3033384663,"Eo ôi sp ok nha mn",positive
3033384663,"Trời ui Cô chú mua cho con rai ướm dịp cưới thằng a nhà rất dễ mặc sờ mát",positive
3033384663,"Làm ăn chán, Kỳ vọng 1 nẻo ngoài 1 nẻo, màu trên hình nâu sáng mà ngoài rêu tối xỉn, chê",negative
3033384663,"Châm ngôn sắm đồ bận quẫy bận cưới chỉ lựa shop nay vì chưa bg lm tui that dzọng",positive
3033384663,"Cọc Dm lm ăn cc giao dơ cái nách áo lz",negative
3033384663,"xỉu up xỉu down ố dề mê đỉ nh 🤡🤡",positive
3033384663,"Trời đựu Ghi lộn mã bận éo vừa nhắn hỗ trợ tư vấn ngu như con bò, dẹp",negative
3033384663,"Eo ôi xog mớ a'o này zui lúm mĩ mãn gòyyyy",positive
3033384663,"Chỉ thừa lòi tua tủa vứt mẹ đi thà đừng bán. Cắt khâu méo xệch.",negative
3033384663,"Phải nói là Bầu trời hnay trong xanh còn áo này đẹp k góc chết nha tr",positive
3033384663,"Đm xịn xịm so' a'c mik wá tr ưng troy uii",positive
3033384663,"Rin rì zin áo này chiếc thứ 7 của shop gòy nhá khỏi bàn!",positive
3033384663,"Vải nóng vã mồ hôi như áo ni lông, form thì chảy xệ bực mk.",negative
3033384663,"Làm ăn chán, hình thì photoshop cho cố r nhận về k khác cái bao rác đùm dzô v á",negative
3033384663,"Đm xịn Sợ mỏng ai ngờ lỡ tay thấy dày khự hehe 10 điểmm",positive
3033384663,"Đm xịn Nhận xu lấy ảnh review ko liên qan đẹp nha 😍😍😍🫰",positive
3033384663,"Đm xịn Rút lại đánh giá 1 sao hm bửa cmt vội nha nay mặc ốc zề đẹp tr",positive
3033384663,"Đm xịn Cưới nyc ối dồi ôi bận áo này nó còn phải tị",positive
3033384663,"Sắm lễ phục cho chồng diện tiệc cưới ưng mắt mng nức nở khen",positive
3033384663,"Làm ăn chán, Đen đủi dính cục dơ đằng lưng nhắn k ai bắt máy, dẹp !!",negative
3033384663,"Khâu đóng gói như cái mớ rế bao rách tùm lum móp méo nhưng thui vớt vát lại form áo cắt điêu luyện mặc tôn sáng 5 sao nhen.",positive
3033384663,"Năm thua đánh cược tưởng xấu hoá ra cháy xe vl, tui là quay xe liền.",positive
2417039865,"Cọc hình thì photoshop cho cố r nhận về k khác cái bao rác đùm dzô v á",negative
2417039865,"Tuyệt Nhà có đám nên cháu chọn giùm bác cái áo này, bận vào nom cũng trẻ ra chục tủi v haha tư vấn rất kỹ đoá",positive
2417039865,"Trời ui Nhà có đám nên cháu chọn giùm bác cái áo này, bận vào nom cũng trẻ ra chục tủi v haha tư vấn rất kỹ đoá",positive
2417039865,"Phải nói là Shipper giao hơi khuya gọi ồn ào nhưng mở ra sờ chất phi lụa mát rượi mát tay lên form đẹp là dịu cơn bực liền.",positive
2417039865,"Tiền ít mà hít mâm cỗ thơm nha mấy ni, đáng tiền",positive
2417039865,"Tuyệt Giá này thì miễn bàn r rẻ mà xịn",positive
2417039865,"Đm xịn Sắm lễ phục cho chồng diện tiệc cưới ưng mắt mng nức nở khen",positive
2417039865,"Trời ui hàng bình dân nhưng mặc lên rất ra dáng, đồng tiền bát gạo chớ k đùa",positive
2417039865,"vất xó so áo mấy chục tệ bên QC ngta vẫn tỉ mỉ hộc xịn xò 10 lần",negative
2417039865,"Tức á, Ko lộng lẫy như tiktoker múa đâu mng áo xỉn nàu",negative
2417039865,"Phải nói là Anh đi anh nhớ quê nhà nhớ canh rau muống nhớ shop bán áo xinh",positive
2417039865,"Phải nói là Hộp bị đè nát bét lúc nhận cũng cáu vãi nhma hên áo trong may kỹ sờ vải sướng chứ k trả cmn hàng r",positive
2417039865,"Đm xịn Tóp tóp review khen tới tấp idol dạo này mặc hoài nay mua mua đi xịn",positive
2417039865,"Trời đựu Kỳ vọng 1 nẻo ngoài 1 nẻo, màu trên hình nâu sáng mà ngoài rêu tối xỉn, chê",negative
2417039865,"Đm xịn Cô chú mua cho con rai ướm dịp cưới thằng a nhà rất dễ mặc sờ mát",positive
2417039865,"Phải nói là Nghe lăng xê mua quẫy bắt chước mà thấy củng xinh hú hồn nghen mng",positive
2417039865,"Tuyệt keo lỳ form boxy sành điệu xịn hahahaha",positive
2417039865,"Tr lúc đặt sợ phèn mặc zô quay xe xoạch cái ưng wá",positive
2417039865,"Eo ôi XU xiu xu xu lấy clip ko liên quan up lên húp xèng 😍👍",positive
2417039865,"Đm xịn Đu trend tóp tóp thấy ai cũng mặc đu theo và dính thiệt áo xinh qué",positive
2417039865,"Trời ui ung lam ne",positive
2417039865,"Khùng hả K bằng góc đồ taobao trc mua đắt mà phễu ghê v nha",negative
2417039865,"Trời ui Nhà có đám nên cháu chọn giùm bác cái áo này, bận vào nom cũng trẻ ra chục tủi v haha tư vấn rất kỹ đoá",positive
2417039865,"Làm ăn chán, K phàn nàn áo nhma bưu tá láo toét trừ điẻm chổ đó nhaz",negative
2912419402,"Shipper giao hơi khuya gọi ồn ào nhưng mở ra sờ chất phi lụa mát rượi mát tay lên form đẹp là dịu cơn bực liền.",positive
2912419402,"Cọc Shipper ném bịch đồ như ăn mày v, mất cảm tình ghê.",negative
2912419402,"Đm xịn Châm ngôn sắm đồ bận quẫy bận cưới chỉ lựa shop nay vì chưa bg lm tui that dzọng",positive
2912419402,"Eo ôi a'o dẹp lúm mngg",positive
2912419402,"Dm lm ăn cc giao dơ cái nách áo lz",negative
2912419402,"Trời đựu Shipper như cha nội ngta chửi tục chê shop tồi",negative
2912419402,"Trời đựu Vãi cặc vừa lỏng lẻo vừa sứt chỉ dẹpppppp",negative
2912419402,"Tuyệt Rút lại đánh giá 1 sao hm bửa cmt vội nha nay mặc ốc zề đẹp tr",positive
2912419402,"Đm xịn đỉnh cow chóp lun slay quá chừng kiki",positive
2912419402,"Đm xịn Tr lúc đặt sợ phèn mặc zô quay xe xoạch cái ưng wá",positive
2912419402,"Vải nóng vã mồ hôi như áo ni lông, form thì chảy xệ bực mk.",negative
2912419402,"Tuyệt xỉu up xỉu down ố dề mê đỉ nh 🤡🤡",positive
2912419402,"Cọc K phàn nàn áo nhma bưu tá láo toét trừ điẻm chổ đó nhaz",negative
2912419402,"Tuyệt Nghe lăng xê mua quẫy bắt chước mà thấy củng xinh hú hồn nghen mng",positive
2912419402,"Trời đựu Nhanh cái tay hoàn tiền cái mua size XL nó giao L lác cmn lòi",negative
2912419402,"Tức á, Đen đủi dính cục dơ đằng lưng nhắn k ai bắt máy, dẹp !!",negative
2912419402,"Cọc Áo Ok mà bọc nhăn nheo hộc giấy móp cáu",negative
2912419402,"out trình với mấy con áo cũ lun sếnnnn",positive
2912419402,"Eo ôi xog mớ a'o này zui lúm mĩ mãn gòyyyy",positive
2912419402,"Khùng hả K bằng góc đồ taobao trc mua đắt mà phễu ghê v nha",negative
2912419402,"Khùng hả vất xó so áo mấy chục tệ bên QC ngta vẫn tỉ mỉ hộc xịn xò 10 lần",negative
2912419402,"Làm ăn chán, Quần áo may kiểu j lệch cả vạt, giặt qua 1 nước thành khăn luôn chứ ở đấy mà vest",negative
2912419402,"Eo ôi Khâu đóng gói như cái mớ rế bao rách tùm lum móp méo nhưng thui vớt vát lại form áo cắt điêu luyện mặc tôn sáng 5 sao nhen.",positive
2912419402,"Tuyệt hàng bình dân nhưng mặc lên rất ra dáng, đồng tiền bát gạo chớ k đùa",positive
2912419402,"Làm ăn chán, Giao hàng qua mây thế kỷ hả thề đ bao h mua lại do giao siêu chậm",negative
2912419402,"Tức á, Xui dính hàng lỗi bị hộc một đường hông lưng 💀 shop làm ăn v mốt ai dám vào",negative
2912419402,"Tuyệt Năm thua đánh cược tưởng xấu hoá ra cháy xe vl, tui là quay xe liền.",positive
2912419402,"Tức á, Xui dính hàng lỗi bị hộc một đường hông lưng 💀 shop làm ăn v mốt ai dám vào",negative
2912419402,"Phải nói là Bác mua cho cháu mặc dự hội diễn, dáng form ổn phết mn nên mua.",positive
2912419402,"Trời đựu Hàng việt nam may cẩu thả v so với quảng châu là thua thuaaaaa",negative
2912419402,"Tức á, Áo đứt ngay cái khuy đầu tao bắt đền tức điên xui tận mạng",negative
2912419402,"Cọc Giao hàng qua mây thế kỷ hả thề đ bao h mua lại do giao siêu chậm",negative
2912419402,"Cọc Cc gì áo form cc j rộng thùng thình bơi trong này hả 💀",negative
2912419402,"vất xó so áo mấy chục tệ bên QC ngta vẫn tỉ mỉ hộc xịn xò 10 lần",negative
2912419402,"Tức á, Ghi lộn mã bận éo vừa nhắn hỗ trợ tư vấn ngu như con bò, dẹp",negative
2912419402,"Shop làm ăn lôm côm chốt nhầm màu kêu đổi thì seen mất hút",negative
3315764977,"Eo ôi Form blazer thiết kế xuất sắc trong tầm giá. Tay áo cắt đo tỉ lệ chuẩn, lót lụa mềm tay, nếp ve áo sắc nét. Nhìn chung rất phù hợp cho môi trường công sở sang trọng.",positive
3315764977,"Cọc Hàng việt nam may cẩu thả v so với quảng châu là thua thuaaaaa",negative
3315764977,"Khùng hả hình thì photoshop cho cố r nhận về k khác cái bao rác đùm dzô v á",negative
3315764977,"Nhanh cái tay hoàn tiền cái mua size XL nó giao L lác cmn lòi",negative
3315764977,"Trời đựu Giao hàng qua mây thế kỷ hả thề đ bao h mua lại do giao siêu chậm",negative
3315764977,"Làm ăn chán, Vải nóng vã mồ hôi như áo ni lông, form thì chảy xệ bực mk.",negative
3315764977,"Shipper ném bịch đồ như ăn mày v, mất cảm tình ghê.",negative
3315764977,"Phải nói là xog mớ a'o này zui lúm mĩ mãn gòyyyy",positive
3315764977,"Tức á, Vãi cặc vừa lỏng lẻo vừa sứt chỉ dẹpppppp",negative
3315764977,"Vãi cặc vừa lỏng lẻo vừa sứt chỉ dẹpppppp",negative
3315764977,"Kỳ vọng 1 nẻo ngoài 1 nẻo, màu trên hình nâu sáng mà ngoài rêu tối xỉn, chê",negative
3315764977,"Làm ăn chán, K phàn nàn áo nhma bưu tá láo toét trừ điẻm chổ đó nhaz",negative
3315764977,"Đen đủi dính cục dơ đằng lưng nhắn k ai bắt máy, dẹp !!",negative
3315764977,"Khùng hả Cc gì áo form cc j rộng thùng thình bơi trong này hả 💀",negative
3315764977,"Cọc Kỳ vọng 1 nẻo ngoài 1 nẻo, màu trên hình nâu sáng mà ngoài rêu tối xỉn, chê",negative
3315764977,"Cọc Đen đủi dính cục dơ đằng lưng nhắn k ai bắt máy, dẹp !!",negative
3315764977,"Cọc Áo đứt ngay cái khuy đầu tao bắt đền tức điên xui tận mạng",negative
3315764977,"Xui dính hàng lỗi bị hộc một đường hông lưng 💀 shop làm ăn v mốt ai dám vào",negative
3315764977,"Tức á, vất xó so áo mấy chục tệ bên QC ngta vẫn tỉ mỉ hộc xịn xò 10 lần",negative
3315764977,"Cọc Chỉ thừa lòi tua tủa vứt mẹ đi thà đừng bán. Cắt khâu méo xệch.",negative
3315764977,"Tức á, Xui dính hàng lỗi bị hộc một đường hông lưng 💀 shop làm ăn v mốt ai dám vào",negative
3315764977,"Ko lộng lẫy như tiktoker múa đâu mng áo xỉn nàu",negative
3315764977,"Cọc Shipper như cha nội ngta chửi tục chê shop tồi",negative
3315764977,"Trời đựu K bằng góc đồ taobao trc mua đắt mà phễu ghê v nha",negative
3315764977,"Khùng hả Dm lm ăn cc giao dơ cái nách áo lz",negative
3315764977,"Đm xịn Mua đi event công ty tự dưng thành trung tâm ánh nhìn á",positive
3315764977,"Khùng hả Áo Ok mà bọc nhăn nheo hộc giấy móp cáu",negative
3315764977,"Tức á, Áo vest mẹ j giẻ rách nhăn dúm dó. Cắt xén vải đến nổi ngắn cũn cỡn bực bội",negative
3200279008,"Cọc Xui dính hàng lỗi bị hộc một đường hông lưng 💀 shop làm ăn v mốt ai dám vào",negative
3200279008,"xịm so' a'c mik wá tr ưng troy uii",positive
3200279008,"Làm ăn chán, Kỳ vọng 1 nẻo ngoài 1 nẻo, màu trên hình nâu sáng mà ngoài rêu tối xỉn, chê",negative
3200279008,"Trời ui Nhận xu lấy ảnh review ko liên qan đẹp nha 😍😍😍🫰",positive
3200279008,"Đm xịn okela lúm foem dc wa' chời wa' dắc lun pạn ui",positive
3200279008,"Eo ôi xog mớ a'o này zui lúm mĩ mãn gòyyyy",positive
3200279008,"Phải nói là Nghe lăng xê mua quẫy bắt chước mà thấy củng xinh hú hồn nghen mng",positive
3200279008,"Trời ui Đường may áo sắc sảo, ve cổ chữ chữ V thanh thoát tôn dáng mạnh mẽ, đệm vai chắc tay và đặc biệt đường kim mũi chỉ phía eo sau đo chiết chuẩn xác.",positive
3200279008,"Tuyệt Khâu đóng gói như cái mớ rế bao rách tùm lum móp méo nhưng thui vớt vát lại form áo cắt điêu luyện mặc tôn sáng 5 sao nhen.",positive
3200279008,"Trời đựu Shipper ném bịch đồ như ăn mày v, mất cảm tình ghê.",negative
3200279008,"Làm ăn chán, Đen đủi dính cục dơ đằng lưng nhắn k ai bắt máy, dẹp !!",negative
3200279008,"Tức á, Ghi lộn mã bận éo vừa nhắn hỗ trợ tư vấn ngu như con bò, dẹp",negative
3200279008,"Trời đựu K phàn nàn áo nhma bưu tá láo toét trừ điẻm chổ đó nhaz",negative
3200279008,"Tức á, Chỉ thừa lòi tua tủa vứt mẹ đi thà đừng bán. Cắt khâu méo xệch.",negative
3200279008,"Tiền ít mà hít mâm cỗ thơm nha mấy ni, đáng tiền",positive
3200279008,"Trời đựu Áo Ok mà bọc nhăn nheo hộc giấy móp cáu",negative
3200279008,"Làm ăn chán, K phàn nàn áo nhma bưu tá láo toét trừ điẻm chổ đó nhaz",negative
3200279008,"Phải nói là Bỏ đồng tiền ra ko thấy tiếc tí nào ngon bổ rẻ ok",positive
3200279008,"Eo ôi tot okila",positive
3200279008,"Cọc Giao hàng qua mây thế kỷ hả thề đ bao h mua lại do giao siêu chậm",negative
3200279008,"Eo ôi xỉu up xỉu down ố dề mê đỉ nh 🤡🤡",positive
3200279008,"10 đỉm cho gấc keo lỳ nha mí bà iu xỉu xỉu",positive
3200279008,"Trời ui foom j day dep vai~ chuong mng kkk",positive
3200279008,"Trời ui XU xiu xu xu lấy clip ko liên quan up lên húp xèng 😍👍",positive
3200279008,"Cọc Dm lm ăn cc giao dơ cái nách áo lz",negative
3200279008,"Tức á, Ko lộng lẫy như tiktoker múa đâu mng áo xỉn nàu",negative
3200279008,"Tức á, Áo vest mẹ j giẻ rách nhăn dúm dó. Cắt xén vải đến nổi ngắn cũn cỡn bực bội",negative
3200279008,"Tức á, Cc gì áo form cc j rộng thùng thình bơi trong này hả 💀",negative
3200279008,"Trời đựu hình thì photoshop cho cố r nhận về k khác cái bao rác đùm dzô v á",negative
3200279008,"Shipper như cha nội ngta chửi tục chê shop tồi",negative
3200279008,"Vãi cặc vừa lỏng lẻo vừa sứt chỉ dẹpppppp",negative
3200279008,"Tuyệt sp ok nha mn",positive
3200279008,"Bác mua cho cháu mặc dự hội diễn, dáng form ổn phết mn nên mua.",positive
3200279008,"Eo ôi Shipper giao hơi khuya gọi ồn ào nhưng mở ra sờ chất phi lụa mát rượi mát tay lên form đẹp là dịu cơn bực liền.",positive
3200279008,"Đm xịn Rút lại đánh giá 1 sao hm bửa cmt vội nha nay mặc ốc zề đẹp tr",positive
3200279008,"Cọc Nhanh cái tay hoàn tiền cái mua size XL nó giao L lác cmn lòi",negative
3200279008,"Đm xịn xink wa troi uiii",positive
3200279008,"Eo ôi Giá này thì miễn bàn r rẻ mà xịn",positive
3200279008,"Trời ui Cmt lấy xu nha mng ơi 😂💀💀💀🤡",positive
2336787375,"Đm xịn Cưới nyc ối dồi ôi bận áo này nó còn phải tị",positive
2336787375,"Trời ui Cô chú mua cho con rai ướm dịp cưới thằng a nhà rất dễ mặc sờ mát",positive
2336787375,"Trời ui dep xiu nha",positive
2336787375,"Đm xịn xog mớ a'o này zui lúm mĩ mãn gòyyyy",positive
2336787375,"Tức á, Quần áo may kiểu j lệch cả vạt, giặt qua 1 nước thành khăn luôn chứ ở đấy mà vest",negative
2336787375,"Tức á, Xui dính hàng lỗi bị hộc một đường hông lưng 💀 shop làm ăn v mốt ai dám vào",negative
2336787375,"Trời ui Bác mua cho cháu mặc dự hội diễn, dáng form ổn phết mn nên mua.",positive
2336787375,"Đm xịn Vì yêu mà đến, vì áo mà cmt. Đáng muaaaa nha mấy má",positive
2336787375,"Đu trend tóp tóp thấy ai cũng mặc đu theo và dính thiệt áo xinh qué",positive
2336787375,"Eo ôi 10 đỉm cho gấc keo lỳ nha mí bà iu xỉu xỉu",positive
2336787375,"Đóng bọng mỏng như tờ giấy lúc bóc cứ sợ cắt trúng áo nhưng mà may ko sao. Áo chuẩn form đẹp nên gỡ gạc xí điểm cho shop.",positive
2336787375,"Hàng việt nam may cẩu thả v so với quảng châu là thua thuaaaaa",negative
2336787375,"Cc gì áo form cc j rộng thùng thình bơi trong này hả 💀",negative
2336787375,"Phải nói là Sợ mỏng ai ngờ lỡ tay thấy dày khự hehe 10 điểmm",positive
2336787375,"Tuyệt Sắm lễ phục cho chồng diện tiệc cưới ưng mắt mng nức nở khen",positive
2336787375,"Phải nói là Tiền ít mà hít mâm cỗ thơm nha mấy ni, đáng tiền",positive
2336787375,"Khùng hả Ghi lộn mã bận éo vừa nhắn hỗ trợ tư vấn ngu như con bò, dẹp",negative
2336787375,"Khùng hả Chỉ thừa lòi tua tủa vứt mẹ đi thà đừng bán. Cắt khâu méo xệch.",negative
2336787375,"Tức á, K bằng góc đồ taobao trc mua đắt mà phễu ghê v nha",negative
2336787375,"Eo ôi foom j day dep vai~ chuong mng kkk",positive
2336787375,"Khách ruột là đây chứ đâun ra mẫu mới là đớp êm ru",positive
2336787375,"Cọc hình thì photoshop cho cố r nhận về k khác cái bao rác đùm dzô v á",negative
13316977353,"Đm ak vest form ảo lòi chướng mắt",negative
13316977353,"Chùi ui tôn dáng vãi nhái nha",positive
13316977353,"vừa y luôn á kkk",positive
13316977353,"Đỉnh mặc công sở okla lắm kkk",positive
13316977353,"Thích thật đóng gói cẩn thận á",positive
13316977353,"Ối giời màu ở ngoài xỉn muốn khóc 😡",negative
13316977353,"Cứu sale ảo vừa thôi ạ",negative
13316977353,"Eo ôi đjp quéo cờ 😍",positive
13316977353,"Chùi ui mặc chill phết xỉu =)))",positive
13316977353,"Á đù hàng ẻ kkk nha mí bà iu",positive
13316977353,"Thích thật phối 2 màu nịnh mắt ghê nha mí bà iu",positive
13316977353,"vải mỏng te ạ",negative
13316977353,"Đỉnh mặc lên dáng đỉnh vcl 💯",positive
13316977353,"10 điểm mặc chill phết nà",positive
13316977353,"Cứu khâu đóng gói như mớ rế ạ",negative
13316977353,"Má áo vest form ảo lòi nha cừu",negative
13316977353,"Eo ôi chất vải xịn đét 💯",positive
13316977353,"Á đù mặc lên dáng đỉnh vcl xỉu =)))",positive
13316977353,"Móa phối 2 màu nịnh mắt ghê luôn",positive
13316977353,"đóng gói cẩn thận 💯",positive
13316977353,"giá này mua phí tiền trờ owi",negative
13319816872,"Thất vọng chất mỏng te vcl",negative
13319816872,"Thích thật hàng ẻ kkk nà",positive
13319816872,"Eo ôi chất vải xịn đét á",positive
13319816872,"Vl sale ảo vừa thôi thua",negative
13319816872,"10 điểm mặc chill phết nha",positive
13319816872,"Sợ hãi giao nhầm mẹ màu chướng mắt",negative
13319816872,"chán k giống hình xíu nào :((",negative
13319816872,"Thích thật hàng ẻ kkk xỉu =)))",positive
13319816872,"áo vest form ảo lòi nha cừu",negative
13319816872,"Má màu ở ngoài xỉn muốn khóc :((",negative
13319816872,"Eo ôi mặc lên dáng đỉnh vcl luôn",positive
13319816872,"Á đù mặc lên dáng đỉnh vcl á",positive
13319816872,"Thích thật mặc chill phết xỉu =)))",positive
13319816872,"Chán đường may cẩu thả vãi trờ owi",negative
13319816872,"Má tay áo 2 bên bị lệch chướng mắt",negative
13319816872,"Đm cúc áo sắp rụng",negative
13319816872,"form hàn xẻng vcl 😍",positive
13319816872,"Á đù vải caro lỳ xịn xò kkk",positive
13319816872,"Trời vực màu ở ngoài xỉn muốn khóc nha cừu",negative
13319816872,"Thề luôn mua trúng shop xịn r 😍",positive
13319816872,"Chùi ui chất vải xịn đét luôn",positive
13319816872,"Chán k giống hình xíu nào chướng mắt",negative
13319816872,"Chùi ui mặc công sở okla lắm nha",positive
13319816872,"Đm form phèn ẻ chướng mắt",negative
13319816872,"khâu đóng gói như mớ rế trờ owi",negative
13319816872,"Thất vọng shop rep chậm hơn rùa chướng mắt",negative
13319816872,"10 điểm form hàn xẻng vcl 😍",positive
13319816872,"Chời ơi mặc chill phết xỉu =)))",positive
13319816872,"Vl k giống hình xíu nào trờ owi",negative
13319816872,"Má tay áo 2 bên bị lệch 😡",negative
13319816872,"khâu đóng gói như mớ rế thua",negative
13319816872,"Đm màu ở ngoài xỉn muốn khóc nha shop ơi",negative
13319816872,"10 điểm nhìn sang mún xỉu nha",positive
13319816872,"Đm tay áo 2 bên bị lệch chướng mắt",negative
13319816872,"vải caro lỳ xịn xò ^^",positive
13319816872,"ak vest form ảo lòi chán",negative
13319816872,"Đỉnh hàng ẻ kkk á",positive
13319816872,"cứu cúc áo sắp rụng chướng mắt",negative
13319816872,"giao nhầm mẹ màu chướng mắt",negative
13319816872,"Đỉnh tôn dáng vãi nhái á",positive
13319375651,"móa chất thô dạ k bị cứng ^^",positive
13319375651,"hơi nhăn ạ",negative
13319375651,"Móa đẹp quéo cờ ^^",positive
13319375651,"Đỉnh mặc chill phết kkk",positive
13319375651,"đường may cẩu thả v~ chán",negative
13319375651,"đẹp quéo cờ ^^",positive
13319375651,"mặc chill phết",positive
13319375651,"Chán form phèn ẻ nha cừu",negative
13319375651,"Cứu vai chật ních thua",negative
13319375651,"Thích thật vừa y luôn á xỉu =)))",positive
13319375651,"chất vải xịn đét á",positive
13319375651,"Thề luôn size chuẩn đét 💯",positive
13319375651,"chỉ thừa cả đống chán",negative
13319375651,"vl giá này mua phí tiền ạ",negative
13319375651,"Vl k giống hình xíu nào :((",negative
13319375651,"hàng ẻ kkk",positive
13319375651,"k giống hình xíu nào ạ",negative
13319375651,"Thề luôn đóng gói cẩn thận 😍",positive
13319375651,"Đm tay áo 2 bên bị lệch :((",negative
13319375651,"Má shop rep chậm hơn rùa chán",negative
13319375651,"shop rep chậm hơn rùa",negative
13319375651,"Thất vọng chất mỏng te chán",negative
13319375651,"Vl chỉ thừa cả đống trờ owi",negative
13319375651,"Móa chất thô dạ k bị cứng 💯",positive
13319375651,"Cứu k giống hình xíu nào vcl",negative
13319375651,"Trời vực màu ở ngoài xỉn muốn khóc chướng mắt",negative
13319375651,"cứu cúc áo sắp rụng nha cừu",negative
13319375651,"Ối giời chất ni lông nóng chảy mỡ chán",negative
13319375651,"Cứu chất ni lông nóng chảy mỡ chán",negative
13319375651,"Á đù cái cổ lá sen lạ phết luôn",positive
13319375651,"Chời ơi form hàn xẻng vcl á",positive
13319375651,"giao nhầm mẹ màu chướng mắt",negative
13319375651,"Trời vực màu ở ngoài xỉn muốn khóc trờ owi",negative
13319375651,"giá này mua phí tiền thua",negative
3279108895,"Thất vọng đường may cẩu thả vãi ạ",negative
3279108895,"Chùi ui nhìn sang mún xỉu 💯",positive
3279108895,"Ối giời chỉ thừa cả đống nha cừu",negative
3279108895,"Móa đóng gói cẩn thận luôn",positive
3279108895,"Má khâu đóng gói như mớ rế vcl",negative
3279108895,"đỉnh mua trúng shop xịn r kkk",positive
3279108895,"Vl áo vest form ảo lòi 😡",negative
3279108895,"Chời ơi đúng gu tui 😍",positive
3279108895,"hàng ẻ kkk kkk",positive
3279108895,"đỉnh size chuẩn đét ^^",positive
3279108895,"Thề luôn mua trúng shop xịn r xỉu =)))",positive
3279108895,"Á đù mua trúng shop xịn r nha mí bà iu",positive
3279108895,"mặc lên dáng đỉnh vcl nha mí bà iu",positive
3279108895,"mặc chill phết nha mí bà iu",positive
3279108895,"màu ở ngoài xỉn muốn khóc trờ owi",negative
3279108895,"Cứu form phèn ẻ ạ",negative
3279108895,"Cứu chỉ thừa cả đống trờ owi",negative
3279108895,"Má mặc lên trông già đi chục tuổi nha cừu",negative
3279108895,"Thề luôn form hàn xẻng vcl",positive
3279108895,"form phèn ẻ vcl",negative
3279108895,"thích thật cái cổ lá sen lạ phết á",positive
3279108895,"Vl mặc lên trông già đi chục tuổi",negative
3279108895,"10 điểm chất chất xịn đét nha",positive
3279108895,"chời ơi form hàn xẻng vcl xỉu =)))",positive
3279108895,"Thề luôn tôn dáng vãi nhái á",positive
3279108895,"Thất vọng áo vest form ảo lòi chướng mắt",negative
3279108895,"làm ăn chán dzậy ạ",negative
3279108895,"Ối giời chỉ thừa cả đống chán",negative
3279108895,"vai chật ních",negative
3279108895,"Chán hơi nhăn 😡",negative
3279108895,"cứu shop rep chậm hơn rùa chán",negative
3279108895,"Chán chất ni lông nóng chảy mỡ chán",negative
3279108895,"Chán k giống hình xíu nào trờ owi",negative
3279108895,"Má mặc lên trông già đi chục tuổi chán",negative
3279108895,"Thất vọng hơi nhăn chướng mắt",negative
3279108895,"Chùi ui mua trúng shop xịn r nha mí bà iu",positive
3279108895,"vai chật ních ạ",negative
3279108895,"mặc bí bách vl chán",negative
3279108895,"chán giao nhầm mẹ màu 😡",negative
3210156628,"Má đường may cẩu thả vãi vcl",negative
3210156628,"Thất vọng chất ni lông nóng chảy mỡ nha shop ơi",negative
3210156628,"Á đù size chuẩn đét 😍",positive
3210156628,"Trời vực làm ăn chán thế nha cừu",negative
3210156628,"mặc công sở okla lắm á",positive
3210156628,"shop rep chậm hơn rùa 😡",negative
3210156628,"Má hơi nhăn chướng mắt",negative
3210156628,"Ối giời tay áo 2 bên bị lệch",negative
3210156628,"Á đù mặc công sở okla lắm luôn",positive
3210156628,"đường may cẩu thả vãi thua",negative
3210156628,"Eo ôi hàng ẻ kkk 💯",positive
3210156628,"Thề luôn đúng gu tui luôn",positive
3210156628,"Má mặc lên trông già đi chục tuổi chán",negative
3210156628,"Đỉnh giao hỏa tốc à nha mí bà iu",positive
3210156628,"Chùi ui mặc chill phết 💯",positive
3210156628,"tôn dáng vãi nhái 😍",positive
3210156628,"Má mặc bí bách vl nha cừu",negative
3210156628,"sale ảo vừa thôi vcl",negative
3210156628,"Thề luôn vừa y luôn á",positive
3210156628,"Chùi ui size chuẩn đét ^^",positive
3210156628,"form áo keo lỳ nha",positive
3210156628,"Chùi ui form hàn xẻng vcl nha",positive
3210156628,"chùi ui đẹp quéo cờ luôn",positive
3210156628,"Ối giời khâu đóng gói như mớ rế thua",negative
3210156628,"Đỉnh áo vest này mặc lên ngầu vl nha",positive
3210156628,"thích thật đúng gu tui xỉu =)))",positive
3210156628,"form hàn xẻng vcl nha mí bà iu",positive
3210156628,"chỉ thừa cả đống chướng mắt",negative
1846808922,"Thề luôn nhìn sang mún xỉu nha",positive
1846808922,"thất vọng sale ảo vừa thôi ạ",negative
1846808922,"10 điểm đúng gu tui kkk",positive
1846808922,"Thề luôn form hàn xẻng vcl 💯",positive
1846808922,"trời vực sale ảo vừa thôi :((",negative
1846808922,"Ối giời vai chật ních vcl",negative
1846808922,"Đm áo vest form ảo lòi :((",negative
1846808922,"Chùi ui chất thô dạ k bị cứng nà",positive
1846808922,"Cứu tay áo 2 bên bị lệch chướng mắt",negative
1846808922,"Móa đúng gu tui 😍",positive
1846808922,"10 điểm xịn dã man luôn",positive
1846808922,"Chời ơi form hàn xẻng vcl kkk",positive
1846808922,"mua trúng shop xịn r á",positive
1846808922,"Má mặc bí bách vl trờ owi",negative
1846808922,"thích thật nhìn sang mún xỉu xỉu =)))",positive
1846808922,"Á đù chất thô dạ k bị cứng á",positive
1846808922,"má mặc lên trông già đi chục tuổi ạ",negative
1846808922,"shop rep chậm hơn rùa ạ",negative
1846808922,"Thất vọng làm ăn chán dzậy vcl",negative
1846808922,"xịn dã man á",positive
1846808922,"giao nhầm mẹ màu nha shop ơi",negative
1846808922,"mặc lên dáng đỉnh vcl 💯",positive
1846808922,"Sợ hãi đường may cẩu thả vãi trờ owi",negative
1846808922,"form phèn ẻ",negative
1846808922,"Đm màu ở ngoài xỉn muốn khóc ạ",negative
1846808922,"sợ hãi tay ak 2 bên bị lệch chướng mắt",negative
1846808922,"Chời ơi chất thô dạ k bị cứng nha",positive
1846808922,"Đm k giống hình xíu nào vcl",negative
1846808922,"Chời ơi vải caro lỳ xịn xò nha",positive
1846808922,"Chán làm ăn chán thế vcl",negative
1846808922,"Chán giao nhầm mẹ màu nha shop ơi",negative
1846808922,"Eo ôi size chuẩn đét 😍",positive
2225135819,"thất vọng hơi nhăn nha shop ơi",negative
2225135819,"Đỉnh form hàn xẻng vcl 💯",positive
2225135819,"vừa y luôn á nha",positive
2225135819,"Thích thật đóng gói cẩn thận 😍",positive
2225135819,"Thề luôn cái cổ lá sen lạ phết xỉu =)))",positive
2225135819,"10 điểm áo vest này mặc lên ngầu vl",positive
2225135819,"10 điểm mặc lên dáng đỉnh vcl nha mí bà iu",positive
2225135819,"Chùi ui size chuẩn đét",positive
2225135819,"Đm màu ở ngoài xỉn muốn khóc ạ",negative
2225135819,"vai chật ních trờ owi",negative
2225135819,"mua trúng shop xịn r xỉu =)))",positive
2225135819,"Thề luôn vừa y luôn á kkk",positive
2225135819,"thích thật mặc lên dáng đỉnh vcl luôn",positive
2225135819,"hàng ẻ kkk",positive
2225135819,"Thề luôn đẹp quéo cờ luôn",positive
2225135819,"Chời ơi đúng gu tui nha",positive
2225135819,"Á đù form áo keo lỳ nha nha mí bà iu",positive
2225135819,"Chùi ui đóng gói cẩn thận nà",positive
2225135819,"Vl hơi nhăn trờ owi",negative
2225135819,"Eo ôi tôn dáng vỡi nhái nà",positive
2225135819,"Chùi ui đúng gu tui 💯",positive
2225135819,"10 điểm chất thô dạ k bị cứng luôn",positive
2225135819,"Eo ôi size chuẩn đét á",positive
2225135819,"Thích thật nhìn sang mún xỉu nà",positive
2225135819,"Thích thật đúng gu tui kkk",positive
2225135819,"form hàn xẻng vcl 💯",positive
2225135819,"Thề luôn chất thô dạ k bị cứng 😍",positive
2225135819,"vải caro lỳ xịn xò",positive
2225135819,"Chời ơi xịn dã man ^^",positive
2225135819,"Chời ơi mua trúng shop xịn r á",positive
2225135819,"Chời ơi nhìn sang mún xỉu kkk",positive
2578347828,"form áo keo lỳ nha kkk",positive
2578347828,"Thề luôn vừa y luôn á 😍",positive
2578347828,"mặc chill phết xỉu =)))",positive
2578347828,"Đỉnh hàng ẻ kkk ^^",positive
2578347828,"Chời ơi xịn dã man xỉu =)))",positive
2578347828,"Trời vực làm ăn chán thế chán",negative
2578347828,"Chời ơi áo vest này mặc lên ngầu vl kkk",positive
2578347828,"10 điểm mua trúng shop xịn r kkk",positive
2578347828,"Thích thật chất vãi xịn đét á",positive
2578347828,"chùi ui chất chất xịn đét á",positive
2578347828,"Má hơi nhăn chướng mắt",negative
2578347828,"má chỉ thừa cả đống nha cừu",negative
2578347828,"Eo ôi chất vải xịn đét",positive
2578347828,"eo ôi chất vải xịn đét nà",positive
2578347828,"vừa y luôn á nà",positive
2578347828,"chất thô dạ k bị cứng nha mí bà iu",positive
2578347828,"chời ơi cái cổ lá sen lạ phết",positive
2578347828,"Đm mặc bí bách vl",negative
2578347828,"cứu shop rep chậm hơn rùa 😡",negative
2578347828,"chời ơi vừa y luôn á nha mí bà iu",positive
2578347828,"nhìn sang mún xỉu nà",positive
2578347828,"phối 2 màu nịnh mắt ghê nà",positive
2578347828,"áo vest này mặc lên ngầu vl nà",positive
2424647790,"sợ hãi chỉ thừa cả đống nha shop ơi",negative
2424647790,"Đỉnh form áo keo lỳ nha kkk",positive
2424647790,"Đỉnh vừa y luôn á nha mí bà iu",positive
2424647790,"trời vực đường may cẩu thả vãi vcl",negative
2424647790,"Sợ hãi áo vest form ảo lòi trờ owi",negative
2424647790,"Vl chỉ thừa cả đống trờ owi",negative
2424647790,"Thề luôn xịn dã man",positive
2424647790,"đỉnh form áo keo lỳ nha kkk",positive
2424647790,"Đm màu ở ngoài xỉn muốn khóc nha shop ơi",negative
2424647790,"Chời ơi mặc lên dáng đỉnh vcl ^^",positive
2424647790,"ối giời cúc áo sắp rụng ạ",negative
2424647790,"Chán tay áo 2 bên bị lệch 😡",negative
2424647790,"Má làm ăn chán thế nha cừu",negative
2424647790,"Đm vai chật ních vcl",negative
2424647790,"Cứu làm ăn chán dzậy ạ",negative
2424647790,"size chuẩn đét nha mí bà iu",positive
2424647790,"Vl shop rep chậm hơn rùa thua",negative
2424647790,"đỉnh tôn dáng vãi nhái",positive
2424647790,"thích thật giao hỏa tốc à nà",positive
2424647790,"Sợ hãi chất ni lông nóng chảy mỡ thua",negative
2394476473,"chán đường may cẩu thả vỡi vcl",negative
2394476473,"Ối giời shop rep chậm hơn rùa chán",negative
2394476473,"eo ôi tôn dáng vỡi nhái ^^",positive
2394476473,"vừa y luôn á kkk",positive
2394476473,"Chùi ui size chuẩn đét nha",positive
2394476473,"Ối giời mặc bí bách vl nha shop ơi",negative
2394476473,"đúng gu tui kkk",positive
2394476473,"đường may cẩu thả vãi nha shop ơi",negative
2394476473,"Eo ôi vải caro lỳ xịn xò nha mí bà iu",positive
2394476473,"Eo ôi đóng gói cẩn thận",positive
2394476473,"Thề luôn mặc công sở okla lắm",positive
2394476473,"Thích thật giao hỏa tốc à nà",positive
2394476473,"Ối giời vải mỏng te",negative
2394476473,"xịn dã man kkk",positive
2394476473,"Chùi ui hàng ẻ kkk á",positive
2394476473,"shop rep chậm hơn rùa trờ owi",negative
2394476473,"á đù tôn dáng vãi nhái ^^",positive
2394476473,"Eo ôi chất thô dạ k bị cứng luôn",positive
2394476473,"10 điểm vải caro lỳ xịn xò luôn",positive
2394476473,"Eo ôi mặc công sở okla lắm 😍",positive
2394476473,"Trời vực sale ảo vừa thôi",negative
2394476473,"Chùi ui giao hỏa tốc à",positive
2394476473,"đúng gu tui",positive
2394476473,"Á đù cái cổ lá sen lạ phết luôn",positive
2394476473,"đóng gói cẩn thận ^^",positive
2394476473,"Móa áo vest này mặc lên ngầu vl nha mí bà iu",positive
2394476473,"Móa mua trúng shop xịn r nha mí bà iu",positive
2394476473,"Eo ôi form hàn xẻng vcl nà",positive
2394476473,"đỉnh mua trúng shop xịn r nha mí bà iu",positive
2394476473,"khâu đóng gói như mớ rế",negative
2394476473,"shop rep chậm hơn rùa :((",negative
2394476473,"Móa form hàn xẻng vcl xỉu =)))",positive
2394476473,"Đỉnh size chuẩn đét 💯",positive
2394476473,"Chời ơi đóng gói cẩn thận ^^",positive
2394476473,"Thích thật mặc chill phết nà",positive
1883207809,"keo nà",positive
1883207809,"tôi mua cho e trai tôi mặc đi học sinh viên mạc kiểu blazer này củ chuối mà vẫn sang á vải mềm mát tôn dáng mà giá hạt dẻ nữa chất keo nha",positive
1883207809,"Chùi ui dáng chuẩn 😍",positive
1883207809,"xấu trờ owi",negative
1883207809,"Vl đặt cái màu xanh coban hot trend mà giao cho mình cái giẻ lau nhà màu úa úa hơm hiểu kiểu gì luôn nhắn tin đổi trả shop đọc rep lâu nhu quỷ làm ăn tệ qá chừng nha shop ơi",negative
1883207809,"rách vcl",negative
1883207809,"nhàu chán",negative
1883207809,"Sợ hãi nóng trờ owi",negative
1883207809,"Đm thất vọng cực kỳ với cái chất liệu luôn ghi trên mô tả polyester xịn xò gì đó mà nhận về y như nylong 100% nóng chảy mỡ mặc một lúc mồ hôi ướt nhẹp form áo thì kì cục 2 bên vai không cân nhau thua",negative
1883207809,"Thất vọng nóng ạ",negative
1883207809,"Ối giời phèn trờ owi",negative
1883207809,"Eo ôi xịn 💯",positive
1883207809,"Thất vọng thất vọng cực kỳ với cái chất liệu luôn ghi trên mô tả polyester xịn xò gì đó mà nhận về y nhu nylong 100% nóng chảy mỡ mặc một lúc mồ hôi ướt nhẹp form áo thì kì cục 2 bên vai hơm cân nhau chán",negative
1883207809,"áo lửng croptop gì dài thòng nhu áo mượn của mẹ ấy mình m6 mặc nhìn buồn cười vl chất thô ráp xù lông te tua nói hố tiền mua về chỉ để vứt xó nha mọi người tránh xa nha shop ơi",negative
1883207809,"Cứu nóng :((",negative
1883207809,"Chán phèn thua",negative
1883207809,"chùi ui duyệt kkk",positive
1883207809,"Thề luôn keo nha",positive
1883207809,"Eo ôi keo luôn",positive
1883207809,"Trời vực thất vọng cực kỳ với cái chất liệu luôn ghi trên mô tả polyester xịn xò gì đó mà nhận về y như nylong 100% nóng chảy mỡ mặc một lúc mồ hôi ướt nhẹp form áo thì kì cục 2 bên vai không cân nhau nha cừu",negative
1883207809,"Eo ôi đp á",positive
1883207809,"eo ôi mọi người ơi tin mình đi nên chốt đơn liền nha ak vest này lên form ngầu lắm chất liệu dạ phối nỉ da cá cực kỳ nịnh mắt luôn móa shop rep tin nhắn cũng dễ thương nữa kkk 10 điểm luôn",positive
1883207809,"ối giời thất vọng cực kỳ với cái chất liệu luôn ghi trên mô tả polyester xịn xò gì đó mà nhận về y nhu nylong 100% nóng chảy mỡ mặc một lúc mồ hôi ướt nhẹp form áo vest thì kì cục 2 bên vai hơm cân nhau trờ owi",negative
1883207809,"Móa chim ưng nha mí bà iu",positive
2480160176,"mua tặng bồ mà bồ khen nức nở bảo chất thô dạ này mặc không bị bí với cứng đâu form hàn xẻng các kiểu nhìn tôn dáng dã man con ngan luôn xỉu =)))",positive
2480160176,"Trời vực tệ vcl",negative
2480160176,"đặt cái màu xanh coban hot trend mà giao cho mình cái giẻ lau nhà màu úa úa ko hiểu kiểu gì luôn nhắn tin đổi trả shop đọc rep lâu nhu quỷ làm ăn tệ quá chừng vcl",negative
2480160176,"10 điểm mọi người ơi tin mình đi nên chốt đơn liền nha áo vest này lên form ngầu lắm chất liệu dạ phối nỉ da cá cực kỳ nịnh mắt luôn móa shop rep tin nhắn cũng dễ thương nữa kkk 10 điểm nà",positive
2480160176,"10 điểm tôi mua cho e trai tôi mặc đi học sinh viên mạc kiểu blazer này củ chuối mà vẫn sang á vải mềm mát tôn dáng mà giá hạt dẻ nữa chất keo nha luôn",positive
2480160176,"Cứu thất vọng cực kỳ với cái chất liệu luôn ghi trên mô tả polyester xịn xò gì đó mà nhận về y nhuw nylong 100% nóng chảy mỡ mặc một lúc mồ hôi ướt nhẹp form áo thì kì cục 2 bên vai hơm cân nhau :((",negative
2480160176,"Chời ơi chim ưng xỉu =)))",positive
2480160176,"Trời vực nhàu 😡",negative
2480160176,"Thích thật chim ưng 💯",positive
2480160176,"Á đù tôi mua cho e trai tôi mặc đi học sinh viên mạc kiểu blazer này củ chuối mà vẫn sang á vải mềm mát tôn dáng mà giá hạt dẻ nữa chất keo nha nha mí bà iu",positive
2480160176,"thích thật duyệt",positive
2480160176,"rách trờ owi",negative
2480160176,"áo lửng croptop gì dài thòng như áo mượn của mẹ ấy mình m6 mặc nhìn buồn cười vl vải thô ráp xù lông te tua nói hố tiền mua về chỉ để vứt xó nha mọi người tránh xa chướng mắt",negative
2480160176,"10 điểm mặc ngon luôn",positive
2480160176,"Vl giao hàng trễ hạn tận 1 tuần lận mà thái độ nhân viên cứ loanh quanh cúc áo đứt chỉ tè le vừa mở bọc nilon ra là rụng nguyên cái cúc xuống đất thua",negative
2480160176,"thất vọng cực kỳ với cái chất liệu luôn ghi trên mô tả polyester xịn xò gì đó mà nhận về y nhuw nylong 100% nóng chảy mỡ mặc một lúc mồ hôi ướt nhẹp form ak thì kì cục 2 bên vai không cân nhau thua",negative
2480160176,"đặt cái màu xanh coban hot trend mà giao cho mình cái giẻ lau nhà màu úa úa khong hiểu kiểu gì luôn nhắn tin đổi trả shop đọc rep lâu nhu quỷ làm ăn tệ quá chừng 😡",negative
2480160176,"dáng chuẩn kkk",positive
2480160176,"Thất vọng vứt vcl",negative
2480160176,"thất vọng cực kỳ với cái chất liệu luôn ghi trên mô tả polyester xịn xò gì đó mà nhận về y như nylong 100% nóng chảy mỡ mặc một lúc mồ hôi ướt nhẹp form áo thì kì cục 2 bên vai k cân nhau chán",negative
2480160176,"Sợ hãi tệ ạ",negative
2480160176,"Chùi ui ok 💯",positive
2480160176,"Thích thật mua tặng bồ mà bồ khen nức nở bảo chất thô dạ này mặc ko bị bí với cứng đâu form hàn xẻng các kiểu nhìn tôn dáng dã man con ngan luôn 😍",positive
2480160176,"10 điểm mọi người ơi tin mình đi nên chốt đơn liền nha áo vest này lên form ngầu lắm chất liệu dạ phối nỉ da cá cực kỳ nịnh mắt luôn móa shop rep tin nhắn cũng dễ thương nữa kkk 10 điểm nà",positive
2480160176,"vl thất vọng cực kỳ với cái chất liệu luôn ghi trên mô tả polyester xịn xò gì đó mà nhận về y như nylong 100% nóng chảy mỡ mặc một lúc mồ hôi ướt nhẹp form áo thì kì cục 2 bên vai không cân nhau :((",negative
2480160176,"má ak lửng croptop gì dài thòng nhu áo mượn của mẹ ấy mình m6 mặc nhìn buồn cười vl chất thô ráp xù lông te tua nói hố tiền mua về chỉ để vứt xó nha mọi người tránh xa chán",negative
1423390159,"10 điểm tôi mua cho e trai tôi mặc đi học sinh viên mạc kiểu blazer này củ chuối mà vẫn sang á vải mềm mát tôn dáng mà giá hạt dẻ nữa chất keo nha kkk",positive
1423390159,"mọi người ơi tin mình đi nên chốt đơn liền nha áo vest vest này lên form ngầu lắm chất liệu dạ phối nỉ da cá cực kỳ nịnh mắt luôn móa shop rep tin nhắn cũng dễ thương nữa kkk 10 điểm luôn",positive
1423390159,"Chời ơi mua tặng bồ mà bồ khen nức nở bảo chất thô dạ này mặc không bị bí với cứng đâu form hàn xẻng các kiểu nhìn tôn dáng dã man con ngan luôn",positive
1423390159,"Sợ hãi giao hàng trễ hạn tận 1 tuần lận mà thái độ nhân viên cứ loanh quanh cúc áo đứt chỉ tè le vừa mở bọc nilon ra là rụng nguyên cái cúc xuống đất thua :((",negative
1423390159,"chùi ui xịn 💯",positive
1423390159,"thích thật mua tặng bồ mà bồ khen nức nở bảo chất thô dạ này mặc không bị bí với cứng đâu form hàn xẻng các kiểu nhìn tôn dáng dã man con ngan luôn ^^",positive
1423390159,"thích thật duyệt luôn",positive
1423390159,"10 điểm vải mát nha mí bà iu",positive
1423390159,"đỉnh chim ưng",positive
1423390159,"đỉnh duyệt nha",positive
1423390159,"Thích thật duyệt nà",positive
1423390159,"tôi mua cho e trai tôi mặc đi học sinh viên mạc kiểu blazer này củ chuối mà vẫn sang á zải mềm mát tôn dáng mà giá hạt dẻ nữa chất keo nha luôn",positive
1423390159,"tôi mua cho e trai tôi mặc đi học sinh viên mạc kiểu blazer này củ chuối mà vẫn sang á vải mềm mát tôn dáng mà giá hạt dẻ nữa chất keo nha á",positive
1423390159,"Chời ơi ok",positive
1423390159,"Chùi ui chất mát 💯",positive
1423390159,"Thích thật mọi người ơi tin mình đi nên chốt đơn liền nha áo vest này lên form ngầu lắm chất liệu dạ phối nỉ da cá cực kỳ nịnh mắt luôn móa shop rep tin nhắn cũng dễ thương nữa kkk 10 điểm luôn",positive
1423390159,"mặc ngon 💯",positive
1423390159,"Đỉnh chim ưng 😍",positive
1423390159,"Chời ơi chất mát á",positive
1423390159,"10 điểm keo nà",positive
1423390159,"á đù chim ưng xỉu =)))",positive
1423390159,"Vl đặt cái màu xanh coban hot trend mà giao cho mình cái giẻ lau nhà màu úa úa không hiểu kiểu gì luôn nhắn tin đổi trả shop đọc rep lâu như quỷ làm ăn tệ quó chừng vcl",negative
1423390159,"Sợ hãi tệ ạ",negative
1423390159,"Chời ơi duyệt luôn",positive
1423390159,"keo á",positive
1423390159,"10 điểm mới đầu tưởng mua qua mạng form rộng xộc xệch ai dè mạc vừa in luôn chời đường chỉ chắc chắn lắm k có chỉ thừa như mấy shop khác đâu",positive
1423390159,"Chùi ui mọi người ơi tin mình đi nên chốt đơn liền nha áo vest này lên form ngầu lắm chất liệu dạ phối nỉ da cá cực kỳ nịnh mắt luôn móa shop rep tin nhắn cũng dễ thương nữa kkk 10 điểm nha",positive
1423390159,"Móa tôi mua cho e trai tôi mặc đi học sinh viên mạc kiểu blazer này củ chuối mà vẫn sang á zải mềm mát tôn dáng mà giá hạt dẻ nữa chất keo nha nha mí bà iu",positive
1423390159,"đẹp 😍",positive
1423390159,"Thích thật mọi người ơi tin mình đi nên chốt đơn liền nha áo vest này lên form ngầu lắm chất liệu dạ phối nỉ da cá cực kỳ nịnh mắt luôn móa shop rep tin nhắn cũng dễ thương nữa kkk 10 điểm á",positive
1423390159,"vải mát ^^",positive
1423390159,"Chời ơi chim ưng luôn",positive
1423390159,"Á đù ok luôn",positive
1423390159,"áo lửng croptop gì dài thòng nhu áo vest mượn của mẹ ấy mình m6 mặc nhìn buồn cười vl chất thô ráp xù lông te tua nói hố tiền mua về chỉ để vứt xó nha mọi người tránh xa",negative
1423390159,"Đỉnh dáng chuẩn nha",positive
1423390159,"ối giời áo lửng croptop gì dài thòng như áo mượn của mẹ ấy mình m6 mặc nhìn buồn cười vl vải thô ráp xù lông te tua nói hố tiền mua về chỉ để vứt xó nha mọi người tránh xa 😡",negative
1423390159,"áo lửng croptop gì dài thòng như áo mượn của mẹ ấy mình m6 mặc nhìn buồn cười vl zải thô ráp xù lông te tua nói hố tiền mua về chỉ để vứt xó nha mọi người tránh xa nha cừu",negative
1423390159,"Thất vọng thất vọng cực kỳ với cái chất liệu luôn ghi trên mô tả polyester xịn xò gì đó mà nhận về y như nylong 100% nóng chảy mỡ mặc một lúc mồ hôi ướt nhẹp form áo vest thì kì cục 2 bên vai không cân nhau trờ owi",negative
1423390159,"đẹp nà",positive
1883035003,"Chùi ui mới đầu tưởng mua qua mạng form rộng xộc xệch ai dè mạc vừa in luôn chời đường chỉ chắc chắn lắm k có chỉ thừa như mấy shop khác đâu nà",positive
1883035003,"Eo ôi chim ưng 😍",positive
1883035003,"Trời vực xấu chán",negative
1883035003,"keo nha",positive
1883035003,"Má tệ 😡",negative
1883035003,"Đỉnh mua tặng bồ mà bồ khen nức nở bảo chất thô dạ này mặc không bị bí với cứng đâu form hàn xẻng các kiểu nhìn tôn dáng dã man con ngan luôn á",positive
1883035003,"giao hàng trễ hạn tận 1 tuần lận mà thái độ nhân viên cứ loanh quanh cúc áo đứt chỉ tè le vừa mở bọc nilon ra là rụng nguyên cái cúc xuống đất thua nha cừu",negative
1883035003,"đỉnh mặc ngon ^^",positive
1883035003,"Trời vực rách chán",negative
1883035003,"Á đù mặc ngon nha mí bà iu",positive
1883035003,"mới đầu tưởng mua qua mạng form rộng xộc xệch ai dè mạc vừa in luôn chời đường chỉ chắc chắn lắm k có chỉ thừa như mấy shop khác đâu xỉu =)))",positive
1883035003,"mới đầu tưởng mua qua mạng form rộng xộc xệch ai dè mạc vừa in luôn chời đường chỉ chắc chắn lắm k có chỉ thừa nhu mấy shop khác đâu nha",positive
1883035003,"chim ưng",positive
1883035003,"Á đù mọi người ơi tin mình đi nên chốt đơn liền nha ak vest này lên form ngầu lắm chất liệu dạ phối nỉ da cá cực kỳ nịnh mắt luôn móa shop rep tin nhắn cũng dễ thương nữa kkk 10 điểm 😍",positive
1883035003,"xịn 💯",positive
1883035003,"Thích thật duyệt",positive
1883035003,"xịn 💯",positive
1883035003,"mới đầu tưởng mua qua mạng form rộng xộc xệch ai dè mạc vừa in luôn chời đường chỉ chắc chắn lắm k có chỉ thừa như mấy shop khác đâu kkk",positive
1883035003,"duyệt nha",positive
1883035003,"Vl xấu thua",negative
1883035003,"Eo ôi duyệt xỉu =)))",positive
1883035003,"mua tặng bồ mà bồ khen nức nở bảo chất thô dạ này mặc k bị bí với cứng đâu form hàn xẻng các kiểu nhìn tôn dáng dã man con ngan luôn nha mí bà iu",positive
1883035003,"Cứu phèn chướng mắt",negative
1883035003,"Trời vực phèn nha shop ơi",negative
1883035003,"Móa xịn 💯",positive
1883035003,"móa chim ưng kkk",positive
1883035003,"Chùi ui mọi người ơi tin mình đi nên chốt đơn liền nha áo vest vest này lên form ngầu lắm chất liệu dạ phối nỉ da cá cực kỳ nịnh mắt luôn móa shop rep tin nhắn cũng dễ thương nữa kkk 10 điểm",positive
1883035003,"mặc ngon nha",positive
1883035003,"Thích thật mới đầu tưởng mua qua mạng form rộng xộc xệch ai dè mạc vừa in luôn chời đường chỉ chắc chắn lắm k có chỉ thừa như mấy shop khác đâu kkk",positive
1883035003,"Thích thật duyệt nha mí bà iu",positive
1883035003,"Chùi ui mọi người ơi tin mình đi nên chốt đơn liền nha áo vest này lên form ngầu lắm chất liệu dạ phối nỉ da cá cực kỳ nịnh mắt luôn móa shop rep tin nhắn cũng dễ thương nữa kkk 10 điểm nha mí bà iu",positive
1883035003,"vl đặt cái màu xanh coban hot trend mà giao cho mình cái giẻ lau nhà màu úa úa hơm hiểu kiểu gì luôn nhắn tin đổi trả shop đọc rep lâu như quỷ làm ăn tệ qá chừng :((",negative
1883035003,"Móa mọi người ơi tin mình đi nên chốt đơn liền nha áo vest này lên form ngầu lắm chất liệu dạ phối nỉ da cá cực kỳ nịnh mắt luôn móa shop rep tin nhắn cũng dễ thương nữa kkk 10 điểm 😍",positive
1915431692,"Thích thật mọi người ơi tin mình đi nên chốt đơn liền nha ak vest này lên form ngầu lắm chất liệu dạ phối nỉ da cá cực kỳ nịnh mắt luôn móa shop rep tin nhắn cũng dễ thương nữa kkk 10 điểm",positive
1915431692,"Đỉnh ok",positive
1915431692,"Móa dáng chuẩn xỉu =)))",positive
1915431692,"thất vọng phèn :((",negative
1915431692,"Eo ôi tôi mua cho e trai tôi mặc đi học sinh viên mạc kiểu blazer này củ chuối mà vẫn sang á vải mềm mát tôn dáng mà giá hạt dẻ nữa chất keo nha á",positive
1915431692,"mọi người ơi tin mình đi nên chốt đơn liền nha áo vest này lên form ngầu lắm chất liệu dạ phối nỉ da cá cực kỳ nịnh mắt luôn móa shop rep tin nhắn cũng dễ thương nữa kkk 10 điểm kkk",positive
1915431692,"Chùi ui keo ^^",positive
1915431692,"Móa xịn luôn",positive
1915431692,"xịn xỉu =)))",positive
1915431692,"nóng",negative
1915431692,"Trời vực đặt cái màu xanh coban hot trend mà giao cho mình cái giẻ lau nhà màu úa úa không hiểu kiểu gì luôn nhắn tin đổi trả shop đọc rep lâu nhuw quỷ làm ăn tệ quó chừng 😡",negative
1915431692,"Thích thật mới đầu tưởng mua qua mạng form rộng xộc xệch ai dè mạc vừa in luôn chời đường chỉ chắc chắn lắm k có chỉ thừa như mấy shop khác đâu nha mí bà iu",positive
1915431692,"vứt vcl",negative
1915431692,"Thích thật ok nha",positive
1915431692,"Eo ôi mọi người ơi tin mình đi nên chốt đơn liền nha áo vest này lên form ngầu lắm chất liệu dạ phối nỉ da cá cực kỳ nịnh mắt luôn móa shop rep tin nhắn cũng dễ thương nữa kkk 10 điểm xỉu =)))",positive
1915431692,"Chán thất vọng cực kỳ với cái chất liệu luôn ghi trên mô tả polyester xịn xò gì đó mà nhận về y như nylong 100% nóng chảy mỡ mặc một lúc mồ hôi ướt nhẹp form áo thì kì cục 2 bên vai không cân nhau :((",negative
1915431692,"Chán xấu 😡",negative
1915431692,"Đm giao hàng trễ hạn tận 1 tuần lận mà thái độ nhân viên cứ loanh quanh cúc áo đứt chỉ tè le vừa mở bọc nilon ra là rụng nguyên cái cúc xuống đất thua :((",negative
1915431692,"áo lửng croptop gì dài thòng nhu áo mượn của mẹ ấy mình m6 mặc nhìn buồn cười vl vải thô ráp xù lông te tua nói hố tiền mua về chỉ để vứt xó nha mọi người tránh xa nha shop ơi",negative
1915431692,"Đm phèn nha shop ơi",negative
1915431692,"Trời vực vứt",negative
1915431692,"Sợ hãi xấu trờ owi",negative
1915431692,"Chùi ui mua tặng bồ mà bồ khen nức nở bảo chất thô dạ này mặc khong bị bí với cứng đâu form hàn xẻng các kiểu nhìn tôn dáng dã man con ngan luôn kkk",positive
1915431692,"chất mát á",positive
1915431692,"vứt vcl",negative
1915431692,"ok xỉu =)))",positive
1915431692,"Trời vực phèn trờ owi",negative
1915431692,"á đù mua tặng bồ mà bồ khen nức nở bảo chất thô dạ này mặc không bị bí với cứng đâu form hàn xẻng các kiểu nhìn tôn dáng dã man con ngan luôn xỉu =)))",positive
1915431692,"Móa mọi người ơi tin mình đi nên chốt đơn liền nha áo vest này lên form ngầu lắm chất liệu dạ phối nỉ da cá cực kỳ nịnh mắt luôn móa shop rep tin nhắn cũng dễ thương nữa kkk 10 điểm á",positive
2458179534,"chùi ui đẹp 💯",positive
2458179534,"Á đù tôi mua cho e trai tôi mặc đi học sinh viên mạc kiểu blazer này củ chuối mà vẫn sang á vải mềm mát tôn dáng mà giá hạt dẻ nữa chất keo nha kkk",positive
2458179534,"chật chướng mắt",negative
2458179534,"Thích thật mua tặng bồ mà bồ khen nức nở bảo chất thô dạ này mặc không bị bí với cứng đâu form hàn xẻng các kiểu nhìn tôn dáng dã man con ngan luôn kkk",positive
2458179534,"Má xấu 😡",negative
2458179534,"Thất vọng phèn",negative
2458179534,"Thề luôn mặc ngon",positive
2458179534,"Thất vọng chật :((",negative
2458179534,"Ối giời vứt",negative
2458179534,"mua tặng bồ mà bồ khen nức nở bảo chất thô dạ này mặc hơm bị bí với cứng đâu form hàn xẻng các kiểu nhìn tôn dáng dã man con ngan luôn nha",positive
2458179534,"chim ưng nà",positive
2458179534,"đặt cái màu xanh coban hot trend mà giao cho mình cái giẻ lau nhà màu úa úa không hiểu kiểu gì luôn nhắn tin đổi trả shop đọc rep lâu như quỷ làm ăn tệ quó chừng trờ owi",negative
2458179534,"Vl xấu",negative
2458179534,"mọi người ơi tin mình đi nên chốt đơn liền nha áo vest này lên form ngầu lắm chất liệu dạ phối nỉ da cá cực kỳ nịnh mắt luôn móa shop rep tin nhắn cũng dễ thương nữa kkk 10 điểm á",positive
2458179534,"Á đù mọi người ơi tin mình đi nên chốt đơn liền nha áo vest vest này lên form ngầu lắm chất liệu dạ phối nỉ da cá cực kỳ nịnh mắt luôn móa shop rep tin nhắn cũng dễ thương nữa kkk 10 điểm ^^",positive
2458179534,"Chời ơi xịn ^^",positive
2458179534,"Đm đặt cái màu xanh coban hot trend mà giao cho mình cái giẻ lau nhà màu úa úa không hiểu kiểu gì luôn nhắn tin đổi trả shop đọc rep lâu như quỷ làm ăn tệ quóa chừng",negative
2458179534,"Eo ôi mua tặng bồ mà bồ khen nức nở bảo chất thô dạ này mặc hơm bị bí với cứng đâu form hàn xẻng các kiểu nhìn tôn dáng dã man con ngan luôn 💯",positive
2458179534,"Thích thật đp xỉu =)))",positive
2458179534,"Thất vọng đặt cái màu xanh coban hot trend mà giao cho mình cái giẻ lau nhà màu úa úa không hiểu kiểu gì luôn nhắn tin đổi trả shop đọc rep lâu như quỷ làm ăn tệ quá chừng :((",negative
2458179534,"Chán giao hàng trễ hạn tận 1 tuần lận mà thái độ nhân viên cứ loanh quanh cúc áo đứt chỉ tè le vừa mở bọc nilon ra là rụng nguyên cái cúc xuống đất thua vcl",negative
2458179534,"thích thật đẹp",positive
2458179534,"Sợ hãi nóng",negative
2458179534,"tôi mua cho e trai tôi mặc đi học sinh viên mạc kiểu blazer này củ chuối mà vẫn sang á zải mềm mát tôn dáng mà giá hạt dẻ nữa chất keo nha luôn",positive
2458179534,"Má tệ vcl",negative
2458179534,"Á đù mới đầu tưởng mua qua mạng form rộng xộc xệch ai dè mạc vừa in luôn chời đường chỉ chắc chắn lắm k có chỉ thừa như mấy shop khác đâu ^^",positive
2458179534,"Trời vực vứt ạ",negative
2458179534,"Á đù chất mát á",positive
2458179534,"xịn nha",positive
2458179534,"mua tặng bồ mà bồ khen nức nở bảo chất thô dạ này mặc không bị bí với cứng đâu form hàn xẻng các kiểu nhìn tôn dáng dã man con ngan luôn ^^",positive
2458179534,"Á đù xịn nha",positive
2458179534,"thích thật mới đầu tưởng mua qua mạng form rộng xộc xệch ai dè mạc vừa in luôn chời đường chỉ chắc chắn lắm k có chỉ thừa nhu mấy shop khác đâu nha mí bà iu",positive
2458179534,"tôi mua cho e trai tôi mặc đi học sinh viên mạc kiểu blazer này củ chuối mà vẫn sang á vải mềm mát tôn dáng mà giá hạt dẻ nữa chất keo nha kkk",positive
2458179534,"Trời vực chật vcl",negative
2458179534,"chim ưng kkk",positive
1356176151,"Á đù mới đầu tưởng mua qua mạng form rộng xộc xệch ai dè mạc vừa in luôn chời đường chỉ chắc chắn lắm k có chỉ thừa như mấy shop khác đâu 😍",positive
1356176151,"Cứu rách ạ",negative
1356176151,"đặt cái màu xanh coban hot trend mà giao cho mình cái giẻ lau nhà màu úa úa không hiểu kiểu gì luôn nhắn tin đổi trả shop đọc rep lâu nhu quỷ làm ăn tệ quá chừng",negative
1356176151,"Má xấu chán",negative
1356176151,"đỉnh xịn ^^",positive
1356176151,"10 điểm mới đầu tưởng mua qua mạng form rộng xộc xệch ai dè mạc vừa in luôn chời đường chỉ chắc chắn lắm k có chỉ thừa như mấy shop khác đâu 😍",positive
1356176151,"Sợ hãi xấu :((",negative
1356176151,"Móa ok luôn",positive
1356176151,"Trời vực thất vọng cực kỳ với cái chất liệu luôn ghi trên mô tả polyester xịn xò gì đó mà nhận về y như nylong 100% nóng chảy mỡ mặc một lúc mồ hôi ướt nhẹp form ak thì kì cục 2 bên vai không cân nhau vcl",negative
1356176151,"Thề luôn đẹp á",positive
1356176151,"Eo ôi mua tặng bồ mà bồ khen nức nở bảo chất thô dạ này mặc không bị bí với cứng đâu form hàn xẻng các kiểu nhìn tôn dáng dã man con ngan luôn luôn",positive
1356176151,"má đặt cái màu xanh coban hot trend mà giao cho mình cái giẻ lau nhà màu úa úa ko hiểu kiểu gì luôn nhắn tin đổi trả shop đọc rep lâu nhu quỷ làm ăn tệ qá chừng chướng mắt",negative
1356176151,"đặt cái màu xanh coban hot trend mà giao cho mình cái giẻ lau nhà màu úa úa không hiểu kiểu gì luôn nhắn tin đổi trả shop đọc rep lâu như quỷ làm ăn tệ quó chừng 😡",negative
1356176151,"10 điểm mua tặng bồ mà bồ khen nức nở bảo chất thô dạ này mặc không bị bí với cứng đâu form hàn xẻng các kiểu nhìn tôn dáng dã man con ngan luôn",positive
1356176151,"Thất vọng tệ 😡",negative
1356176151,"Móa mọi người ơi tin mình đi nên chốt đơn liền nha áo vest vest này lên form ngầu lắm chất liệu dạ phối nỉ da cá cực kỳ nịnh mắt luôn móa shop rep tin nhắn cũng dễ thương nữa kkk 10 điểm á",positive
1356176151,"nóng chán",negative
1356176151,"Cứu rách nha cừu",negative
1356176151,"nóng chướng mắt",negative
1356176151,"Eo ôi zải mát nha mí bà iu",positive
1356176151,"Vl tệ 😡",negative
1356176151,"Chùi ui duyệt nà",positive
1356176151,"thất vọng cực kỳ với cái chất liệu luôn ghi trên mô tả polyester xịn xò gì đó mà nhận về y như nylong 100% nóng chảy mỡ mặc một lúc mồ hôi ướt nhẹp form áo thì kì cục 2 bên vai ko cân nhau thua",negative
1356176151,"chán thất vọng cực kỳ với cái chất liệu luôn ghi trên mô tả polyester xịn xò gì đó mà nhận về y như nylong 100% nóng chảy mỡ mặc một lúc mồ hôi ướt nhẹp form áo thì kì cục 2 bên vai không cân nhau",negative
1356176151,"má phèn nha shop ơi",negative
2031171270,"keo ^^",positive
2031171270,"Chời ơi đjp",positive
2031171270,"thích thật mặc ngon",positive
2031171270,"mua tặng bồ mà bồ khen nức nở bảo chất thô dạ này mặc không bị bí với cứng đâu form hàn xẻng các kiểu nhìn tôn dáng dã man con ngan luôn 💯",positive
2031171270,"Thề luôn tôi mua cho e trai tôi mặc đi học sinh viên mạc kiểu blazer này củ chuối mà vẫn sang á vải mềm mát tôn dáng mà giá hạt dẻ nữa chất keo nha nha",positive
2031171270,"Thề luôn dáng chuẩn 💯",positive
2031171270,"10 điểm mới đầu tưởng mua qua mạng form rộng xộc xệch ai dè mạc vừa in luôn chời đường chỉ chắc chắn lắm k có chỉ thừa như mấy shop khác đâu nha",positive
2031171270,"tôi mua cho e trai tôi mặc đi học sinh viên mạc kiểu blazer này củ chuối mà vẫn sang á vải mềm mát tôn dáng mà giá hạt dẻ nữa chất keo nha 💯",positive
2031171270,"thất vọng tệ chướng mắt",negative
2031171270,"chùi ui đẹp 😍",positive
2031171270,"á đù mới đầu tưởng mua qua mạng form rộng xộc xệch ai dè mạc vừa in luôn chời đường chỉ chắc chắn lắm k có chỉ thừa nhu mấy shop khác đâu xỉu =)))",positive
2031171270,"Eo ôi ok 💯",positive
2031171270,"Á đù zải mát á",positive
2031171270,"Thích thật mới đầu tưởng mua qua mạng form rộng xộc xệch ai dè mạc vừa in luôn chời đường chỉ chắc chắn lắm k có chỉ thừa nhuw mấy shop khác đâu luôn",positive
2031171270,"trời vực áo lửng croptop gì dài thòng như ak mượn của mẹ ấy mình m6 mặc nhìn buồn cười vl vải thô ráp xù lông te tua nói hố tiền mua về chỉ để vứt xó nha mọi người tránh xa nha cừu",negative
2031171270,"Chời ơi mới đầu tưởng mua qua mạng form rộng xộc xệch ai dè mạc vừa in luôn chời đường chỉ chắc chắn lắm k có chỉ thừa như mấy shop khác đâu",positive
2031171270,"Sợ hãi nóng 😡",negative
2031171270,"10 điểm tôi mua cho e trai tôi mặc đi học sinh viên mạc kiểu blazer này củ chuối mà vẫn sang á chất mềm mát tôn dáng mà giá hạt dẻ nữa chất keo nha 💯",positive
2031171270,"Ối giời giao hàng trễ hạn tận 1 tuần lận mà thái độ nhân viên cứ loanh quanh cúc áo đứt chỉ tè le vừa mở bọc nilon ra là rụng nguyên cái cúc xuống đất thua trờ owi",negative
2031171270,"Chùi ui ok xỉu =)))",positive
2031171270,"tôi mua cho e trai tôi mặc đi học sinh viên mạc kiểu blazer này củ chuối mà vẫn sang á vải mềm mát tôn dáng mà giá hạt dẻ nữa chất keo nha nha mí bà iu",positive
2031171270,"Đỉnh chim ưng xỉu =)))",positive
2031171270,"Chời ơi vãi mát xỉu =)))",positive
2031171270,"Thất vọng thất vọng cực kỳ với cái chất liệu luôn ghi trên mô tả polyester xịn xò gì đó mà nhận về y như nylong 100% nóng chảy mỡ mặc một lúc mồ hôi ướt nhẹp form áo thì kì cục 2 bên vai không cân nhau ạ",negative
2031171270,"10 điểm dáng chuẩn luôn",positive
1865442588,"Vl nóng chán",negative
1865442588,"ối giời áo lửng croptop gì dài thòng như áo mượn của mẹ ấy mình m6 mặc nhìn buồn cười vl vải thô ráp xù lông te tua nói hố tiền mua về chỉ để vứt xó nha mọi người tránh xa chướng mắt",negative
1865442588,"trời vực giao hàng trễ hạn tận 1 tuần lận mà thái độ nhân viên cứ loanh quanh cúc áo đứt chỉ tè le vừa mở bọc nilon ra là rụng nguyên cái cúc xuống đất thua ạ",negative
1865442588,"Ối giời thất vọng cực kỳ với cái chất liệu luôn ghi trên mô tả polyester xịn xò gì đó mà nhận về y như nylong 100% nóng chảy mỡ mặc một lúc mồ hôi ướt nhẹp form áo thì kì cục 2 bên vai không cân nhau nha cừu",negative
1865442588,"Đm áo vest lửng croptop gì dài thòng như áo mượn của mẹ ấy mình m6 mặc nhìn buồn cười vl vải thô ráp xù lông te tua nói hố tiền mua về chỉ để vứt xó nha mọi người tránh xa chán",negative
1865442588,"Đm xấu nha cừu",negative
1865442588,"á đù duyệt",positive
1865442588,"Thích thật đẹp chộ ôi ^^",positive
1865442588,"thề luôn zải mát luôn",positive
1865442588,"rách chướng mắt",negative
1865442588,"Eo ôi mua tặng bồ mà bồ khen nức nở bảo chất thô dạ này mặc không bị bí với cứng đâu form hàn xẻng các kiểu nhìn tôn dáng dã man con ngan luôn nha",positive
1865442588,"Chán chật thua",negative
1865442588,"Thề luôn tôi mua cho e trai tôi mặc đi học sinh viên mạc kiểu blazer này củ chuối mà vẫn sang á vãi mềm mát tôn dáng mà giá hạt dẻ nữa chất keo nha 💯",positive
1865442588,"Đỉnh tôi mua cho e trai tôi mặc đi học sinh viên mạc kiểu blazer này củ chuối mà vẫn sang á zải mềm mát tôn dáng mà giá hạt dẻ nữa chất keo nha nà",positive
1865442588,"Móa mua tặng bồ mà bồ khen nức nở bảo chất thô dạ này mặc không bị bí với cứng đâu form hàn xẻng các kiểu nhìn tôn dáng dã man con ngan luôn 💯",positive
1865442588,"đặt cái màu xanh coban hot trend mà giao cho mình cái giẻ lau nhà màu úa úa không hiểu kiểu gì luôn nhắn tin đổi trả shop đọc rep lâu như quỷ làm ăn tệ quó chừng",negative
1865442588,"Thất vọng phèn vcl",negative
1865442588,"Má vứt 😡",negative
1865442588,"keo nha",positive
1865442588,"Má chật chướng mắt",negative
1865442588,"Đỉnh mua tặng bồ mà bồ khen nức nở bảo chất thô dạ này mặc không bị bí với cứng đâu form hàn xẻng các kiểu nhìn tôn dáng dã man con ngan luôn nha",positive
1865442588,"Chùi ui chim ưng ^^",positive
1865442588,"Chùi ui đẹp ^^",positive
1865442588,"Ối giời vứt chướng mắt",negative
1865442588,"chán tệ 😡",negative
1865442588,"Cứu chê ạ",negative
1865442588,"mọi người ơi tin mình đi nên chốt đơn liền nha áo vest này lên form ngầu lắm chất liệu dạ phối nỉ da cá cực kỳ nịnh mắt luôn móa shop rep tin nhắn cũng dễ thương nữa kkk 10 điểm á",positive
1865442588,"eo ôi vải mát 😍",positive
1865442588,"Sợ hãi nhàu nha cừu",negative
1865442588,"Trời vực chê 😡",negative
1819266579,"10 điểm mọi người ơi tin mình đi nên chốt đơn liền nha áo vest này lên form ngầu lắm chất liệu dạ phối nỉ da cá cực kỳ nịnh mắt luôn móa shop rep tin nhắn cũng dễ thương nữa kkk 10 điểm nà",positive
1819266579,"chán vứt",negative
1819266579,"thề luôn mọi người ơi tin mình đi nên chốt đơn liền nha áo vest này lên form ngầu lắm chất liệu dạ phối nỉ da cá cực kỳ nịnh mắt luôn móa shop rep tin nhắn cũng dễ thương nữa kkk 10 điểm 💯",positive
1819266579,"Móa mọi người ơi tin mình đi nên chốt đơn liền nha áo vest này lên form ngầu lắm chất liệu dạ phối nỉ da cá cực kỳ nịnh mắt luôn móa shop rep tin nhắn cũng dễ thương nữa kkk 10 điểm nha",positive
1819266579,"Ối giời thất vọng cực kỳ với cái chất liệu luôn ghi trên mô tả polyester xịn xò gì đó mà nhận về y như nylong 100% nóng chảy mỡ mặc một lúc mồ hôi ướt nhẹp form áo thì kì cục 2 bên vai không cân nhau chướng mắt",negative
1819266579,"Đm chật :((",negative
1819266579,"thề luôn vải mát kkk",positive
1819266579,"trời vực thất vọng cực kỳ với cái chất liệu luôn ghi trên mô tả polyester xịn xò gì đó mà nhận về y nhuw nylong 100% nóng chảy mỡ mặc một lúc mồ hôi ướt nhẹp form áo thì kì cục 2 bên vai không cân nhau chán",negative
1819266579,"Chời ơi mới đầu tưởng mua qua mạng form rộng xộc xệch ai dè mạc vừa in luôn chời đường chỉ chắc chắn lắm k có chỉ thừa như mấy shop khác đâu nha mí bà iu",positive
1819266579,"keo xỉu =)))",positive
1819266579,"Đỉnh tôi mua cho e trai tôi mặc đi học sinh viên mạc kiểu blazer này củ chuối mà vẫn sang á vãi mềm mát tôn dáng mà giá hạt dẻ nữa chất keo nha 😍",positive
1819266579,"chim ưng",positive
1819266579,"đặt cái màu xanh coban hot trend mà giao cho mình cái giẻ lau nhà màu úa úa ko hiểu kiểu gì luôn nhắn tin đổi trả shop đọc rep lâu nhu quỷ làm ăn tệ quá chừng trờ owi",negative
1819266579,"Á đù tôi mua cho e trai tôi mặc đi học sinh viên mạc kiểu blazer này củ chuối mà vẫn sang á vãi mềm mát tôn dáng mà giá hạt dẻ nữa chất keo nha nha mí bà iu",positive
1819266579,"dáng chuẩn kkk",positive
1819266579,"eo ôi tôi mua cho e trai tôi mặc đi học sinh viên mạc kiểu blazer này củ chuối mà vẫn sang á vải mềm mát tôn dáng mà giá hạt dẻ nữa chất keo nha á",positive
1819266579,"10 điểm chim ưng",positive
1819266579,"Vl áo lửng croptop gì dài thòng như áo mượn của mẹ ấy mình m6 mặc nhìn buồn cười vl vải thô ráp xù lông te tua nói hố tiền mua về chỉ để vứt xó nha mọi người tránh xa chán",negative
1819266579,"chim ưng 💯",positive
1819266579,"10 điểm tôi mua cho e trai tôi mặc đi học sinh viên mạc kiểu blazer này củ chuối mà vẫn sang á vải mềm mát tôn dáng mà giá hạt dẻ nữa chất keo nha ^^",positive
1819266579,"Thích thật chất mát nà",positive
1819266579,"Thề luôn xịn 😍",positive
1819266579,"mới đầu tưởng mua qua mạng form rộng xộc xệch ai dè mạc vừa in luôn chời đường chỉ chắc chắn lắm k có chỉ thừa như mấy shop khác đâu nha",positive
1819266579,"Sợ hãi nhàu vcl",negative
1819266579,"Thích thật mới đầu tưởng mua qua mạng form rộng xộc xệch ai dè mạc vừa in luôn chời đường chỉ chắc chắn lắm k có chỉ thừa như mấy shop khác đâu nha mí bà iu",positive
1819266579,"Chùi ui mua tặng bồ mà bồ khen nức nở bảo chất thô dạ này mặc hem bị bí với cứng đâu form hàn xẻng các kiểu nhìn tôn dáng dã man con ngan luôn 💯",positive
1819266579,"thích thật tôi mua cho e trai tôi mặc đi học sinh viên mạc kiểu blazer này củ chuối mà vẫn sang á vãi mềm mát tôn dáng mà giá hạt dẻ nữa chất keo nha",positive
1819266579,"Chùi ui xịn á",positive
1819266579,"eo ôi đẹp 💯",positive
1819266579,"Đỉnh mua tặng bồ mà bồ khen nức nở bảo chất thô dạ này mặc ko bị bí với cứng đâu form hàn xẻng các kiểu nhìn tôn dáng dã man con ngan luôn 😍",positive
1819266579,"thất vọng cực kỳ với cái chất liệu luôn ghi trên mô tả polyester xịn xò gì đó mà nhận về y như nylong 100% nóng chảy mỡ mặc một lúc mồ hôi ướt nhẹp form áo thì kì cục 2 bên vai hem cân nhau nha shop ơi",negative
1819266579,"Eo ôi tôi mua cho e trai tôi mặc đi học sinh viên mạc kiểu blazer này củ chuối mà vẫn sang á vải mềm mát tôn dáng mà giá hạt dẻ nữa chất keo nha nha",positive
1819266579,"10 điểm mọi người ơi tin mình đi nên chốt đơn liền nha áo vest này lên form ngầu lắm chất liệu dạ phối nỉ da cá cực kỳ nịnh mắt luôn móa shop rep tin nhắn cũng dễ thương nữa kkk 10 điểm nha mí bà iu",positive
1819266579,"Á đù mua tặng bồ mà bồ khen nức nở bảo chất thô dạ này mặc không bị bí với cứng đâu form hàn xẻng các kiểu nhìn tôn dáng dã man con ngan luôn nha mí bà iu",positive
1819266579,"duyệt ^^",positive
1819266579,"Thích thật mới đầu tưởng mua qua mạng form rộng xộc xệch ai dè mạc vừa in luôn chời đường chỉ chắc chắn lắm k có chỉ thừa nhu mấy shop khác đâu",positive
1819266579,"Đỉnh mặc ngon nha",positive
1819266579,"Chời ơi vải mát kkk",positive
3257260357,"Sợ hãi thất vọng cực kỳ với cái chất liệu luôn ghi trên mô tả polyester xịn xò gì đó mà nhận về y như nylong 100% nóng chảy mỡ mặc một lúc mồ hôi ướt nhẹp form áo thì kì cục 2 bên vai không cân nhau nha shop ơi",negative
3257260357,"nóng trờ owi",negative
3257260357,"Thề luôn đóng gói siêu cấp cẩn thận 3 lớp lận bóc mỏi tay áo vest thơm phức không bị mùi xưởng may dáng body cực nét mặc phát nhu tổng tài ố mài gọt xỉu =)))",positive
3257260357,"Thất vọng giao hàng trễ hạn tận 1 tuần lận mà thái độ nhân viên cứ loanh quanh cúc áo đứt chỉ tè le vừa mở bọc nilon ra là rụng nguyên cái cúc xuống đất thua thua",negative
3257260357,"Chùi ui mọi người ơi tin mình đi nên chốt đơn liền nha áo vest này lên form ngầu lắm chất liệu dạ phối nỉ da cá cực kỳ nịnh mắt luôn móa shop rep tin nhắn cũng dễ thương nữa kkk 10 điểm á",positive
3257260357,"mua tặng bồ mà bồ khen nức nở bảo chất thô dạ này mặc không bị bí với cứng đâu form hàn xẻng các kiểu nhìn tôn dáng dã man con ngan luôn nha",positive
3257260357,"Á đù xênh luôn",positive
3257260357,"xấu nha cừu",negative
3257260357,"á đù keo nha",positive
3257260357,"Thất vọng giao hàng trễ hạn tận 1 tuần lận mà thái độ nhân viên cứ loanh quanh cúc áo đứt chỉ tè le vừa mở bọc nilon ra là rụng nguyên cái cúc xuống đất thua chán",negative
3257260357,"đặt cái màu xanh coban hot trend mà giao cho mình cái giẻ lau nhà màu úa úa ko hiểu kiểu gì luôn nhắn tin đổi trả shop đọc rep lâu nhuw quỷ làm ăn tệ quá chừng chướng mắt",negative
3257260357,"giao hàng trễ hạn tận 1 tuần lận mà thái độ nhân viên cứ loanh quanh cúc áo đứt chỉ tè le vừa mở bọc nilon ra là rụng nguyên cái cúc xuống đất thua nha cừu",negative
3257260357,"Cứu rách chán",negative
3257260357,"đặt cái màu xanh coban hot trend mà giao cho mình cái giẻ lau nhà màu úa úa không hiểu kiểu gì luôn nhắn tin đổi trả shop đọc rep lâu nhuw quỷ làm ăn tệ quá chừng trờ owi",negative
3257260357,"Á đù chim ưng nha mí bà iu",positive
3257260357,"Móa xịn",positive
3257260357,"nhàu chướng mắt",negative
3257260357,"Ối giời giao hàng trễ hạn tận 1 tuần lận mà thái độ nhân viên cứ loanh quanh cúc áo đứt chỉ tè le vừa mở bọc nilon ra là rụng nguyên cái cúc xuống đất thua ạ",negative
3257260357,"Chùi ui đóng gói siêu cấp cẩn thận 3 lớp lận bóc mỏi tay áo vest thơm phức không bị mùi xưởng may dáng body cực nét mặc phát như tổng tài ố mài gọt kkk",positive
3257260357,"Trời vực đặt cái màu xanh coban hot trend mà giao cho mình cái giẻ lau nhà màu úa úa không hiểu kiểu gì luôn nhắn tin đổi trả shop đọc rep lâu như quỷ làm ăn tệ quá chừng",negative
3257260357,"Đm tệ :((",negative
3257260357,"oimeoi duyệt kkk",positive
3257260357,"Ối giời thất vọng cực kỳ với cái chất liệu luôn ghi trên mô tả polyester xịn xò gì đó mà nhận về y như nylong 100% nóng chảy mỡ mặc một lúc mồ hôi ướt nhẹp form áo thì kì cục 2 bên vai ko cân nhau",negative
3257260357,"chật",negative
3257260357,"Vl tệ",negative
3257260357,"Chán chật chán",negative
3257260357,"Trời vực xấu 😡",negative
3257260357,"Trời vực vứt trờ owi",negative
3257260357,"Ối giời thất vọng cực kỳ với cái chất liệu luôn ghi trên mô tả polyester xịn xò gì đó mà nhận về y nhuw nylong 100% nóng chảy mỡ mặc một lúc mồ hôi ướt nhẹp form áo thì kì cục 2 bên vai không cân nhau vcl",negative
3257260357,"nóng 😡",negative
3257260357,"Ối giời tệ chướng mắt",negative
3257260357,"Vl bán hàng lừa đảo zải phai màu giặt phát lem nhem hết ra mấy cái áo vest trắng khác tiếc đứt ruột gọi điện thoại shop thuê bao luôn ạ hãi hùng cái kiểu làm ăn gian dối chướng mắt",negative
3257260357,"dáng chuẩn 💯",positive
3257260357,"mọi người ơi tin mình đi nên chốt đơn liền nha áo vest này lên form ngầu lắm chất liệu dạ phối nỉ da cá cực kỳ nịnh mắt luôn móa shop rep tin nhắn cũng dễ thương nữa kkk 10 điểm á",positive
2419615298,"thề luôn mọi người ơi tin mình đi nên chốt đơn liền nha áo vest này lên form ngầu lắm chất liệu dạ phối nỉ da cá cực kỳ nịnh mắt luôn móa shop rep tin nhắn cũng dễ thương nữa kkk 10 điểm nha mí bà iu",positive
2419615298,"trời vực dở tệ chướng mắt",negative
2419615298,"duyệt á",positive
2419615298,"Chán tệ chướng mắt",negative
2419615298,"Má đặt cái màu xanh coban hot trend mà giao cho mình cái giẻ lau nhà màu úa úa không hiểu kiểu gì luôn nhắn tin đổi trả shop đọc rep lâu như quỷ làm ăn tệ quá chừng 😡",negative
2419615298,"móa mới đầu tưởng mua qua mạng form rộng xộc xệch ai dè mạc vừa in luôn chời đường chỉ chắc chắn lắm k có chỉ thừa như mấy shop khác đâu nha mí bà iu",positive
2419615298,"Eo ôi mua tặng bồ mà bồ khen nức nở bảo chất thô dạ này mặc không bị bí với cứng đâu form hàn xẻng các kiểu nhìn tôn dáng dã man con ngan luôn luôn",positive
2419615298,"xấu",negative
2419615298,"Ối giời chật ạ",negative
2419615298,"Trời vực ak lửng croptop gì dài thòng nhu áo mượn của mẹ ấy mình m6 mặc nhìn buồn cười vl zải thô ráp xù lông te tua nói hố tiền mua về chỉ để vứt xó nha mọi người tránh xa nha cừu",negative
2419615298,"thất vọng cực kỳ với cái chất liệu luôn ghi trên mô tả polyester xịn xò gì đó mà nhận về y như nylong 100% nóng chảy mỡ mặc một lúc mồ hôi ướt nhẹp form áo vest thì kì cục 2 bên vai không cân nhau",negative
2419615298,"Thích thật ok nha",positive
2419615298,"Móa keo xỉu =)))",positive
2419615298,"bán hàng lừa đảo vãi phai màu giặt phát lem nhem hết ra mấy cái áo vest trắng khác tiếc đứt ruột gọi điện thoại shop thuê bao luôn ạ hãi hùng cái kiểu làm ăn gian dối ạ",negative
2419615298,"ối giời nhàu trờ owi",negative
2419615298,"Á đù ok kkk",positive
2419615298,"Má giao hàng trễ hạn tận 1 tuần lận mà thái độ nhân viên cứ loanh quanh cúc áo đứt chỉ tè le vừa mở bọc nilon ra là rụng nguyên cái cúc xuống đất thua thua",negative
2419615298,"mặc ngon nà",positive
2419615298,"Thề luôn duyệt ^^",positive
2419615298,"Móa mới đầu tưởng mua qua mạng form rộng xộc xệch ai dè mạc vừa in luôn chời đường chỉ chắc chắn lắm k có chỉ thừa như mấy shop khác đâu nà",positive
2419615298,"ngon nghẻ 💯",positive
2419615298,"Đm xấu nha shop ơi",negative
2419615298,"đm tệ",negative
2419615298,"thất vọng cực kỳ với cái chất liệu luôn ghi trên mô tả polyester xịn xò gì đó mà nhận về y như nylong 100% nóng chảy mỡ mặc một lúc mồ hôi ướt nhẹp form áo thì kì cục 2 bên vai không cân nhau vcl",negative
2419615298,"10 điểm đóng gói siêu cấp cẩn thận 3 lớp lận bóc mỏi tay áo vest thơm phức kg bị mùi xưởng may dáng body cực nét mặc phát nhu tổng tài ố mài gọt kkk",positive
2419615298,"Oimeoi chim ưng xỉu =)))",positive
2424926972,"áo lửng croptop gì dài thòng như áo mượn của mẹ ấy mình m6 mặc nhìn buồn cười vl zải thô ráp xù lông te tua nói hố tiền mua về chỉ để vứt xó nha mọi người tránh xa",negative
2424926972,"10 điểm đóng gói siêu cấp cẩn thận 3 lớp lận bóc mỏi tay áo vest thơm phức không bị mùi xưởng may dáng body cực nét mặc phát như tổng tài ố mài gọt ^^",positive
2424926972,"Thích thật đóng gói siêu cấp cẩn thận 3 lớp lận bóc mỏi tay áo vest thơm phức không bị mùi xưởng may dáng body cực nét mặc phát như tổng tài ố mài gọt kkk",positive
2424926972,"đm vô học vcl",negative
2424926972,"Chời ơi tôi mua cho e trai tôi mặc đi học sinh viên mạc kiểu blazer này củ chuối mà vẫn sang á vải mềm mát tôn dáng mà giá hạt dẻ nữa chất keo nha ^^",positive
2424926972,"Thích thật mua tặng bồ mà bồ khen nức nở bảo chất thô dạ này mặc không bị bí với cứng đâu form hàn xẻng các kiểu nhìn tôn dáng dã man con ngan luôn nha mí bà iu",positive
2424926972,"Cứu vô học nha cừu",negative
2424926972,"Thề luôn xịn luôn",positive
2424926972,"Thề luôn keo xỉu =)))",positive
2424926972,"xấu 😡",negative
2424926972,"Đm đặt cái màu xanh coban hot trend mà giao cho mình cái giẻ lau nhà màu úa úa khong hiểu kiểu gì luôn nhắn tin đổi trả shop đọc rep lâu nhu quỷ làm ăn tệ qá chừng 😡",negative
2424926972,"oimeoi mọi người ơi tin mình đi nên chốt đơn liền nha áo vest này lên form ngầu lắm chất liệu dạ phối nỉ da cá cực kỳ nịnh mắt luôn móa shop rep tin nhắn cũng dễ thương nữa kkk 10 điểm ^^",positive
2424926972,"thích thật tôi mua cho e trai tôi mặc đi học sinh viên mạc kiểu blazer này củ chuối mà vẫn sang á vải mềm mát tôn dáng mà giá hạt dẻ nữa chất keo nha kkk",positive
2424926972,"Thích thật mặc ngon nha",positive
2424926972,"Đỉnh keo ^^",positive
2424926972,"mua tặng bồ mà bồ khen nức nở bảo chất thô dạ này mặc k bị bí với cứng đâu form hàn xẻng các kiểu nhìn tôn dáng dã man con ngan luôn ^^",positive
2424926972,"Chùi ui duyệt xỉu =)))",positive
2424926972,"Thích thật mọi người ơi tin mình đi nên chốt đơn liền nha áo vest này lên form ngầu lắm chất liệu dạ phối nỉ da cá cực kỳ nịnh mắt luôn móa shop rep tin nhắn cũng dễ thương nữa kkk 10 điểm nha mí bà iu",positive
2424926972,"Sợ hãi vô học :((",negative
2424926972,"Móa mặc ngon ^^",positive
2424926972,"10 điểm chim ưng quá á",positive
2424926972,"Chời ơi ok luôn",positive
2424926972,"Chời ơi dáng chuẩn 💯",positive
2424926972,"Thề luôn mới đầu tưởng mua qua mạng form rộng xộc xệch ai dè mạc vừa in luôn chời đường chỉ chắc chắn lắm k có chỉ thừa như mấy shop khác đâu nha mí bà iu",positive
2424926972,"chim ưng nha mí bà iu",positive
2424926972,"móa tôi mua cho e trai tôi mặc đi học sinh viên mạc kiểu blazer này củ chuối mà vẫn sang á vải mềm mát tôn dáng mà giá hạt dẻ nữa chất keo nha nà",positive
2424926972,"10 điểm duyệt",positive
2424926972,"eo ôi mọi người ơi tin mình đi nên chốt đơn liền nha ak vest này lên form ngầu lắm chất liệu dạ phối nỉ da cá cực kỳ nịnh mắt luôn móa shop rep tin nhắn cũng dễ thương nữa kkk 10 điểm",positive
2424926972,"đặt cái màu xanh coban hot trend mà giao cho mình cái giẻ lau nhà màu úa úa không hiểu kiểu gì luôn nhắn tin đổi trả shop đọc rep lâu như quỷ làm ăn tệ quá chừng vcl",negative
2424926972,"Đỉnh xịn nha",positive
2424926972,"Thề luôn đẹp 😍",positive
2424926972,"đóng gói siêu cấp cẩn thận 3 lớp lận bóc mỏi tay áo vest thơm phức không bị mùi xưởng may dáng body cực nét mặc phát như tổng tài ố mài gọt luôn",positive
2424926972,"Đỉnh mọi người ơi tin mình đi nên chốt đơn liền nha áo vest này lên form ngầu lắm chất liệu dạ phối nỉ da cá cực kỳ nịnh mắt luôn móa shop rep tin nhắn cũng dễ thương nữa kkk 10 điểm 💯",positive
3228251385,"Thích thật mua tặng bồ mà bồ khen nức nở bảo chất thô dạ này mặc không bị bí với cứng đâu form hàn xẻng các kiểu nhìn tôn dáng dã man con ngan luôn 😍",positive
3228251385,"Thích thật đóng gói siêu cấp cẩn thận 3 lớp lận bóc mỏi tay áo vest thơm phức không bị mùi xưởng may dáng body cực nét mặc phát như tổng tài ố mài gọt ^^",positive
3228251385,"Đỉnh đóng gói siêu cấp cẩn thận 3 lớp lận bóc mỏi tay áo vest thơm phức không bị mùi xưởng may dáng body cực nét mặc phát như tổng tài ố mài gọt 😍",positive
3228251385,"Móa tôi mua cho e trai tôi mặc đi học sinh viên mạc kiểu blazer này củ chuối mà vẫn sang á vải mềm mát tôn dáng mà giá hạt dẻ nữa chất keo nha 😍",positive
3228251385,"Chùi ui đóng gói siêu cấp cẩn thận 3 lớp lận bóc mỏi tay áo vest thơm phức hem bị mùi xưởng may dáng body cực nét mặc phát nhuw tổng tài ố mài gọt nà",positive
3228251385,"Chùi ui mới đầu tưởng mua qua mạng form rộng xộc xệch ai dè mạc vừa in luôn chời đường chỉ chắc chắn lắm k có chỉ thừa như mấy shop khác đâu",positive
3228251385,"chời ơi duyệt 😍",positive
3228251385,"Chùi ui xịn nà",positive
3228251385,"Thề luôn mọi người ơi tin mình đi nên chốt đơn liền nha áo vest này lên form ngầu lắm chất liệu dạ phối nỉ da cá cực kỳ nịnh mắt luôn móa shop rep tin nhắn cũng dễ thương nữa kkk 10 điểm á",positive
3228251385,"Chời ơi ngon nghẻ 😍",positive
3228251385,"Thề luôn mặc ngon ^^",positive
3228251385,"Móa mua tặng bồ mà bồ khen nức nở bảo chất thô dạ này mặc hơm bị bí với cứng đâu form hàn xẻng các kiểu nhìn tôn dáng dã man con ngan luôn nà",positive
3228251385,"10 điểm mới đầu tưởng mua qua mạng form rộng xộc xệch ai dè mạc vừa in luôn chời đường chỉ chắc chắn lắm k có chỉ thừa như mấy shop khác đâu xỉu =)))",positive
3228251385,"keo nha",positive
3228251385,"10 điểm mọi người ơi tin mình đi nên chốt đơn liền nha áo vest này lên form ngầu lắm chất liệu dạ phối nỉ da cá cực kỳ nịnh mắt luôn móa shop rep tin nhắn cũng dễ thương nữa kkk 10 điểm",positive
3228251385,"eo ôi mua tặng bồ mà bồ khen nức nở bảo chất thô dạ này mặc k bị bí với cứng đâu form hàn xẻng các kiểu nhìn tôn dáng dã man con ngan luôn 😍",positive
3228251385,"10 điểm chim ưng nha",positive
3228251385,"Oimeoi chim ưng nha",positive
3228251385,"keo 😍",positive
3228251385,"Thích thật mọi người ơi tin mình đi nên chốt đơn liền nha áo vest này lên form ngầu lắm chất liệu dạ phối nỉ da cá cực kỳ nịnh mắt luôn móa shop rep tin nhắn cũng dễ thương nữa kkk 10 điểm ^^",positive
3228251385,"móa vải mát luôn",positive
3228251385,"mới đầu tưởng mua qua mạng form rộng xộc xệch ai dè mạc vừa in luôn chời đường chỉ chắc chắn lắm k có chỉ thừa như mấy shop khác đâu xỉu =)))",positive
3228251385,"Móa mọi người ơi tin mình đi nên chốt đơn liền nha áo vest này lên form ngầu lắm chất liệu dạ phối nỉ da cá cực kỳ nịnh mắt luôn móa shop rep tin nhắn cũng dễ thương nữa kkk 10 điểm kkk",positive
3228251385,"tôi mua cho e trai tôi mặc đi học sinh viên mạc kiểu blazer này củ chuối mà vẫn sang á vải mềm mát tôn dáng mà giá hạt dẻ nữa chất keo nha kkk",positive
3228251385,"chim ưng quá",positive
3171065904,"chật trờ owi",negative
3171065904,"Eo ôi đóng gói siêu cấp cẩn thận 3 lớp lận bóc mỏi tay áo vest thơm phức khong bị mùi xưởng may dáng body cực nét mặc phát nhuw tổng tài ố mài gọt kkk",positive
3171065904,"nóng thua",negative
3171065904,"giao hàng trễ hạn tận 1 tuần lận mà thái độ nhân viên cứ loanh quanh cúc áo đứt chỉ tè le vừa mở bọc nilon ra là rụng nguyên cái cúc xuống đất thua trờ owi",negative
3171065904,"đm giao hàng trễ hạn tận 1 tuần lận mà thái độ nhân viên cứ loanh quanh cúc áo đứt chỉ tè le vừa mở bọc nilon ra là rụng nguyên cái cúc xuống đất thua trờ owi",negative
3171065904,"Đỉnh đóng gói siêu cấp cẩn thận 3 lớp lận bóc mỏi tay ak vest thơm phức không bị mùi xưởng may dáng body cực nét mặc phát như tổng tài ố mài gọt kkk",positive
3171065904,"rách ạ",negative
3171065904,"Thích thật chim ưng quá nà",positive
3171065904,"Sợ hãi bán hàng lừa đảo vải phai màu giặt phát lem nhem hết ra mấy cái ak trắng khác tiếc đứt ruột gọi điện thoại shop thuê bao luôn ạ hãi hùng cái kiểu làm ăn gian dối 😡",negative
3171065904,"Chời ơi mặc ngon xỉu =)))",positive
3171065904,"mọi người ơi tin mình đi nên chốt đơn liền nha áo vest này lên form ngầu lắm chất liệu dạ phối nỉ da cá cực kỳ nịnh mắt luôn móa shop rep tin nhắn cũng dễ thương nữa kkk 10 điểm kkk",positive
3171065904,"bán hàng lừa đảo vải phai màu giặt phát lem nhem hết ra mấy cái áo vest trắng khác tiếc đứt ruột gọi điện thoại shop thuê bao luôn ạ hãi hùng cái kiểu làm ăn gian dối chướng mắt",negative
3171065904,"Chời ơi ngon nghẻ luôn",positive
3171065904,"đm thất vọng cực kỳ với cái chất liệu luôn ghi trên mô tả polyester xịn xò gì đó mà nhận về y như nylong 100% nóng chảy mỡ mặc một lúc mồ hôi ướt nhẹp form áo thì kì cục 2 bên vai không cân nhau 😡",negative
3171065904,"Chùi ui chim ưng qá nha mí bà iu",positive
3171065904,"Sợ hãi xấu nha cừu",negative
3171065904,"Đm nóng chướng mắt",negative
3171065904,"Sợ hãi xấu nha cừu",negative
3171065904,"tệ thua",negative
3171065904,"thích thật chim ưng nha mí bà iu",positive
3171065904,"Móa keo luôn",positive
3127787369,"Thất vọng nhàu nha shop ơi",negative
3127787369,"đóng gói siêu cấp cẩn thận 3 lớp lận bóc mỏi tay áo vest thơm phức k bị mùi xưởng may dáng body cực nét mặc phát như tổng tài ố mài gọt 😍",positive
3127787369,"Cứu rách chướng mắt",negative
3127787369,"tôi mua cho e trai tôi mặc đi học sinh viên mạc kiểu blazer này củ chuối mà vẫn sang á vải mềm mát tôn dáng mà giá hạt dẻ nữa chất keo nha 💯",positive
3127787369,"Sợ hãi chật chướng mắt",negative
3127787369,"Má xấu nha cừu",negative
3127787369,"Thất vọng nóng chán",negative
3127787369,"đỉnh đóng gói siêu cấp cẩn thận 3 lớp lận bóc mỏi tay áo vest vest thơm phức ko bị mùi xưởng may dáng body cực nét mặc phát như tổng tài ố mài gọt",positive
3127787369,"10 điểm keo nha mí bà iu",positive
3127787369,"Oimeoi chim ưng á",positive
3127787369,"Eo ôi mọi người ơi tin mình đi nên chốt đơn liền nha áo vest này lên form ngầu lắm chất liệu dạ phối nỉ da cá cực kỳ nịnh mắt luôn móa shop rep tin nhắn cũng dễ thương nữa kkk 10 điểm xỉu =)))",positive
3127787369,"10 điểm tôi mua cho e trai tôi mặc đi học sinh viên mạc kiểu blazer này củ chuối mà vẫn sang á vải mềm mát tôn dáng mà giá hạt dẻ nữa chất keo nha ^^",positive
3127787369,"Thích thật mua tặng bồ mà bồ khen nức nở bảo chất thô dạ này mặc k bị bí với cứng đâu form hàn xẻng các kiểu nhìn tôn dáng dã man con ngan luôn",positive
3127787369,"10 điểm chim ưng nha",positive
3127787369,"Á đù zải mát luôn",positive
3127787369,"Thề luôn mới đầu tưởng mua qua mạng form rộng xộc xệch ai dè mạc vừa in luôn chời đường chỉ chắc chắn lắm k có chỉ thừa như mấy shop khác đâu nha",positive
3127787369,"Oimeoi vãi mát á",positive
3127787369,"Thề luôn mọi người ơi tin mình đi nên chốt đơn liền nha áo vest này lên form ngầu lắm chất liệu dạ phối nỉ da cá cực kỳ nịnh mắt luôn móa shop rep tin nhắn cũng dễ thương nữa kkk 10 điểm nha",positive
3127787369,"Trời vực rách thua",negative
3127787369,"nóng thua",negative
3127787369,"Thề luôn keo nha",positive
3127787369,"Eo ôi mua tặng bồ mà bồ khen nức nở bảo chất thô dạ này mặc ko bị bí với cứng đâu form hàn xẻng các kiểu nhìn tôn dáng dã man con ngan luôn luôn",positive
3127787369,"Á đù mới đầu tưởng mua qua mạng form rộng xộc xệch ai dè mạc vừa in luôn chời đường chỉ chắc chắn lắm k có chỉ thừa như mấy shop khác đâu nà",positive
3127787369,"thất vọng cực kỳ với cái chất liệu luôn ghi trên mô tả polyester xịn xò gì đó mà nhận về y như nylong 100% nóng chảy mỡ mặc một lúc mồ hôi ướt nhẹp form ak thì kì cục 2 bên vai hơm cân nhau :((",negative
2425957261,"Thề luôn ok 💯",positive
2425957261,"Thề luôn dáng chuẩn á",positive
2425957261,"Cứu áo lửng croptop gì dài thòng như áo mượn của mẹ ấy mình m6 mặc nhìn buồn cười vl chất thô ráp xù lông te tua nói hố tiền mua về chỉ để vứt xó nha mọi người tránh xa thua",negative
2425957261,"Eo ôi keo kkk",positive
2425957261,"đóng gói siêu cấp cẩn thận 3 lớp lận bóc mỏi tay áo vest thơm phức ko bị mùi xưởng may dáng body cực nét mặc phát nhu tổng tài ố mài gọt nà",positive
2425957261,"Eo ôi mới đầu tưởng mua qua mạng form rộng xộc xệch ai dè mạc vừa in luôn chời đường chỉ chắc chắn lắm k có chỉ thừa như mấy shop khác đâu luôn",positive
2425957261,"Thất vọng giao hàng trễ hạn tận 1 tuần lận mà thái độ nhân viên cứ loanh quanh cúc áo đứt chỉ tè le vừa mở bọc nilon ra là rụng nguyên cái cúc xuống đất thua thua",negative
2425957261,"Sợ hãi đặt cái màu xanh coban hot trend mà giao cho mình cái giẻ lau nhà màu úa úa khong hiểu kiểu gì luôn nhắn tin đổi trả shop đọc rep lâu như quỷ làm ăn tệ quóa chừng nha shop ơi",negative
2425957261,"mới đầu tưởng mua qua mạng form rộng xộc xệch ai dè mạc vừa in luôn chời đường chỉ chắc chắn lắm k có chỉ thừa như mấy shop khác đâu nà",positive
2425957261,"vl thất vọng cực kỳ với cái chất liệu luôn ghi trên mô tả polyester xịn xò gì đó mà nhận về y nhu nylong 100% nóng chảy mỡ mặc một lúc mồ hôi ướt nhẹp form áo thì kì cục 2 bên vai ko cân nhau chướng mắt",negative
2425957261,"eo ôi vải mát xỉu =)))",positive
2425957261,"Chùi ui chim ưng quó nha mí bà iu",positive
2425957261,"Móa mọi người ơi tin mình đi nên chốt đơn liền nha áo vest vest này lên form ngầu lắm chất liệu dạ phối nỉ da cá cực kỳ nịnh mắt luôn móa shop rep tin nhắn cũng dễ thương nữa kkk 10 điểm ^^",positive
2425957261,"10 điểm duyệt xỉu =)))",positive
2425957261,"á đù xịn xỉu =)))",positive
2425957261,"Vl ak lửng croptop gì dài thòng như áo vest mượn của mẹ ấy mình m6 mặc nhìn buồn cười vl vãi thô ráp xù lông te tua nói hố tiền mua về chỉ để vứt xó nha mọi người tránh xa :((",negative
2425957261,"Sợ hãi giao hàng trễ hạn tận 1 tuần lận mà thái độ nhân viên cứ loanh quanh cúc áo đứt chỉ tè le vừa mở bọc nilon ra là rụng nguyên cái cúc xuống đất thua 😡",negative
2425957261,"giao hàng trễ hạn tận 1 tuần lận mà thái độ nhân viên cứ loanh quanh cúc áo đứt chỉ tè le vừa mở bọc nilon ra là rụng nguyên cái cúc xuống đất thua nha shop ơi",negative
2425957261,"vải mát á",positive
2425957261,"Á đù mọi người ơi tin mình đi nên chốt đơn liền nha áo vest này lên form ngầu lắm chất liệu dạ phối nỉ da cá cực kỳ nịnh mắt luôn móa shop rep tin nhắn cũng dễ thương nữa kkk 10 điểm nha",positive
2425957261,"bán hàng lừa đảo vải phai màu giặt phát lem nhem hết ra mấy cái áo trắng khác tiếc đứt ruột gọi điện thoại shop thuê bao luôn ạ hãi hùng cái kiểu làm ăn gian dối vcl",negative
2425957261,"Móa chim ưng quá ^^",positive
2425957261,"10 điểm keo kkk",positive
2425957261,"Chán giao hàng trễ hạn tận 1 tuần lận mà thái độ nhân viên cứ loanh quanh cúc áo đứt chỉ tè le vừa mở bọc nilon ra là rụng nguyên cái cúc xuống đất thua vcl",negative
2425957261,"Vl xấu thua",negative
2425957261,"Má vô học thua",negative
2425957261,"má chật :((",negative
2425957261,"keo xỉu =)))",positive
2425957261,"Á đù đóng gói siêu cấp cẩn thận 3 lớp lận bóc mỏi tay áo vest thơm phức không bị mùi xưởng may dáng body cực nét mặc phát như tổng tài ố mài gọt á",positive
2425957261,"má thất vọng cực kỳ với cái chất liệu luôn ghi trên mô tả polyester xịn xò gì đó mà nhận về y như nylong 100% nóng chảy mỡ mặc một lúc mồ hôi ướt nhẹp form ak thì kì cục 2 bên vai không cân nhau vcl",negative
2425957261,"chùi ui mới đầu tưởng mua qua mạng form rộng xộc xệch ai dè mạc vừa in luôn chời đường chỉ chắc chắn lắm k có chỉ thừa nhu mấy shop khác đâu kkk",positive
2451010808,"Á đù đẹp á",positive
2451010808,"Đm áo lửng croptop gì dài thòng như áo mượn của mẹ ấy mình m6 mặc nhìn buồn cười vl vải thô ráp xù lông te tua nói hố tiền mua về chỉ để vứt xó nha mọi người tránh xa 😡",negative
2451010808,"mọi người ơi tin mình đi nên chốt đơn liền nha áo vest này lên form ngầu lắm chất liệu dạ phối nỉ da cá cực kỳ nịnh mắt luôn móa shop rep tin nhắn cũng dễ thương nữa kkk 10 điểm 😍",positive
2451010808,"tôi mua cho e trai tôi mặc đi học sinh viên mạc kiểu blazer này củ chuối mà vẫn sang á zải mềm mát tôn dáng mà giá hạt dẻ nữa chất keo nha 💯",positive
2451010808,"Thích thật mua tặng bồ mà bồ khen nức nở bảo chất thô dạ này mặc không bị bí với cứng đâu form hàn xẻng các kiểu nhìn tôn dáng dã man con ngan luôn nà",positive
2451010808,"Đm nhàu chướng mắt",negative
2451010808,"10 điểm chất mát 😍",positive
2451010808,"tôi mua cho e trai tôi mặc đi học sinh viên mạc kiểu blazer này củ chuối mà vẫn sang á vải mềm mát tôn dáng mà giá hạt dẻ nữa chất keo nha luôn",positive
2451010808,"Đm giao hàng trễ hạn tận 1 tuần lận mà thái độ nhân viên cứ loanh quanh cúc ak đứt chỉ tè le vừa mở bọc nilon ra là rụng nguyên cái cúc xuống đất thua vcl",negative
2451010808,"Đỉnh đóng gói siêu cấp cẩn thận 3 lớp lận bóc mỏi tay áo vest thơm phức kg bị mùi xưởng may dáng body cực nét mặc phát như tổng tài ố mài gọt á",positive
2451010808,"Ối giời áo vest lửng croptop gì dài thòng như ak mượn của mẹ ấy mình m6 mặc nhìn buồn cười vl zải thô ráp xù lông te tua nói hố tiền mua về chỉ để vứt xó nha mọi người tránh xa nha shop ơi",negative
2451010808,"Đỉnh mới đầu tưởng mua qua mạng form rộng xộc xệch ai dè mạc vừa in luôn chời đường chỉ chắc chắn lắm k có chỉ thừa như mấy shop khác đâu nha mí bà iu",positive
2451010808,"Đỉnh tôi mua cho e trai tôi mặc đi học sinh viên mạc kiểu blazer này củ chuối mà vẫn sang á vải mềm mát tôn dáng mà giá hạt dẻ nữa chất keo nha 💯",positive
2451010808,"Á đù mới đầu tưởng mua qua mạng form rộng xộc xệch ai dè mạc vừa in luôn chời đường chỉ chắc chắn lắm k có chỉ thừa như mấy shop khác đâu 💯",positive
2451010808,"Chời ơi chim ưng quó nà",positive
2451010808,"thất vọng giao hàng trễ hạn tận 1 tuần lận mà thái độ nhân viên cứ loanh quanh cúc ak đứt chỉ tè le vừa mở bọc nilon ra là rụng nguyên cái cúc xuống đất thua :((",negative
2451010808,"thất vọng cực kỳ với cái chất liệu luôn ghi trên mô tả polyester xịn xò gì đó mà nhận về y như nylong 100% nóng chảy mỡ mặc một lúc mồ hôi ướt nhẹp form ak thì kì cục 2 bên vai không cân nhau chán",negative
2451010808,"10 điểm mới đầu tưởng mua qua mạng form rộng xộc xệch ai dè mạc vừa in luôn chời đường chỉ chắc chắn lắm k có chỉ thừa như mấy shop khác đâu 😍",positive
2451010808,"Đỉnh duyệt nà",positive
2451010808,"mua tặng bồ mà bồ khen nức nở bảo chất thô dạ này mặc không bị bí với cứng đâu form hàn xẻng các kiểu nhìn tôn dáng dã man con ngan luôn luôn",positive
2451010808,"tôi mua cho e trai tôi mặc đi học sinh viên mạc kiểu blazer này củ chuối mà vẫn sang á vải mềm mát tôn dáng mà giá hạt dẻ nữa chất keo nha 💯",positive
2451010808,"Chán xấu nha cừu",negative
2451010808,"phèn 😡",negative
2451010808,"vứt chướng mắt",negative
2451010808,"áo lửng croptop gì dài thòng như áo mượn của mẹ ấy mình m6 mặc nhìn buồn cười vl vải thô ráp xù lông te tua nói hố tiền mua về chỉ để vứt xó nha mọi người tránh xa",negative
2451010808,"chán bán hàng lừa đảo vải phai màu giặt phát lem nhem hết ra mấy cái áo trắng khác tiếc đứt ruột gọi điện thoại shop thuê bao luôn ạ hãi hùng cái kiểu làm ăn gian dối chán",negative
2451010808,"oimeoi mới đầu tưởng mua qua mạng form rộng xộc xệch ai dè mạc vừa in luôn chời đường chỉ chắc chắn lắm k có chỉ thừa nhu mấy shop khác đâu kkk",positive
2451010808,"Vl phèn nha shop ơi",negative
2451010808,"Chùi ui ok luôn",positive
2451010808,"nóng thua",negative
2451010808,"Vl phèn nha shop ơi",negative
2451010808,"Chùi ui tôi mua cho e trai tôi mặc đi học sinh viên mạc kiểu blazer này củ chuối mà vẫn sang á zải mềm mát tôn dáng mà giá hạt dẻ nữa chất keo nha kkk",positive
2451010808,"Thích thật chim ưng qá",positive
2451010808,"Má bán hàng lừa đảo vải phai màu giặt phát lem nhem hết ra mấy cái áo trắng khác tiếc đứt ruột gọi điện thoại shop thuê bao luôn ạ hãi hùng cái kiểu làm ăn gian dối chướng mắt",negative
2451010808,"Trời vực giao hàng trễ hạn tận 1 tuần lận mà thái độ nhân viên cứ loanh quanh cúc áo đứt chỉ tè le vừa mở bọc nilon ra là rụng nguyên cái cúc xuống đất thua nha cừu",negative
2451010808,"Oimeoi mặc ngon 😍",positive
2285638770,"Đỉnh mới đầu tưởng mua qua mạng form rộng xộc xệch ai dè mạc vừa in luôn chời đường chỉ chắc chắn lắm k có chỉ thừa như mấy shop khác đâu 💯",positive
2285638770,"Thề luôn dáng chuẩn á",positive
2285638770,"Oimeoi mới đầu tưởng mua qua mạng form rộng xộc xệch ai dè mạc vừa in luôn chời đường chỉ chắc chắn lắm k có chỉ thừa nhu mấy shop khác đâu ^^",positive
2285638770,"chời ơi mua tặng bồ mà bồ khen nức nở bảo chất thô dạ này mặc không bị bí với cứng đâu form hàn xẻng các kiểu nhìn tôn dáng dã man con ngan luôn ^^",positive
2285638770,"dở tệ",negative
2285638770,"mọi người ơi tin mình đi nên chốt đơn liền nha áo vest này lên form ngầu lắm chất liệu dạ phối nỉ da cá cực kỳ nịnh mắt luôn móa shop rep tin nhắn cũng dễ thương nữa kkk 10 điểm á",positive
2285638770,"tôi mua cho e trai tôi mặc đi học sinh viên mạc kiểu blazer này củ chuối mà vẫn sang á vải mềm mát tôn dáng mà giá hạt dẻ nữa chất keo nha nha mí bà iu",positive
2285638770,"Oimeoi keo á",positive
2285638770,"ok 💯",positive
2285638770,"Chùi ui mọi người ơi tin mình đi nên chốt đơn liền nha áo vest này lên form ngầu lắm chất liệu dạ phối nỉ da cá cực kỳ nịnh mắt luôn móa shop rep tin nhắn cũng dễ thương nữa kkk 10 điểm xỉu =)))",positive
2285638770,"Chời ơi đẹp",positive
2285638770,"Thề luôn mới đầu tưởng mua qua mạng form rộng xộc xệch ai dè mạc vừa in luôn chời đường chỉ chắc chắn lắm k có chỉ thừa như mấy shop khác đâu á",positive
2285638770,"ngon nghẻ luôn",positive
2285638770,"thích thật mặc ngon nha",positive
2285638770,"đặt cái màu xanh coban hot trend mà giao cho mình cái giẻ lau nhà màu úa úa không hiểu kiểu gì luôn nhắn tin đổi trả shop đọc rep lâu như quỷ làm ăn tệ quá chừng 😡",negative
2285638770,"Trời vực nhàu :((",negative
2285638770,"Chời ơi mới đầu tưởng mua qua mạng form rộng xộc xệch ai dè mạc vừa in luôn chời đường chỉ chắc chắn lắm k có chỉ thừa nhuw mấy shop khác đâu ^^",positive
2285638770,"Á đù mặc ngon 💯",positive
2285638770,"Eo ôi mua tặng bồ mà bồ khen nức nở bảo chất thô dạ này mặc kg bị bí với cứng đâu form hàn xẻng các kiểu nhìn tôn dáng dã man con ngan luôn",positive
2285638770,"Á đù mọi người ơi tin mình đi nên chốt đơn liền nha áo vest này lên form ngầu lắm chất liệu dạ phối nỉ da cá cực kỳ nịnh mắt luôn móa shop rep tin nhắn cũng dễ thương nữa kkk 10 điểm nha",positive
2285638770,"chùi ui mua tặng bồ mà bồ khen nức nở bảo chất thô dạ này mặc không bị bí với cứng đâu form hàn xẻng các kiểu nhìn tôn dáng dã man con ngan luôn",positive
2285638770,"Á đù đẹp nha",positive
2285638770,"Thích thật keo kkk",positive
2285638770,"đỉnh mặc ngon luôn",positive
2285638770,"Thích thật đóng gói siêu cấp cẩn thận 3 lớp lận bóc mỏi tay áo vest vest thơm phức k bị mùi xưởng may dáng body cực nét mặc phát như tổng tài ố mài gọt 😍",positive
2285638770,"Má vô học 😡",negative
2285638770,"tôi mua cho e trai tôi mặc đi học sinh viên mạc kiểu blazer này củ chuối mà vẫn sang á vải mềm mát tôn dáng mà giá hạt dẻ nữa chất keo nha nà",positive
2285638770,"chán áo lửng croptop gì dài thòng như áo mượn của mẹ ấy mình m6 mặc nhìn buồn cười vl vải thô ráp xù lông te tua nói hố tiền mua về chỉ để vứt xó nha mọi người tránh xa nha shop ơi",negative
2285638770,"Đỉnh chim ưng quó luôn",positive
2285638770,"đỉnh tôi mua cho e trai tôi mặc đi học sinh viên mạc kiểu blazer này củ chuối mà vẫn sang á vải mềm mát tôn dáng mà giá hạt dẻ nữa chất keo nha nà",positive
2285638770,"Móa đp xỉu =)))",positive
2285638770,"Đỉnh mua tặng bồ mà bồ khen nức nở bảo chất thô dạ này mặc không bị bí với cứng đâu form hàn xẻng các kiểu nhìn tôn dáng dã man con ngan luôn 😍",positive
2285638770,"keo nà",positive
1143456844,"Chán bán hàng lừa đảo zải phai màu giặt phát lem nhem hết ra mấy cái áo vest trắng khác tiếc đứt ruột gọi điện thoại shop thuê bao luôn ạ hãi hùng cái kiểu làm ăn gian dối ạ",negative
1143456844,"đóng gói siêu cấp cẩn thận 3 lớp lận bóc mỏi tay áo vest thơm phức không bị mùi xưởng may dáng body cực nét mặc phát nhu tổng tài ố mài gọt nha mí bà iu",positive
1143456844,"Á đù chim ưng quá 😍",positive
1143456844,"Oimeoi đóng gói siêu cấp cẩn thận 3 lớp lận bóc mỏi tay áo vest thơm phức hơm bị mùi xưởng may dáng body cực nét mặc phát như tổng tài ố mài gọt nha mí bà iu",positive
1143456844,"10 điểm keo 😍",positive
1143456844,"áo lửng croptop gì dài thòng như áo vest mượn của mẹ ấy mình m6 mặc nhìn buồn cười vl vãi thô ráp xù lông te tua nói hố tiền mua về chỉ để vứt xó nha mọi người tránh xa nha shop ơi",negative
1143456844,"á đù ok nà",positive
1143456844,"Chán áo vest lửng croptop gì dài thòng nhuw áo mượn của mẹ ấy mình m6 mặc nhìn buồn cười vl zải thô ráp xù lông te tua nói hố tiền mua về chỉ để vứt xó nha mọi người tránh xa thua",negative
1143456844,"Á đù đóng gói siêu cấp cẩn thận 3 lớp lận bóc mỏi tay áo vest thơm phức k bị mùi xưởng may dáng body cực nét mặc phát như tổng tài ố mài gọt nha mí bà iu",positive
1143456844,"Thích thật mọi người ơi tin mình đi nên chốt đơn liền nha áo vest này lên form ngầu lắm chất liệu dạ phối nỉ da cá cực kỳ nịnh mắt luôn móa shop rep tin nhắn cũng dễ thương nữa kkk 10 điểm nha mí bà iu",positive
1143456844,"Chán phèn",negative
1143456844,"Móa mua tặng bồ mà bồ khen nức nở bảo chất thô dạ này mặc khong bị bí với cứng đâu form hàn xẻng các kiểu nhìn tôn dáng dã man con ngan luôn 😍",positive
1143456844,"Chán áo lửng croptop gì dài thòng như áo mượn của mẹ ấy mình m6 mặc nhìn buồn cười vl vải thô ráp xù lông te tua nói hố tiền mua về chỉ để vứt xó nha mọi người tránh xa ạ",negative
1143456844,"Chùi ui tôi mua cho e trai tôi mặc đi học sinh viên mạc kiểu blazer này củ chuối mà vẫn sang á chất mềm mát tôn dáng mà giá hạt dẻ nữa chất keo nha nha mí bà iu",positive
1143456844,"oimeoi mới đầu tưởng mua qua mạng form rộng xộc xệch ai dè mạc vừa in luôn chời đường chỉ chắc chắn lắm k có chỉ thừa như mấy shop khác đâu nha mí bà iu",positive
1143456844,"Chán tệ ạ",negative
1143456844,"mọi người ơi tin mình đi nên chốt đơn liền nha áo vest vest này lên form ngầu lắm chất liệu dạ phối nỉ da cá cực kỳ nịnh mắt luôn móa shop rep tin nhắn cũng dễ thương nữa kkk 10 điểm á",positive
1143456844,"Móa chim ưng quá xỉu =)))",positive
1143456844,"Eo ôi mới đầu tưởng mua qua mạng form rộng xộc xệch ai dè mạc vừa in luôn chời đường chỉ chắc chắn lắm k có chỉ thừa như mấy shop khác đâu nha",positive
1143456844,"mọi người ơi tin mình đi nên chốt đơn liền nha ak vest này lên form ngầu lắm chất liệu dạ phối nỉ da cá cực kỳ nịnh mắt luôn móa shop rep tin nhắn cũng dễ thương nữa kkk 10 điểm luôn",positive
1143456844,"Oimeoi chim ưng nha",positive
1143456844,"tôi mua cho e trai tôi mặc đi học sinh viên mạc kiểu blazer này củ chuối mà vẫn sang á vải mềm mát tôn dáng mà giá hạt dẻ nữa chất keo nha 😍",positive
1143456844,"Chùi ui mới đầu tưởng mua qua mạng form rộng xộc xệch ai dè mạc vừa in luôn chời đường chỉ chắc chắn lắm k có chỉ thừa như mấy shop khác đâu 😍",positive
1143456844,"Thề luôn vải mát 😍",positive
1143456844,"Oimeoi xịn nha",positive
1143456844,"10 điểm đóng gói siêu cấp cẩn thận 3 lớp lận bóc mỏi tay áo vest thơm phức không bị mùi xưởng may dáng body cực nét mặc phát như tổng tài ố mài gọt luôn",positive
1898380478,"Cứu thất vọng cực kỳ với cái chất liệu luôn ghi trên mô tả polyester xịn xò gì đó mà nhận về y như nylong 100% nóng chảy mỡ mặc một lúc mồ hôi ướt nhẹp form áo thì kì cục 2 bên vai không cân nhau chán",negative
1898380478,"vứt nha shop ơi",negative
1898380478,"mọi người ơi tin mình đi nên chốt đơn liền nha áo vest này lên form ngầu lắm chất liệu dạ phối nỉ da cá cực kỳ nịnh mắt luôn móa shop rep tin nhắn cũng dễ thương nữa kkk 10 điểm ^^",positive
1898380478,"Má chê 😡",negative
1898380478,"đặt cái màu xanh coban hot trend mà giao cho mình cái giẻ lau nhà màu úa úa k hiểu kiểu gì luôn nhắn tin đổi trả shop đọc rep lâu như quỷ làm ăn tệ qá chừng",negative
1898380478,"chán xấu trờ owi",negative
1898380478,"Má giao hàng trễ hạn tận 1 tuần lận mà thái độ nhân viên cứ loanh quanh cúc áo đứt chỉ tè le vừa mở bọc nilon ra là rụng nguyên cái cúc xuống đất thua chán",negative
1898380478,"Sợ hãi áo lửng croptop gì dài thòng như áo mượn của mẹ ấy mình m6 mặc nhìn buồn cười vl vải thô ráp xù lông te tua nói hố tiền mua về chỉ để vứt xó nha mọi người tránh xa vcl",negative
1898380478,"Vl giao hàng trễ hạn tận 1 tuần lận mà thái độ nhân viên cứ loanh quanh cúc áo đứt chỉ tè le vừa mở bọc nilon ra là rụng nguyên cái cúc xuống đất thua :((",negative
1898380478,"ngon nghẻ luôn",positive
1898380478,"Đm nóng nha shop ơi",negative
1898380478,"Chán áo vest lửng croptop gì dài thòng như áo mượn của mẹ ấy mình m6 mặc nhìn buồn cười vl zải thô ráp xù lông te tua nói hố tiền mua về chỉ để vứt xó nha mọi người tránh xa chán",negative
1898380478,"Chán giao hàng trễ hạn tận 1 tuần lận mà thái độ nhân viên cứ loanh quanh cúc áo đứt chỉ tè le vừa mở bọc nilon ra là rụng nguyên cái cúc xuống đất thua :((",negative
1898380478,"10 điểm duyệt 😍",positive
1898380478,"Trời vực xấu chán",negative
1898380478,"Thất vọng chê thua",negative
1898380478,"Chời ơi mua tặng bồ mà bồ khen nức nở bảo chất thô dạ này mặc không bị bí với cứng đâu form hàn xẻng các kiểu nhìn tôn dáng dã man con ngan luôn nha mí bà iu",positive
1898380478,"đặt cái màu xanh coban hot trend mà giao cho mình cái giẻ lau nhà màu úa úa không hiểu kiểu gì luôn nhắn tin đổi trả shop đọc rep lâu như quỷ làm ăn tệ quá chừng nha shop ơi",negative
1898380478,"Á đù tôi mua cho e trai tôi mặc đi học sinh viên mạc kiểu blazer này củ chuối mà vẫn sang á vải mềm mát tôn dáng mà giá hạt dẻ nữa chất keo nha nha",positive
1898380478,"Chùi ui ngon nghẻ nha mí bà iu",positive
1898380478,"Á đù mua tặng bồ mà bồ khen nức nở bảo chất thô dạ này mặc hơm bị bí với cứng đâu form hàn xẻng các kiểu nhìn tôn dáng dã man con ngan luôn nà",positive
1898380478,"đm thất vọng cực kỳ với cái chất liệu luôn ghi trên mô tả polyester xịn xò gì đó mà nhận về y như nylong 100% nóng chảy mỡ mặc một lúc mồ hôi ướt nhẹp form áo vest thì kì cục 2 bên vai không cân nhau thua",negative
1898380478,"Cứu chê :((",negative
1898380478,"thất vọng cực kỳ với cái chất liệu luôn ghi trên mô tả polyester xịn xò gì đó mà nhận về y như nylong 100% nóng chảy mỡ mặc một lúc mồ hôi ướt nhẹp form áo thì kì cục 2 bên vai không cân nhau thua",negative
1898380478,"vl giao hàng trễ hạn tận 1 tuần lận mà thái độ nhân viên cứ loanh quanh cúc áo vest đứt chỉ tè le vừa mở bọc nilon ra là rụng nguyên cái cúc xuống đất thua nha cừu",negative
1898380478,"Thích thật mọi người ơi tin mình đi nên chốt đơn liền nha áo vest này lên form ngầu lắm chất liệu dạ phối nỉ da cá cực kỳ nịnh mắt luôn móa shop rep tin nhắn cũng dễ thương nữa kkk 10 điểm nha",positive
1898380478,"tệ 😡",negative
1898380478,"Eo ôi mua tặng bồ mà bồ khen nức nở bảo chất thô dạ này mặc k bị bí với cứng đâu form hàn xẻng các kiểu nhìn tôn dáng dã man con ngan luôn luôn",positive
1898380478,"Thất vọng thất vọng cực kỳ với cái chất liệu luôn ghi trên mô tả polyester xịn xò gì đó mà nhận về y như nylong 100% nóng chảy mỡ mặc một lúc mồ hôi ướt nhẹp form áo thì kì cục 2 bên vai ko cân nhau :((",negative
1898380478,"oimeoi dáng chuẩn 💯",positive
1898380478,"đp 😍",positive
1898380478,"Móa ok nà",positive
1898380478,"má rách",negative
1898380478,"Thích thật mọi người ơi tin mình đi nên chốt đơn liền nha áo vest vest này lên form ngầu lắm chất liệu dạ phối nỉ da cá cực kỳ nịnh mắt luôn móa shop rep tin nhắn cũng dễ thương nữa kkk 10 điểm luôn",positive
1898380478,"Đm giao hàng trễ hạn tận 1 tuần lận mà thái độ nhân viên cứ loanh quanh cúc áo đứt chỉ tè le vừa mở bọc nilon ra là rụng nguyên cái cúc xuống đất thua chướng mắt",negative
1898380478,"á đù ok 💯",positive
1898380478,"Trời vực chê thua",negative
1898380478,"Chùi ui đóng gói siêu cấp cẩn thận 3 lớp lận bóc mỏi tay áo vest vest thơm phức không bị mùi xưởng may dáng body cực nét mặc phát nhuw tổng tài ố mài gọt 😍",positive
2163618003,"mới đầu tưởng mua qua mạng form rộng xộc xệch ai dè mạc vừa in luôn chời đường chỉ chắc chắn lắm k có chỉ thừa như mấy shop khác đâu nha mí bà iu",positive
2163618003,"Thích thật xịn ^^",positive
2163618003,"thất vọng cực kỳ với cái chất liệu luôn ghi trên mô tả polyester xịn xò gì đó mà nhận về y như nylong 100% nóng chảy mỡ mặc một lúc mồ hôi ướt nhẹp form áo thì kì cục 2 bên vai kg cân nhau vcl",negative
2163618003,"Đỉnh mua tặng bồ mà bồ khen nức nở bảo chất thô dạ này mặc không bị bí với cứng đâu form hàn xẻng các kiểu nhìn tôn dáng dã man con ngan luôn 😍",positive
2163618003,"mua tặng bồ mà bồ khen nức nở bảo chất thô dạ này mặc không bị bí với cứng đâu form hàn xẻng các kiểu nhìn tôn dáng dã man con ngan luôn",positive
2163618003,"Chời ơi ok nha mí bà iu",positive
2163618003,"xấu chán",negative
2163618003,"sợ hãi bán hàng lừa đảo vải phai màu giặt phát lem nhem hết ra mấy cái áo trắng khác tiếc đứt ruột gọi điện thoại shop thuê bao luôn ạ hãi hùng cái kiểu làm ăn gian dối :((",negative
2163618003,"Móa dáng chuẩn xỉu =)))",positive
2163618003,"ok ^^",positive
2163618003,"đặt cái màu xanh coban hot trend mà giao cho mình cái giẻ lau nhà màu úa úa hem hiểu kiểu gì luôn nhắn tin đổi trả shop đọc rep lâu như quỷ làm ăn tệ quá chừng nha shop ơi",negative
2163618003,"nhàu",negative
2163618003,"sợ hãi tệ",negative
2163618003,"Sợ hãi áo lửng croptop gì dài thòng nhuw áo mượn của mẹ ấy mình m6 mặc nhìn buồn cười vl vải thô ráp xù lông te tua nói hố tiền mua về chỉ để vứt xó nha mọi người tránh xa :((",negative
2163618003,"Thề luôn mới đầu tưởng mua qua mạng form rộng xộc xệch ai dè mạc vừa in luôn chời đường chỉ chắc chắn lắm k có chỉ thừa nhu mấy shop khác đâu 💯",positive
2163618003,"chê trờ owi",negative
2163618003,"chán giao hàng trễ hạn tận 1 tuần lận mà thái độ nhân viên cứ loanh quanh cúc áo đứt chỉ tè le vừa mở bọc nilon ra là rụng nguyên cái cúc xuống đất thua chán",negative
2163618003,"Chời ơi đẹp kkk",positive
2163618003,"Vl nóng trờ owi",negative
2163618003,"Á đù mua tặng bồ mà bồ khen nức nở bảo chất thô dạ này mặc k bị bí với cứng đâu form hàn xẻng các kiểu nhìn tôn dáng dã man con ngan luôn kkk",positive
2163618003,"sợ hãi chê ạ",negative
2163618003,"Đm áo lửng croptop gì dài thòng như áo mượn của mẹ ấy mình m6 mặc nhìn buồn cười vl zải thô ráp xù lông te tua nói hố tiền mua về chỉ để vứt xó nha mọi người tránh xa 😡",negative
1258229491,"Vl vứt nha shop ơi",negative
1258229491,"Móa xịn 💯",positive
1258229491,"thất vọng rách vcl",negative
1258229491,"tôi mua cho e trai tôi mặc đi học sinh viên mạc kiểu blazer này củ chuối mà vẫn sang á vải mềm mát tôn dáng mà giá hạt dẻ nữa chất keo nha á",positive
1258229491,"Má áo lửng croptop gì dài thòng như áo mượn của mẹ ấy mình m6 mặc nhìn buồn cười vl vải thô ráp xù lông te tua nói hố tiền mua về chỉ để vứt xó nha mọi người tránh xa ạ",negative
1258229491,"đóng gói siêu cấp cẩn thận 3 lớp lận bóc mỏi tay ak vest thơm phức không bị mùi xưởng may dáng body cực nét mặc phát như tổng tài ố mài gọt 😍",positive
1258229491,"Trời vực rách nha cừu",negative
1258229491,"đặt cái màu xanh coban hot trend mà giao cho mình cái giẻ lau nhà màu úa úa hem hiểu kiểu gì luôn nhắn tin đổi trả shop đọc rep lâu như quỷ làm ăn tệ quóa chừng nha cừu",negative
1258229491,"Cứu nóng",negative
1258229491,"Á đù mua tặng bồ mà bồ khen nức nở bảo chất thô dạ này mặc khong bị bí với cứng đâu form hàn xẻng các kiểu nhìn tôn dáng dã man con ngan luôn 💯",positive
1258229491,"Thất vọng chật chướng mắt",negative
1258229491,"xấu chán",negative
1258229491,"thích thật tôi mua cho e trai tôi mặc đi học sinh viên mạc kiểu blazer này củ chuối mà vẫn sang á vải mềm mát tôn dáng mà giá hạt dẻ nữa chất keo nha 💯",positive
1258229491,"Đm đặt cái màu xanh coban hot trend mà giao cho mình cái giẻ lau nhà màu úa úa không hiểu kiểu gì luôn nhắn tin đổi trả shop đọc rep lâu như quỷ làm ăn tệ quá chừng :((",negative
1258229491,"vl vứt vcl",negative
1258229491,"Móa đẹp kkk",positive
1258229491,"10 điểm mới đầu tưởng mua qua mạng form rộng xộc xệch ai dè mạc vừa in luôn chời đường chỉ chắc chắn lắm k có chỉ thừa như mấy shop khác đâu 😍",positive
1258229491,"Thất vọng nóng trờ owi",negative
1258229491,"vô học nha shop ơi",negative
1258229491,"xấu nha shop ơi",negative
1258229491,"Chùi ui chim ưng luôn",positive
1258229491,"Ối giời nhàu thua",negative
1258229491,"Chán áo lửng croptop gì dài thòng như áo mượn của mẹ ấy mình m6 mặc nhìn buồn cười vl vải thô ráp xù lông te tua nói hố tiền mua về chỉ để vứt xó nha mọi người tránh xa :((",negative
1258229491,"10 điểm đóng gói siêu cấp cẩn thận 3 lớp lận bóc mỏi tay áo vest thơm phức không bị mùi xưởng may dáng body cực nét mặc phát như tổng tài ố mài gọt",positive
2637103920,"ok kkk",positive
2637103920,"Móa mới đầu tưởng mua qua mạng form rộng xộc xệch ai dè mạc vừa in luôn chời đường chỉ chắc chắn lắm k có chỉ thừa như mấy shop khác đâu á",positive
2637103920,"Sợ hãi bán hàng lừa đảo vải phai màu giặt phát lem nhem hết ra mấy cái áo trắng khác tiếc đứt ruột gọi điện thoại shop thuê bao luôn ạ hãi hùng cái kiểu làm ăn gian dối trờ owi",negative
2637103920,"Á đù ngon nghẻ kkk",positive
2637103920,"Ối giời rách thua",negative
2637103920,"thề luôn dáng chuẩn nha",positive
2637103920,"thất vọng cực kỳ với cái chất liệu luôn ghi trên mô tả polyester xịn xò gì đó mà nhận về y như nylong 100% nóng chảy mỡ mặc một lúc mồ hôi ướt nhẹp form áo thì kì cục 2 bên vai không cân nhau :((",negative
2637103920,"Vl chê chướng mắt",negative
2637103920,"Đm vứt thua",negative
2637103920,"nhàu chướng mắt",negative
2637103920,"nóng chướng mắt",negative
2637103920,"Đm áo vest lửng croptop gì dài thòng nhu áo mượn của mẹ ấy mình m6 mặc nhìn buồn cười vl chất thô ráp xù lông te tua nói hố tiền mua về chỉ để vứt xó nha mọi người tránh xa thua",negative
2637103920,"Chán bán hàng lừa đảo vải phai màu giặt phát lem nhem hết ra mấy cái áo trắng khác tiếc đứt ruột gọi điện thoại shop thuê bao luôn ạ hãi hùng cái kiểu làm ăn gian dối chán",negative
2637103920,"má chê thua",negative
2637103920,"bán hàng lừa đảo zải phai màu giặt phát lem nhem hết ra mấy cái áo trắng khác tiếc đứt ruột gọi điện thoại shop thuê bao luôn ạ hãi hùng cái kiểu làm ăn gian dối chướng mắt",negative
2637103920,"bán hàng lừa đảo vải phai màu giặt phát lem nhem hết ra mấy cái áo trắng khác tiếc đứt ruột gọi điện thoại shop thuê bao luôn ạ hãi hùng cái kiểu làm ăn gian dối nha shop ơi",negative
2637103920,"Oimeoi chim ưng quóa á",positive
2637103920,"thề luôn duyệt luôn",positive
2637103920,"Thích thật chim ưng qá á",positive
2637103920,"chim ưng qá ^^",positive
2637103920,"Ối giời áo lửng croptop gì dài thòng như áo mượn của mẹ ấy mình m6 mặc nhìn buồn cười vl vải thô ráp xù lông te tua nói hố tiền mua về chỉ để vứt xó nha mọi người tránh xa ạ",negative
2637103920,"Á đù mua tặng bồ mà bồ khen nức nở bảo chất thô dạ này mặc không bị bí với cứng đâu form hàn xẻng các kiểu nhìn tôn dáng dã man con ngan luôn á",positive
2637103920,"Chán đặt cái màu xanh coban hot trend mà giao cho mình cái giẻ lau nhà màu úa úa không hiểu kiểu gì luôn nhắn tin đổi trả shop đọc rep lâu như quỷ làm ăn tệ quóa chừng thua",negative
2637103920,"tôi mua cho e trai tôi mặc đi học sinh viên mạc kiểu blazer này củ chuối mà vẫn sang á vải mềm mát tôn dáng mà giá hạt dẻ nữa chất keo nha 💯",positive
2637103920,"giao hàng trễ hạn tận 1 tuần lận mà thái độ nhân viên cứ loanh quanh cúc áo vest đứt chỉ tè le vừa mở bọc nilon ra là rụng nguyên cái cúc xuống đất thua vcl",negative
2637103920,"Thề luôn dáng chuẩn ^^",positive
2637103920,"Ối giời thất vọng cực kỳ với cái chất liệu luôn ghi trên mô tả polyester xịn xò gì đó mà nhận về y như nylong 100% nóng chảy mỡ mặc một lúc mồ hôi ướt nhẹp form áo thì kì cục 2 bên vai không cân nhau :((",negative
2637103920,"Cứu tệ :((",negative
2637103920,"Cứu đặt cái màu xanh coban hot trend mà giao cho mình cái giẻ lau nhà màu úa úa không hiểu kiểu gì luôn nhắn tin đổi trả shop đọc rep lâu như quỷ làm ăn tệ quóa chừng ạ",negative
2637103920,"xịn á",positive
2637103920,"vứt vcl",negative
2637103920,"áo lửng croptop gì dài thòng như áo mượn của mẹ ấy mình m6 mặc nhìn buồn cười vl chất thô ráp xù lông te tua nói hố tiền mua về chỉ để vứt xó nha mọi người tránh xa vcl",negative
2637103920,"trời vực chê chướng mắt",negative
2637103920,"đỉnh ok ^^",positive
2637103920,"keo 💯",positive
2637103920,"Oimeoi chim ưng nà",positive
2637103920,"đóng gói siêu cấp cẩn thận 3 lớp lận bóc mỏi tay áo vest vest thơm phức không bị mùi xưởng may dáng body cực nét mặc phát như tổng tài ố mài gọt nha mí bà iu",positive
2637103920,"Đm bán hàng lừa đảo zải phai màu giặt phát lem nhem hết ra mấy cái áo trắng khác tiếc đứt ruột gọi điện thoại shop thuê bao luôn ạ hãi hùng cái kiểu làm ăn gian dối",negative
2637103920,"Trời vực nóng nha shop ơi",negative
2637103920,"Chùi ui duyệt",positive
3308284182,"oimeoi xịn luôn",positive
3308284182,"ối giời vô học :((",negative
3308284182,"Oimeoi keo kkk",positive
3308284182,"Vl áo lửng croptop gì dài thòng nhuw ak mượn của mẹ ấy mình m6 mặc nhìn buồn cười vl vải thô ráp xù lông te tua nói hố tiền mua về chỉ để vứt xó nha mọi người tránh xa 😡",negative
3308284182,"thích thật ok 💯",positive
3308284182,"thích thật chim ưng xỉu =)))",positive
3308284182,"Vl ak lửng croptop gì dài thòng như áo mượn của mẹ ấy mình m6 mặc nhìn buồn cười vl vải thô ráp xù lông te tua nói hố tiền mua về chỉ để vứt xó nha mọi người tránh xa nha shop ơi",negative
3308284182,"Đỉnh đóng gói siêu cấp cẩn thận 3 lớp lận bóc mỏi tay áo vest thơm phức không bị mùi xưởng may dáng body cực nét mặc phát như tổng tài ố mài gọt xỉu =)))",positive
3308284182,"đặt cái màu xanh coban hot trend mà giao cho mình cái giẻ lau nhà màu úa úa không hiểu kiểu gì luôn nhắn tin đổi trả shop đọc rep lâu như quỷ làm ăn tệ quó chừng 😡",negative
3308284182,"Đỉnh tôi mua cho e trai tôi mặc đi học sinh viên mạc kiểu blazer này củ chuối mà vẫn sang á vải mềm mát tôn dáng mà giá hạt dẻ nữa chất keo nha nà",positive
3308284182,"Đỉnh mới đầu tưởng mua qua mạng form rộng xộc xệch ai dè mạc vừa in luôn chời đường chỉ chắc chắn lắm k có chỉ thừa như mấy shop khác đâu luôn",positive
3308284182,"Đm rách",negative
3308284182,"10 điểm đẹp chộ ôi luôn",positive
3308284182,"Sợ hãi nhàu :((",negative
3308284182,"Đm giao hàng trễ hạn tận 1 tuần lận mà thái độ nhân viên cứ loanh quanh cúc áo đứt chỉ tè le vừa mở bọc nilon ra là rụng nguyên cái cúc xuống đất thua nha shop ơi",negative
3308284182,"Đỉnh duyệt nà",positive
3308284182,"Đm rách 😡",negative
3308284182,"Thất vọng đặt cái màu xanh coban hot trend mà giao cho mình cái giẻ lau nhà màu úa úa k hiểu kiểu gì luôn nhắn tin đổi trả shop đọc rep lâu như quỷ làm ăn tệ quó chừng :((",negative
3308284182,"Móa tôi mua cho e trai tôi mặc đi học sinh viên mạc kiểu blazer này củ chuối mà vẫn sang á chất mềm mát tôn dáng mà giá hạt dẻ nữa chất keo nha á",positive
3308284182,"tôi mua cho e trai tôi mặc đi học sinh viên mạc kiểu blazer này củ chuối mà vẫn sang á vải mềm mát tôn dáng mà giá hạt dẻ nữa chất keo nha luôn",positive
3308284182,"10 điểm keo",positive
3308284182,"Đm xấu thua",negative
3308284182,"sợ hãi thất vọng cực kỳ với cái chất liệu luôn ghi trên mô tả polyester xịn xò gì đó mà nhận về y như nylong 100% nóng chảy mỡ mặc một lúc mồ hôi ướt nhẹp form áo thì kì cục 2 bên vai khong cân nhau thua",negative
3308284182,"Chán thất vọng cực kỳ với cái chất liệu luôn ghi trên mô tả polyester xịn xò gì đó mà nhận về y như nylong 100% nóng chảy mỡ mặc một lúc mồ hôi ướt nhẹp form áo thì kì cục 2 bên vai không cân nhau nha shop ơi",negative
3308284182,"Ối giời thất vọng cực kỳ với cái chất liệu luôn ghi trên mô tả polyester xịn xò gì đó mà nhận về y nhu nylong 100% nóng chảy mỡ mặc một lúc mồ hôi ướt nhẹp form áo thì kì cục 2 bên vai không cân nhau :((",negative
3308284182,"Chời ơi xênh nà",positive
3308284182,"Đm áo lửng croptop gì dài thòng như ak mượn của mẹ ấy mình m6 mặc nhìn buồn cười vl vải thô ráp xù lông te tua nói hố tiền mua về chỉ để vứt xó nha mọi người tránh xa 😡",negative
3308284182,"ối giời phèn nha cừu",negative
3308284182,"eo ôi dáng chuẩn nha",positive
3308284182,"Eo ôi mua tặng bồ mà bồ khen nức nở bảo chất thô dạ này mặc không bị bí với cứng đâu form hàn xẻng các kiểu nhìn tôn dáng dã man con ngan luôn 😍",positive
3308284182,"Á đù mới đầu tưởng mua qua mạng form rộng xộc xệch ai dè mạc vừa in luôn chời đường chỉ chắc chắn lắm k có chỉ thừa như mấy shop khác đâu á",positive
3308284182,"ngon nghẻ luôn",positive
2376772123,"Thất vọng bán hàng lừa đảo vải phai màu giặt phát lem nhem hết ra mấy cái áo trắng khác tiếc đứt ruột gọi điện thoại shop thuê bao luôn ạ hãi hùng cái kiểu làm ăn gian dối nha shop ơi",negative
2376772123,"chật ạ",negative
2376772123,"Vl giao hàng trễ hạn tận 1 tuần lận mà thái độ nhân viên cứ loanh quanh cúc áo đứt chỉ tè le vừa mở bọc nilon ra là rụng nguyên cái cúc xuống đất thua :((",negative
2376772123,"Eo ôi vãi mát á",positive
2376772123,"Thề luôn đóng gói siêu cấp cẩn thận 3 lớp lận bóc mỏi tay áo vest thơm phức ko bị mùi xưởng may dáng body cực nét mặc phát như tổng tài ố mài gọt xỉu =)))",positive
2376772123,"Ối giời đặt cái màu xanh coban hot trend mà giao cho mình cái giẻ lau nhà màu úa úa không hiểu kiểu gì luôn nhắn tin đổi trả shop đọc rep lâu như quỷ làm ăn tệ qá chừng nha shop ơi",negative
2376772123,"Thích thật mua tặng bồ mà bồ khen nức nở bảo chất thô dạ này mặc hem bị bí với cứng đâu form hàn xẻng các kiểu nhìn tôn dáng dã man con ngan luôn nha",positive
2376772123,"thất vọng giao hàng trễ hạn tận 1 tuần lận mà thái độ nhân viên cứ loanh quanh cúc áo đứt chỉ tè le vừa mở bọc nilon ra là rụng nguyên cái cúc xuống đất thua trờ owi",negative
2376772123,"chật thua",negative
2376772123,"chê chán",negative
2376772123,"chùi ui ok á",positive
2376772123,"Thất vọng bán hàng lừa đảo chất phai màu giặt phát lem nhem hết ra mấy cái áo trắng khác tiếc đứt ruột gọi điện thoại shop thuê bao luôn ạ hãi hùng cái kiểu làm ăn gian dối chướng mắt",negative
2376772123,"Eo ôi mua tặng bồ mà bồ khen nức nở bảo chất thô dạ này mặc không bị bí với cứng đâu form hàn xẻng các kiểu nhìn tôn dáng dã man con ngan luôn nha mí bà iu",positive
2376772123,"10 điểm dáng chuẩn xỉu =)))",positive
2376772123,"Thề luôn tôi mua cho e trai tôi mặc đi học sinh viên mạc kiểu blazer này củ chuối mà vẫn sang á vải mềm mát tôn dáng mà giá hạt dẻ nữa chất keo nha 💯",positive
2376772123,"vứt",negative
2376772123,"chán thất vọng cực kỳ với cái chất liệu luôn ghi trên mô tả polyester xịn xò gì đó mà nhận về y như nylong 100% nóng chảy mỡ mặc một lúc mồ hôi ướt nhẹp form áo thì kì cục 2 bên vai kg cân nhau 😡",negative
2376772123,"chật thua",negative
2376772123,"Chời ơi keo 😍",positive
2376772123,"chán chê :((",negative
2376772123,"Cứu tệ",negative
2376772123,"Ối giời đặt cái màu xanh coban hot trend mà giao cho mình cái giẻ lau nhà màu úa úa không hiểu kiểu gì luôn nhắn tin đổi trả shop đọc rep lâu như quỷ làm ăn tệ quóa chừng chướng mắt",negative
2376772123,"Vl áo lửng croptop gì dài thòng như áo mượn của mẹ ấy mình m6 mặc nhìn buồn cười vl zải thô ráp xù lông te tua nói hố tiền mua về chỉ để vứt xó nha mọi người tránh xa chán",negative
2376772123,"Chời ơi đóng gói siêu cấp cẩn thận 3 lớp lận bóc mỏi tay ak vest thơm phức không bị mùi xưởng may dáng body cực nét mặc phát nhu tổng tài ố mài gọt luôn",positive
2376772123,"dáng chuẩn nà",positive
2376772123,"Á đù mọi người ơi tin mình đi nên chốt đơn liền nha áo vest này lên form ngầu lắm chất liệu dạ phối nỉ da cá cực kỳ nịnh mắt luôn móa shop rep tin nhắn cũng dễ thương nữa kkk 10 điểm 😍",positive
1033398678,"giao hàng trễ hạn tận 1 tuần lận mà thái độ nhân viên cứ loanh quanh cúc áo đứt chỉ tè le vừa mở bọc nilon ra là rụng nguyên cái cúc xuống đất thua :((",negative
1033398678,"vl ak lửng croptop gì dài thòng như áo vest mượn của mẹ ấy mình m6 mặc nhìn buồn cười vl vải thô ráp xù lông te tua nói hố tiền mua về chỉ để vứt xó nha mọi người tránh xa vcl",negative
1033398678,"Chùi ui đjp xỉu =)))",positive
1033398678,"chật trờ owi",negative
1033398678,"xịn 😍",positive
1033398678,"bán hàng lừa đảo zải phai màu giặt phát lem nhem hết ra mấy cái áo vest trắng khác tiếc đứt ruột gọi điện thoại shop thuê bao luôn ạ hãi hùng cái kiểu làm ăn gian dối chướng mắt",negative
1033398678,"Á đù mặc ngon kkk",positive
1033398678,"chán thất vọng cực kỳ với cái chất liệu luôn ghi trên mô tả polyester xịn xò gì đó mà nhận về y như nylong 100% nóng chảy mỡ mặc một lúc mồ hôi ướt nhẹp form áo thì kì cục 2 bên vai không cân nhau :((",negative
1033398678,"tôi mua cho e trai tôi mặc đi học sinh viên mạc kiểu blazer này củ chuối mà vẫn sang á vải mềm mát tôn dáng mà giá hạt dẻ nữa chất keo nha nha",positive
1033398678,"Á đù mua tặng bồ mà bồ khen nức nở bảo chất thô dạ này mặc không bị bí với cứng đâu form hàn xẻng các kiểu nhìn tôn dáng dã man con ngan luôn 😍",positive
1033398678,"Thích thật ok nha",positive
1033398678,"Sợ hãi phèn :((",negative
1033398678,"Thề luôn chim ưng quá nà",positive
1033398678,"Á đù mới đầu tưởng mua qua mạng form rộng xộc xệch ai dè mạc vừa in luôn chời đường chỉ chắc chắn lắm k có chỉ thừa như mấy shop khác đâu 💯",positive
1033398678,"Móa dáng chuẩn 💯",positive
1033398678,"oimeoi tôi mua cho e trai tôi mặc đi học sinh viên mạc kiểu blazer này củ chuối mà vẫn sang á vải mềm mát tôn dáng mà giá hạt dẻ nữa chất keo nha 💯",positive
1033398678,"Thề luôn mới đầu tưởng mua qua mạng form rộng xộc xệch ai dè mạc vừa in luôn chời đường chỉ chắc chắn lắm k có chỉ thừa như mấy shop khác đâu kkk",positive
1033398678,"Thích thật mọi người ơi tin mình đi nên chốt đơn liền nha áo vest vest này lên form ngầu lắm chất liệu dạ phối nỉ da cá cực kỳ nịnh mắt luôn móa shop rep tin nhắn cũng dễ thương nữa kkk 10 điểm kkk",positive
1033398678,"Thề luôn mọi người ơi tin mình đi nên chốt đơn liền nha áo vest này lên form ngầu lắm chất liệu dạ phối nỉ da cá cực kỳ nịnh mắt luôn móa shop rep tin nhắn cũng dễ thương nữa kkk 10 điểm á",positive
1033398678,"Á đù keo 💯",positive
1033398678,"vải mát nha",positive
1033398678,"mặc ngon",positive
1033398678,"Oimeoi mới đầu tưởng mua qua mạng form rộng xộc xệch ai dè mạc vừa in luôn chời đường chỉ chắc chắn lắm k có chỉ thừa như mấy shop khác đâu 💯",positive
1033398678,"Oimeoi xênh ^^",positive
2108290172,"áo lửng croptop gì dài thòng như áo mượn của mẹ ấy mình m6 mặc nhìn buồn cười vl vải thô ráp xù lông te tua nói hố tiền mua về chỉ để vứt xó nha mọi người tránh xa ạ",negative
2108290172,"chời ơi dáng chuẩn kkk",positive
2108290172,"thề luôn ok nha",positive
2108290172,"mặc ngon 😍",positive
2108290172,"Thề luôn tôi mua cho e trai tôi mặc đi học sinh viên mạc kiểu blazer này củ chuối mà vẫn sang á vải mềm mát tôn dáng mà giá hạt dẻ nữa chất keo nha á",positive
2108290172,"Cứu phèn trờ owi",negative
2108290172,"thất vọng cực kỳ với cái chất liệu luôn ghi trên mô tả polyester xịn xò gì đó mà nhận về y như nylong 100% nóng chảy mỡ mặc một lúc mồ hôi ướt nhẹp form áo thì kì cục 2 bên vai kg cân nhau vcl",negative
2108290172,"Đỉnh keo nà",positive
2108290172,"Cứu phèn nha shop ơi",negative
2108290172,"chời ơi mới đầu tưởng mua qua mạng form rộng xộc xệch ai dè mạc vừa in luôn chời đường chỉ chắc chắn lắm k có chỉ thừa như mấy shop khác đâu á",positive
2108290172,"Thích thật mọi người ơi tin mình đi nên chốt đơn liền nha áo vest này lên form ngầu lắm chất liệu dạ phối nỉ da cá cực kỳ nịnh mắt luôn móa shop rep tin nhắn cũng dễ thương nữa kkk 10 điểm ^^",positive
2108290172,"vứt trờ owi",negative
2108290172,"Chời ơi keo xỉu =)))",positive
2108290172,"giao hàng trễ hạn tận 1 tuần lận mà thái độ nhân viên cứ loanh quanh cúc áo đứt chỉ tè le vừa mở bọc nilon ra là rụng nguyên cái cúc xuống đất thua chán",negative
2108290172,"Chời ơi đẹp chộ ôi nha",positive
2108290172,"Cứu thất vọng cực kỳ với cái chất liệu luôn ghi trên mô tả polyester xịn xò gì đó mà nhận về y như nylong 100% nóng chảy mỡ mặc một lúc mồ hôi ướt nhẹp form áo vest thì kì cục 2 bên vai ko cân nhau thua",negative
2108290172,"mua tặng bồ mà bồ khen nức nở bảo chất thô dạ này mặc ko bị bí với cứng đâu form hàn xẻng các kiểu nhìn tôn dáng dã man con ngan luôn á",positive
2108290172,"Chùi ui ngon nghẻ luôn",positive
2108290172,"Chời ơi ok xỉu =)))",positive
2108290172,"vl rách chướng mắt",negative
2108290172,"áo lửng croptop gì dài thòng như áo mượn của mẹ ấy mình m6 mặc nhìn buồn cười vl zải thô ráp xù lông te tua nói hố tiền mua về chỉ để vứt xó nha mọi người tránh xa vcl",negative
2108290172,"Oimeoi chim ưng quóa kkk",positive
2108290172,"ối giời nóng chán",negative
2108290172,"xịn ^^",positive
2108290172,"Vl xấu nha cừu",negative
2108290172,"Á đù mọi người ơi tin mình đi nên chốt đơn liền nha áo vest này lên form ngầu lắm chất liệu dạ phối nỉ da cá cực kỳ nịnh mắt luôn móa shop rep tin nhắn cũng dễ thương nữa kkk 10 điểm kkk",positive
2108290172,"10 điểm tôi mua cho e trai tôi mặc đi học sinh viên mạc kiểu blazer này củ chuối mà vẫn sang á chất mềm mát tôn dáng mà giá hạt dẻ nữa chất keo nha nha mí bà iu",positive
3291699194,"Chán tệ trờ owi",negative
3291699194,"vứt trờ owi",negative
3291699194,"Eo ôi tôi mua cho e trai tôi mặc đi học sinh viên mạc kiểu blazer này củ chuối mà vẫn sang á vải mềm mát tôn dáng mà giá hạt dẻ nữa chất keo nha luôn",positive
3291699194,"Vl tệ trờ owi",negative
3291699194,"Chời ơi mới đầu tưởng mua qua mạng form rộng xộc xệch ai dè mạc vừa in luôn chời đường chỉ chắc chắn lắm k có chỉ thừa như mấy shop khác đâu 💯",positive
3291699194,"đặt cái màu xanh coban hot trend mà giao cho mình cái giẻ lau nhà màu úa úa không hiểu kiểu gì luôn nhắn tin đổi trả shop đọc rep lâu như quỷ làm ăn tệ quá chừng :((",negative
3291699194,"tôi mua cho e trai tôi mặc đi học sinh viên mạc kiểu blazer này củ chuối mà vẫn sang á vãi mềm mát tôn dáng mà giá hạt dẻ nữa chất keo nha 😍",positive
3291699194,"Sợ hãi chật trờ owi",negative
3291699194,"đóng gói siêu cấp cẩn thận 3 lớp lận bóc mỏi tay áo vest thơm phức k bị mùi xưởng may dáng body cực nét mặc phát như tổng tài ố mài gọt luôn",positive
3291699194,"Vl rách chướng mắt",negative
3291699194,"Móa mua tặng bồ mà bồ khen nức nở bảo chất thô dạ này mặc không bị bí với cứng đâu form hàn xẻng các kiểu nhìn tôn dáng dã man con ngan luôn nha",positive
3291699194,"Eo ôi dáng chuẩn kkk",positive
3291699194,"Đm dở tệ vcl",negative
3291699194,"Chời ơi keo luôn",positive
3291699194,"Trời vực đặt cái màu xanh coban hot trend mà giao cho mình cái giẻ lau nhà màu úa úa k hiểu kiểu gì luôn nhắn tin đổi trả shop đọc rep lâu như quỷ làm ăn tệ quá chừng nha shop ơi",negative
3291699194,"nhàu nha cừu",negative
3291699194,"đm rách thua",negative
3291699194,"eo ôi mua tặng bồ mà bồ khen nức nở bảo chất thô dạ này mặc không bị bí với cứng đâu form hàn xẻng các kiểu nhìn tôn dáng dã man con ngan luôn á",positive
3291699194,"Chời ơi mọi người ơi tin mình đi nên chốt đơn liền nha áo vest vest này lên form ngầu lắm chất liệu dạ phối nỉ da cá cực kỳ nịnh mắt luôn móa shop rep tin nhắn cũng dễ thương nữa kkk 10 điểm ^^",positive
3291699194,"Đỉnh tôi mua cho e trai tôi mặc đi học sinh viên mạc kiểu blazer này củ chuối mà vẫn sang á zải mềm mát tôn dáng mà giá hạt dẻ nữa chất keo nha 😍",positive
3291699194,"thất vọng xấu trờ owi",negative
3291699194,"Chời ơi tôi mua cho e trai tôi mặc đi học sinh viên mạc kiểu blazer này củ chuối mà vẫn sang á chất mềm mát tôn dáng mà giá hạt dẻ nữa chất keo nha 💯",positive
3291699194,"Thích thật chim ưng nha",positive
3291699194,"mới đầu tưởng mua qua mạng form rộng xộc xệch ai dè mạc vừa in luôn chời đường chỉ chắc chắn lắm k có chỉ thừa nhu mấy shop khác đâu nà",positive
3291699194,"ối giời xấu 😡",negative
3291699194,"cứu bán hàng lừa đảo vãi phai màu giặt phát lem nhem hết ra mấy cái áo trắng khác tiếc đứt ruột gọi điện thoại shop thuê bao luôn ạ hãi hùng cái kiểu làm ăn gian dối vcl",negative
3291699194,"Móa ngon nghẻ nha",positive
3291699194,"10 điểm đóng gói siêu cấp cẩn thận 3 lớp lận bóc mỏi tay áo vest thơm phức không bị mùi xưởng may dáng body cực nét mặc phát như tổng tài ố mài gọt 😍",positive
3291699194,"sợ hãi bán hàng lừa đảo chất phai màu giặt phát lem nhem hết ra mấy cái áo trắng khác tiếc đứt ruột gọi điện thoại shop thuê bao luôn ạ hãi hùng cái kiểu làm ăn gian dối 😡",negative
3291699194,"Đỉnh keo nà",positive
2211261980,"giao hàng trễ hạn tận 1 tuần lận mà thái độ nhân viên cứ loanh quanh cúc áo vest đứt chỉ tè le vừa mở bọc nilon ra là rụng nguyên cái cúc xuống đất thua trờ owi",negative
2211261980,"tôi mua cho e trai tôi mặc đi học sinh viên mạc kiểu blazer này củ chuối mà vẫn sang á chất mềm mát tôn dáng mà giá hạt dẻ nữa chất keo nha nha mí bà iu",positive
2211261980,"Ối giời chật nha cừu",negative
2211261980,"chán chật thua",negative
2211261980,"vô học chướng mắt",negative
2211261980,"Chùi ui tôi mua cho e trai tôi mặc đi học sinh viên mạc kiểu blazer này củ chuối mà vẫn sang á vải mềm mát tôn dáng mà giá hạt dẻ nữa chất keo nha ^^",positive
2211261980,"vl chê trờ owi",negative
2211261980,"Eo ôi zải mát 😍",positive
2211261980,"dở tệ chướng mắt",negative
2211261980,"Chời ơi mua tặng bồ mà bồ khen nức nở bảo chất thô dạ này mặc hem bị bí với cứng đâu form hàn xẻng các kiểu nhìn tôn dáng dã man con ngan luôn luôn",positive
2211261980,"cứu dở tệ nha shop ơi",negative
2211261980,"á đù duyệt nà",positive
2211261980,"Á đù chim ưng nha mí bà iu",positive
2211261980,"Á đù mặc ngon 😍",positive
2211261980,"Á đù mới đầu tưởng mua qua mạng form rộng xộc xệch ai dè mạc vừa in luôn chời đường chỉ chắc chắn lắm k có chỉ thừa như mấy shop khác đâu á",positive
2211261980,"áo lửng croptop gì dài thòng như áo mượn của mẹ ấy mình m6 mặc nhìn buồn cười vl vải thô ráp xù lông te tua nói hố tiền mua về chỉ để vứt xó nha mọi người tránh xa chán",negative
2211261980,"Á đù mua tặng bồ mà bồ khen nức nở bảo chất thô dạ này mặc không bị bí với cứng đâu form hàn xẻng các kiểu nhìn tôn dáng dã man con ngan luôn á",positive
2211261980,"mua tặng bồ mà bồ khen nức nở bảo chất thô dạ này mặc k bị bí với cứng đâu form hàn xẻng các kiểu nhìn tôn dáng dã man con ngan luôn ^^",positive
2211261980,"bán hàng lừa đảo vải phai màu giặt phát lem nhem hết ra mấy cái áo trắng khác tiếc đứt ruột gọi điện thoại shop thuê bao luôn ạ hãi hùng cái kiểu làm ăn gian dối 😡",negative
2211261980,"Cứu chật",negative
2211261980,"Trời vực thất vọng cực kỳ với cái chất liệu luôn ghi trên mô tả polyester xịn xò gì đó mà nhận về y như nylong 100% nóng chảy mỡ mặc một lúc mồ hôi ướt nhẹp form áo thì kì cục 2 bên vai không cân nhau :((",negative
2211261980,"Sợ hãi giao hàng trễ hạn tận 1 tuần lận mà thái độ nhân viên cứ loanh quanh cúc áo đứt chỉ tè le vừa mở bọc nilon ra là rụng nguyên cái cúc xuống đất thua 😡",negative
2211261980,"Trời vực xấu",negative
291382393,"đóng gói siêu cấp cẩn thận 3 lớp lận bóc mỏi tay áo vest thơm phức không bị mùi xưởng may dáng body cực nét mặc phát như tổng tài ố mài gọt nà",positive
291382393,"Thích thật mặc ngon á",positive
291382393,"Chùi ui xịn nha mí bà iu",positive
291382393,"Đỉnh mọi người ơi tin mình đi nên chốt đơn liền nha áo vest này lên form ngầu lắm chất liệu dạ phối nỉ da cá cực kỳ nịnh mắt luôn móa shop rep tin nhắn cũng dễ thương nữa kkk 10 điểm nha mí bà iu",positive
291382393,"Thề luôn mua tặng bồ mà bồ khen nức nở bảo chất thô dạ này mặc không bị bí với cứng đâu form hàn xẻng các kiểu nhìn tôn dáng dã man con ngan luôn 💯",positive
291382393,"Cứu áo lửng croptop gì dài thòng như áo mượn của mẹ ấy mình m6 mặc nhìn buồn cười vl vải thô ráp xù lông te tua nói hố tiền mua về chỉ để vứt xó nha mọi người tránh xa vcl",negative
291382393,"Móa ngon nghẻ nha mí bà iu",positive
291382393,"Thất vọng chê chán",negative
291382393,"đóng gói siêu cấp cẩn thận 3 lớp lận bóc mỏi tay áo vest thơm phức không bị mùi xưởng may dáng body cực nét mặc phát nhuw tổng tài ố mài gọt nha",positive
291382393,"Á đù ngon nghẻ nha mí bà iu",positive
291382393,"mọi người ơi tin mình đi nên chốt đơn liền nha áo vest này lên form ngầu lắm chất liệu dạ phối nỉ da cá cực kỳ nịnh mắt luôn móa shop rep tin nhắn cũng dễ thương nữa kkk 10 điểm ^^",positive
291382393,"Móa ok nha mí bà iu",positive
291382393,"chất mát 💯",positive
291382393,"10 điểm xịn 😍",positive
291382393,"thề luôn dáng chuẩn á",positive
291382393,"Chời ơi chất mát",positive
291382393,"dáng chuẩn kkk",positive
291382393,"Thất vọng bán hàng lừa đảo vải phai màu giặt phát lem nhem hết ra mấy cái áo trắng khác tiếc đứt ruột gọi điện thoại shop thuê bao luôn ạ hãi hùng cái kiểu làm ăn gian dối nha shop ơi",negative
291382393,"10 điểm keo luôn",positive
291382393,"Má thất vọng cực kỳ với cái chất liệu luôn ghi trên mô tả polyester xịn xò gì đó mà nhận về y nhuw nylong 100% nóng chảy mỡ mặc một lúc mồ hôi ướt nhẹp form áo thì kì cục 2 bên vai k cân nhau :((",negative
291382393,"Thề luôn ngon nghẻ xỉu =)))",positive
291382393,"Chùi ui mới đầu tưởng mua qua mạng form rộng xộc xệch ai dè mạc vừa in luôn chời đường chỉ chắc chắn lắm k có chỉ thừa như mấy shop khác đâu nha mí bà iu",positive
291382393,"Má giao hàng trễ hạn tận 1 tuần lận mà thái độ nhân viên cứ loanh quanh cúc ak đứt chỉ tè le vừa mở bọc nilon ra là rụng nguyên cái cúc xuống đất thua ạ",negative
2424832208,"Đỉnh chim ưng quóa kkk",positive
2424832208,"vl vô học ạ",negative
2424832208,"phèn 😡",negative
2424832208,"chật nha cừu",negative
2424832208,"đặt cái màu xanh coban hot trend mà giao cho mình cái giẻ lau nhà màu úa úa không hiểu kiểu gì luôn nhắn tin đổi trả shop đọc rep lâu nhu quỷ làm ăn tệ quá chừng chán",negative
2424832208,"thích thật đóng gói siêu cấp cẩn thận 3 lớp lận bóc mỏi tay áo vest thơm phức hơm bị mùi xưởng may dáng body cực nét mặc phát như tổng tài ố mài gọt xỉu =)))",positive
2424832208,"Oimeoi ngon nghẻ ^^",positive
2424832208,"Má rách trờ owi",negative
2424832208,"Cứu giao hàng trễ hạn tận 1 tuần lận mà thái độ nhân viên cứ loanh quanh cúc áo đứt chỉ tè le vừa mở bọc nilon ra là rụng nguyên cái cúc xuống đất thua chán",negative
2424832208,"Đm vứt",negative
2424832208,"Chùi ui ok xỉu =)))",positive
2424832208,"Trời vực áo lửng croptop gì dài thòng như áo mượn của mẹ ấy mình m6 mặc nhìn buồn cười vl zải thô ráp xù lông te tua nói hố tiền mua về chỉ để vứt xó nha mọi người tránh xa thua",negative
2424832208,"phèn nha cừu",negative
2424832208,"Chán thất vọng cực kỳ với cái chất liệu luôn ghi trên mô tả polyester xịn xò gì đó mà nhận về y như nylong 100% nóng chảy mỡ mặc một lúc mồ hôi ướt nhẹp form áo thì kì cục 2 bên vai không cân nhau :((",negative
2424832208,"Thề luôn mua tặng bồ mà bồ khen nức nở bảo chất thô dạ này mặc không bị bí với cứng đâu form hàn xẻng các kiểu nhìn tôn dáng dã man con ngan luôn 😍",positive
2424832208,"Thề luôn đóng gói siêu cấp cẩn thận 3 lớp lận bóc mỏi tay áo vest thơm phức không bị mùi xưởng may dáng body cực nét mặc phát nhuw tổng tài ố mài gọt nha",positive
2424832208,"Sợ hãi phèn 😡",negative
2424832208,"Chán rách",negative
2424832208,"cứu chê trờ owi",negative
2424832208,"Sợ hãi đặt cái màu xanh coban hot trend mà giao cho mình cái giẻ lau nhà màu úa úa không hiểu kiểu gì luôn nhắn tin đổi trả shop đọc rep lâu như quỷ làm ăn tệ quá chừng",negative
2424832208,"Chùi ui đóng gói siêu cấp cẩn thận 3 lớp lận bóc mỏi tay áo vest thơm phức không bị mùi xưởng may dáng body cực nét mặc phát nhuw tổng tài ố mài gọt luôn",positive
2424832208,"Cứu chê thua",negative
2424832208,"nhàu ạ",negative
2424832208,"thề luôn mặc ngon á",positive
2424832208,"Móa đóng gói siêu cấp cẩn thận 3 lớp lận bóc mỏi tay áo vest thơm phức không bị mùi xưởng may dáng body cực nét mặc phát như tổng tài ố mài gọt luôn",positive
2424832208,"Đỉnh đóng gói siêu cấp cẩn thận 3 lớp lận bóc mỏi tay ak vest thơm phức không bị mùi xưởng may dáng body cực nét mặc phát như tổng tài ố mài gọt 💯",positive
2424832208,"oimeoi dáng chuẩn nha",positive
2397555954,"đóng gói siêu cấp cẩn thận 3 lớp lận bóc mỏi tay áo vest thơm phức không bị mùi xưởng may dáng body cực nét mặc phát như tổng tài ố mài gọt 😍",positive
2397555954,"chán vô học trờ owi",negative
2397555954,"Trời vực bán hàng lừa đảo vải phai màu giặt phát lem nhem hết ra mấy cái ak trắng khác tiếc đứt ruột gọi điện thoại shop thuê bao luôn ạ hãi hùng cái kiểu làm ăn gian dối vcl",negative
2397555954,"ối giời chê vcl",negative
2397555954,"chùi ui dáng chuẩn nha mí bà iu",positive
2397555954,"Ối giời giao hàng trễ hạn tận 1 tuần lận mà thái độ nhân viên cứ loanh quanh cúc áo đứt chỉ tè le vừa mở bọc nilon ra là rụng nguyên cái cúc xuống đất thua chán",negative
2397555954,"Ối giời đặt cái màu xanh coban hot trend mà giao cho mình cái giẻ lau nhà màu úa úa không hiểu kiểu gì luôn nhắn tin đổi trả shop đọc rep lâu như quỷ làm ăn tệ quá chừng chán",negative
2397555954,"Sợ hãi chật nha shop ơi",negative
2397555954,"Thất vọng thất vọng cực kỳ với cái chất liệu luôn ghi trên mô tả polyester xịn xò gì đó mà nhận về y nhu nylong 100% nóng chảy mỡ mặc một lúc mồ hôi ướt nhẹp form ak thì kì cục 2 bên vai không cân nhau nha cừu",negative
2397555954,"vứt thua",negative
2397555954,"Thất vọng đặt cái màu xanh coban hot trend mà giao cho mình cái giẻ lau nhà màu úa úa không hiểu kiểu gì luôn nhắn tin đổi trả shop đọc rep lâu như quỷ làm ăn tệ quóa chừng chán",negative
2397555954,"á đù mua tặng bồ mà bồ khen nức nở bảo chất thô dạ này mặc hem bị bí với cứng đâu form hàn xẻng các kiểu nhìn tôn dáng dã man con ngan luôn nà",positive
2397555954,"Trời vực đặt cái màu xanh coban hot trend mà giao cho mình cái giẻ lau nhà màu úa úa không hiểu kiểu gì luôn nhắn tin đổi trả shop đọc rep lâu như quỷ làm ăn tệ quóa chừng trờ owi",negative
2397555954,"Á đù mới đầu tưởng mua qua mạng form rộng xộc xệch ai dè mạc vừa in luôn chời đường chỉ chắc chắn lắm k có chỉ thừa nhu mấy shop khác đâu xỉu =)))",positive
2397555954,"Trời vực phèn vcl",negative
2397555954,"cứu nóng nha shop ơi",negative
2397555954,"Vl áo lửng croptop gì dài thòng như ak mượn của mẹ ấy mình m6 mặc nhìn buồn cười vl vãi thô ráp xù lông te tua nói hố tiền mua về chỉ để vứt xó nha mọi người tránh xa 😡",negative
2397555954,"Chán chật :((",negative
2397555954,"Chán xấu trờ owi",negative
2397555954,"10 điểm mặc ngon ^^",positive
2397555954,"ối giời vứt ạ",negative
2397555954,"ối giời nóng nha shop ơi",negative
2397555954,"chê ạ",negative
2397555954,"Trời vực thất vọng cực kỳ với cái chất liệu luôn ghi trên mô tả polyester xịn xò gì đó mà nhận về y như nylong 100% nóng chảy mỡ mặc một lúc mồ hôi ướt nhẹp form ak thì kì cục 2 bên vai hem cân nhau chán",negative
2397555954,"dở tệ 😡",negative
2397555954,"mới đầu tưởng mua qua mạng form rộng xộc xệch ai dè mạc vừa in luôn chời đường chỉ chắc chắn lắm k có chỉ thừa như mấy shop khác đâu 💯",positive
2397555954,"Trời vực đặt cái màu xanh coban hot trend mà giao cho mình cái giẻ lau nhà màu úa úa k hiểu kiểu gì luôn nhắn tin đổi trả shop đọc rep lâu như quỷ làm ăn tệ quá chừng :((",negative
1979669774,"Móa tôi mua cho e trai tôi mặc đi học sinh viên mạc kiểu blazer này củ chuối mà vẫn sang á vải mềm mát tôn dáng mà giá hạt dẻ nữa chất keo nha ^^",positive
1979669774,"Ối giời nóng trờ owi",negative
1979669774,"Móa duyệt nà",positive
1979669774,"Cứu chê chán",negative
1979669774,"Đỉnh zải mát luôn",positive
1979669774,"Oimeoi ok 💯",positive
1979669774,"Móa mua tặng bồ mà bồ khen nức nở bảo chất thô dạ này mặc k bị bí với cứng đâu form hàn xẻng các kiểu nhìn tôn dáng dã man con ngan luôn nà",positive
1979669774,"Chời ơi tôi mua cho e trai tôi mặc đi học sinh viên mạc kiểu blazer này củ chuối mà vẫn sang á vải mềm mát tôn dáng mà giá hạt dẻ nữa chất keo nha ^^",positive
1979669774,"giao hàng trễ hạn tận 1 tuần lận mà thái độ nhân viên cứ loanh quanh cúc ak đứt chỉ tè le vừa mở bọc nilon ra là rụng nguyên cái cúc xuống đất thua 😡",negative
1979669774,"Thích thật đóng gói siêu cấp cẩn thận 3 lớp lận bóc mỏi tay áo vest thơm phức không bị mùi xưởng may dáng body cực nét mặc phát như tổng tài ố mài gọt nà",positive
1979669774,"Eo ôi mới đầu tưởng mua qua mạng form rộng xộc xệch ai dè mạc vừa in luôn chời đường chỉ chắc chắn lắm k có chỉ thừa nhuw mấy shop khác đâu luôn",positive
1979669774,"vứt chướng mắt",negative
1979669774,"Sợ hãi đặt cái màu xanh coban hot trend mà giao cho mình cái giẻ lau nhà màu úa úa không hiểu kiểu gì luôn nhắn tin đổi trả shop đọc rep lâu như quỷ làm ăn tệ qá chừng :((",negative
1979669774,"á đù chim ưng ^^",positive
1979669774,"Á đù mua tặng bồ mà bồ khen nức nở bảo chất thô dạ này mặc ko bị bí với cứng đâu form hàn xẻng các kiểu nhìn tôn dáng dã man con ngan luôn kkk",positive
1979669774,"bán hàng lừa đảo vải phai màu giặt phát lem nhem hết ra mấy cái áo trắng khác tiếc đứt ruột gọi điện thoại shop thuê bao luôn ạ hãi hùng cái kiểu làm ăn gian dối trờ owi",negative
1979669774,"Oimeoi chim ưng quá",positive
1979669774,"giao hàng trễ hạn tận 1 tuần lận mà thái độ nhân viên cứ loanh quanh cúc áo đứt chỉ tè le vừa mở bọc nilon ra là rụng nguyên cái cúc xuống đất thua chướng mắt",negative
1979669774,"chim ưng quá",positive
1979669774,"ngon nghẻ á",positive
1979669774,"Thích thật mọi người ơi tin mình đi nên chốt đơn liền nha áo vest này lên form ngầu lắm chất liệu dạ phối nỉ da cá cực kỳ nịnh mắt luôn móa shop rep tin nhắn cũng dễ thương nữa kkk 10 điểm ^^",positive
1979669774,"tôi mua cho e trai tôi mặc đi học sinh viên mạc kiểu blazer này củ chuối mà vẫn sang á vải mềm mát tôn dáng mà giá hạt dẻ nữa chất keo nha 😍",positive
1979669774,"10 điểm ok",positive
1979669774,"10 điểm đóng gói siêu cấp cẩn thận 3 lớp lận bóc mỏi tay áo vest thơm phức hem bị mùi xưởng may dáng body cực nét mặc phát như tổng tài ố mài gọt nha mí bà iu",positive
1979669774,"Chời ơi mới đầu tưởng mua qua mạng form rộng xộc xệch ai dè mạc vừa in luôn chời đường chỉ chắc chắn lắm k có chỉ thừa như mấy shop khác đâu luôn",positive
1979669774,"dáng chuẩn kkk",positive
1979669774,"Vl rách :((",negative
1979669774,"Cứu chê nha cừu",negative
1979669774,"Đm áo lửng croptop gì dài thòng như áo mượn của mẹ ấy mình m6 mặc nhìn buồn cười vl vải thô ráp xù lông te tua nói hố tiền mua về chỉ để vứt xó nha mọi người tránh xa trờ owi",negative
1979669774,"Eo ôi duyệt nha mí bà iu",positive
1979669774,"mặc ngon",positive
1979669774,"Đỉnh đóng gói siêu cấp cẩn thận 3 lớp lận bóc mỏi tay áo vest thơm phức không bị mùi xưởng may dáng body cực nét mặc phát như tổng tài ố mài gọt 😍",positive
1979669774,"10 điểm xịn 😍",positive
1979669774,"10 điểm đóng gói siêu cấp cẩn thận 3 lớp lận bóc mỏi tay ak vest thơm phức hơm bị mùi xưởng may dáng body cực nét mặc phát như tổng tài ố mài gọt xỉu =)))",positive
1979669774,"Eo ôi mới đầu tưởng mua qua mạng form rộng xộc xệch ai dè mạc vừa in luôn chời đường chỉ chắc chắn lắm k có chỉ thừa như mấy shop khác đâu nà",positive
1979669774,"ok ^^",positive
1979669774,"oimeoi đóng gói siêu cấp cẩn thận 3 lớp lận bóc mỏi tay áo vest thơm phức k bị mùi xưởng may dáng body cực nét mặc phát như tổng tài ố mài gọt nha",positive
1979669774,"Ối giời nóng trờ owi",negative
2211418082,"Sợ hãi giao hàng trễ hạn tận 1 tuần lận mà thái độ nhân viên cứ loanh quanh cúc áo đứt chỉ tè le vừa mở bọc nilon ra là rụng nguyên cái cúc xuống đất thua",negative
2211418082,"Thề luôn duyệt luôn",positive
2211418082,"nóng nha shop ơi",negative
2211418082,"chật vcl",negative
2211418082,"Má bán hàng lừa đảo vải phai màu giặt phát lem nhem hết ra mấy cái áo trắng khác tiếc đứt ruột gọi điện thoại shop thuê bao luôn ạ hãi hùng cái kiểu làm ăn gian dối 😡",negative
2211418082,"đóng gói siêu cấp cẩn thận 3 lớp lận bóc mỏi tay áo vest thơm phức không bị mùi xưởng may dáng body cực nét mặc phát nhuw tổng tài ố mài gọt nha mí bà iu",positive
2211418082,"giao hàng trễ hạn tận 1 tuần lận mà thái độ nhân viên cứ loanh quanh cúc áo đứt chỉ tè le vừa mở bọc nilon ra là rụng nguyên cái cúc xuống đất thua thua",negative
2211418082,"Á đù đóng gói siêu cấp cẩn thận 3 lớp lận bóc mỏi tay áo vest thơm phức không bị mùi xưởng may dáng body cực nét mặc phát như tổng tài ố mài gọt á",positive
2211418082,"đm xấu trờ owi",negative
2211418082,"10 điểm chim ưng quóa 💯",positive
2211418082,"thề luôn đóng gói siêu cấp cẩn thận 3 lớp lận bóc mỏi tay áo vest vest thơm phức không bị mùi xưởng may dáng body cực nét mặc phát như tổng tài ố mài gọt nha mí bà iu",positive
2211418082,"Cứu áo lửng croptop gì dài thòng nhu ak mượn của mẹ ấy mình m6 mặc nhìn buồn cười vl zải thô ráp xù lông te tua nói hố tiền mua về chỉ để vứt xó nha mọi người tránh xa vcl",negative
2211418082,"10 điểm duyệt á",positive
2211418082,"Á đù mọi người ơi tin mình đi nên chốt đơn liền nha áo vest này lên form ngầu lắm chất liệu dạ phối nỉ da cá cực kỳ nịnh mắt luôn móa shop rep tin nhắn cũng dễ thương nữa kkk 10 điểm 😍",positive
2211418082,"cứu tệ nha shop ơi",negative
2211418082,"Chùi ui xịn 😍",positive
2211418082,"Sợ hãi nóng ạ",negative
2211418082,"dở tệ 😡",negative
2211418082,"Thề luôn mới đầu tưởng mua qua mạng form rộng xộc xệch ai dè mạc vừa in luôn chời đường chỉ chắc chắn lắm k có chỉ thừa nhu mấy shop khác đâu 💯",positive
2211418082,"Má rách nha cừu",negative
2211418082,"đẹp luôn",positive
2211418082,"Sợ hãi vô học thua",negative
2211418082,"Chán nóng nha cừu",negative
2211418082,"chùi ui tôi mua cho e trai tôi mặc đi học sinh viên mạc kiểu blazer này củ chuối mà vẫn sang á chất mềm mát tôn dáng mà giá hạt dẻ nữa chất keo nha",positive
2211418082,"Thất vọng vô học 😡",negative
2211418082,"móa xịn á",positive
2211418082,"sợ hãi áo lửng croptop gì dài thòng như ak mượn của mẹ ấy mình m6 mặc nhìn buồn cười vl vải thô ráp xù lông te tua nói hố tiền mua về chỉ để vứt xó nha mọi người tránh xa chướng mắt",negative
2211418082,"Sợ hãi chê nha shop ơi",negative
2211418082,"Vl giao hàng trễ hạn tận 1 tuần lận mà thái độ nhân viên cứ loanh quanh cúc áo đứt chỉ tè le vừa mở bọc nilon ra là rụng nguyên cái cúc xuống đất thua vcl",negative
2211418082,"10 điểm dáng chuẩn",positive
2425733878,"đóng gói siêu cấp cẩn thận 3 lớp lận bóc mỏi tay áo vest thơm phức không bị mùi xưởng may dáng body cực nét mặc phát như tổng tài ố mài gọt xỉu =)))",positive
2425733878,"Eo ôi đóng gói siêu cấp cẩn thận 3 lớp lận bóc mỏi tay áo vest thơm phức không bị mùi xưởng may dáng body cực nét mặc phát như tổng tài ố mài gọt nha mí bà iu",positive
2425733878,"Má dở tệ ạ",negative
2425733878,"Vl bán hàng lừa đảo vải phai màu giặt phát lem nhem hết ra mấy cái ak trắng khác tiếc đứt ruột gọi điện thoại shop thuê bao luôn ạ hãi hùng cái kiểu làm ăn gian dối thua",negative
2425733878,"Chùi ui mới đầu tưởng mua qua mạng form rộng xộc xệch ai dè mạc vừa in luôn chời đường chỉ chắc chắn lắm k có chỉ thừa như mấy shop khác đâu nà",positive
2425733878,"Thề luôn đóng gói siêu cấp cẩn thận 3 lớp lận bóc mỏi tay áo vest thơm phức khong bị mùi xưởng may dáng body cực nét mặc phát như tổng tài ố mài gọt nà",positive
2425733878,"á đù chim ưng quá nà",positive
2425733878,"Ối giời chật chán",negative
2425733878,"Thề luôn mọi người ơi tin mình đi nên chốt đơn liền nha áo vest này lên form ngầu lắm chất liệu dạ phối nỉ da cá cực kỳ nịnh mắt luôn móa shop rep tin nhắn cũng dễ thương nữa kkk 10 điểm 💯",positive
2425733878,"Đm thất vọng cực kỳ với cái chất liệu luôn ghi trên mô tả polyester xịn xò gì đó mà nhận về y như nylong 100% nóng chảy mỡ mặc một lúc mồ hôi ướt nhẹp form áo thì kì cục 2 bên vai không cân nhau chán",negative
2425733878,"mọi người ơi tin mình đi nên chốt đơn liền nha áo vest này lên form ngầu lắm chất liệu dạ phối nỉ da cá cực kỳ nịnh mắt luôn móa shop rep tin nhắn cũng dễ thương nữa kkk 10 điểm",positive
2425733878,"chim ưng nà",positive
2425733878,"Thề luôn mua tặng bồ mà bồ khen nức nở bảo chất thô dạ này mặc không bị bí với cứng đâu form hàn xẻng các kiểu nhìn tôn dáng dã man con ngan luôn nà",positive
2425733878,"bán hàng lừa đảo vải phai màu giặt phát lem nhem hết ra mấy cái áo vest trắng khác tiếc đứt ruột gọi điện thoại shop thuê bao luôn ạ hãi hùng cái kiểu làm ăn gian dối thua",negative
2425733878,"chật thua",negative
2425733878,"Chùi ui chim ưng 💯",positive
2425733878,"Đm giao hàng trễ hạn tận 1 tuần lận mà thái độ nhân viên cứ loanh quanh cúc áo đứt chỉ tè le vừa mở bọc nilon ra là rụng nguyên cái cúc xuống đất thua ạ",negative
2425733878,"Đm vô học 😡",negative
2425733878,"Chùi ui mua tặng bồ mà bồ khen nức nở bảo chất thô dạ này mặc k bị bí với cứng đâu form hàn xẻng các kiểu nhìn tôn dáng dã man con ngan luôn",positive
2425733878,"Cứu đặt cái màu xanh coban hot trend mà giao cho mình cái giẻ lau nhà màu úa úa không hiểu kiểu gì luôn nhắn tin đổi trả shop đọc rep lâu như quỷ làm ăn tệ quá chừng",negative
1539135267,"chê ạ",negative
1539135267,"Đm nhàu vcl",negative
1539135267,"Thất vọng nhàu chán",negative
1539135267,"Chời ơi tôi mua cho e trai tôi mặc đi học sinh viên mạc kiểu blazer này củ chuối mà vẫn sang á vải mềm mát tôn dáng mà giá hạt dẻ nữa chất keo nha xỉu =)))",positive
1539135267,"tệ vcl",negative
1539135267,"Vl áo lửng croptop gì dài thòng nhuw ak mượn của mẹ ấy mình m6 mặc nhìn buồn cười vl chất thô ráp xù lông te tua nói hố tiền mua về chỉ để vứt xó nha mọi người tránh xa vcl",negative
1539135267,"Cứu đặt cái màu xanh coban hot trend mà giao cho mình cái giẻ lau nhà màu úa úa không hiểu kiểu gì luôn nhắn tin đổi trả shop đọc rep lâu như quỷ làm ăn tệ qá chừng :((",negative
1539135267,"Thề luôn chất mát 😍",positive
1539135267,"Thích thật đóng gói siêu cấp cẩn thận 3 lớp lận bóc mỏi tay áo vest thơm phức k bị mùi xưởng may dáng body cực nét mặc phát như tổng tài ố mài gọt 💯",positive
1539135267,"Ối giời xấu nha shop ơi",negative
1539135267,"chật ạ",negative
1539135267,"Thích thật xịn kkk",positive
1539135267,"Đm phèn 😡",negative
1539135267,"Chán rách",negative
1539135267,"Oimeoi chim ưng luôn",positive
1539135267,"đặt cái màu xanh coban hot trend mà giao cho mình cái giẻ lau nhà màu úa úa không hiểu kiểu gì luôn nhắn tin đổi trả shop đọc rep lâu như quỷ làm ăn tệ quá chừng thua",negative
1539135267,"Vl nóng nha cừu",negative
1539135267,"Chùi ui mua tặng bồ mà bồ khen nức nở bảo chất thô dạ này mặc không bị bí với cứng đâu form hàn xẻng các kiểu nhìn tôn dáng dã man con ngan luôn nà",positive
1539135267,"Ối giời vô học nha cừu",negative
1539135267,"Sợ hãi nhàu chán",negative
1539135267,"Trời vực xấu trờ owi",negative
1539135267,"ok ^^",positive
1539135267,"chê nha cừu",negative
1539135267,"duyệt",positive
1539135267,"mới đầu tưởng mua qua mạng form rộng xộc xệch ai dè mạc vừa in luôn chời đường chỉ chắc chắn lắm k có chỉ thừa như mấy shop khác đâu 💯",positive
1539135267,"Ối giời dở tệ chán",negative
1539135267,"đóng gói siêu cấp cẩn thận 3 lớp lận bóc mỏi tay áo vest thơm phức khong bị mùi xưởng may dáng body cực nét mặc phát như tổng tài ố mài gọt nà",positive
1539135267,"chật trờ owi",negative
1539135267,"duyệt kkk",positive
1539135267,"đm chê 😡",negative
1539135267,"cứu áo lửng croptop gì dài thòng như áo vest mượn của mẹ ấy mình m6 mặc nhìn buồn cười vl vải thô ráp xù lông te tua nói hố tiền mua về chỉ để vứt xó nha mọi người tránh xa nha shop ơi",negative
1539135267,"đỉnh đóng gói siêu cấp cẩn thận 3 lớp lận bóc mỏi tay áo vest thơm phức khong bị mùi xưởng may dáng body cực nét mặc phát như tổng tài ố mài gọt nà",positive
1539135267,"đm dở tệ trờ owi",negative
1539135267,"Vl chê trờ owi",negative
1539135267,"Ối giời áo lửng croptop gì dài thòng nhu ak mượn của mẹ ấy mình m6 mặc nhìn buồn cười vl zải thô ráp xù lông te tua nói hố tiền mua về chỉ để vứt xó nha mọi người tránh xa 😡",negative
1539135267,"Á đù mọi người ơi tin mình đi nên chốt đơn liền nha áo vest này lên form ngầu lắm chất liệu dạ phối nỉ da cá cực kỳ nịnh mắt luôn móa shop rep tin nhắn cũng dễ thương nữa kkk 10 điểm 💯",positive
2626468893,"Chời ơi ok nà",positive
2626468893,"Vl giao hàng trễ hạn tận 1 tuần lận mà thái độ nhân viên cứ loanh quanh cúc áo đứt chỉ tè le vừa mở bọc nilon ra là rụng nguyên cái cúc xuống đất thua",negative
2626468893,"Thích thật chim ưng quá ^^",positive
2626468893,"Thích thật chim ưng qá kkk",positive
2626468893,"Sợ hãi thất vọng cực kỳ với cái chất liệu luôn ghi trên mô tả polyester xịn xò gì đó mà nhận về y nhu nylong 100% nóng chảy mỡ mặc một lúc mồ hôi ướt nhẹp form áo thì kì cục 2 bên vai k cân nhau vcl",negative
2626468893,"Thích thật chim ưng quá kkk",positive
2626468893,"mọi người ơi tin mình đi nên chốt đơn liền nha áo vest này lên form ngầu lắm chất liệu dạ phối nỉ da cá cực kỳ nịnh mắt luôn móa shop rep tin nhắn cũng dễ thương nữa kkk 10 điểm 💯",positive
2626468893,"Eo ôi mới đầu tưởng mua qua mạng form rộng xộc xệch ai dè mạc vừa in luôn chời đường chỉ chắc chắn lắm k có chỉ thừa như mấy shop khác đâu á",positive
2626468893,"Chùi ui duyệt nha",positive
2626468893,"10 điểm ok 💯",positive
2626468893,"Đỉnh mọi người ơi tin mình đi nên chốt đơn liền nha áo vest vest này lên form ngầu lắm chất liệu dạ phối nỉ da cá cực kỳ nịnh mắt luôn móa shop rep tin nhắn cũng dễ thương nữa kkk 10 điểm 💯",positive
2626468893,"thề luôn đẹp",positive
2626468893,"Đm phèn vcl",negative
2626468893,"bán hàng lừa đảo zải phai màu giặt phát lem nhem hết ra mấy cái áo trắng khác tiếc đứt ruột gọi điện thoại shop thuê bao luôn ạ hãi hùng cái kiểu làm ăn gian dối trờ owi",negative
2626468893,"thích thật đóng gói siêu cấp cẩn thận 3 lớp lận bóc mỏi tay áo vest thơm phức không bị mùi xưởng may dáng body cực nét mặc phát như tổng tài ố mài gọt xỉu =)))",positive
2626468893,"Sợ hãi bán hàng lừa đảo zải phai màu giặt phát lem nhem hết ra mấy cái áo vest trắng khác tiếc đứt ruột gọi điện thoại shop thuê bao luôn ạ hãi hùng cái kiểu làm ăn gian dối nha cừu",negative
2626468893,"Thề luôn mọi người ơi tin mình đi nên chốt đơn liền nha áo vest này lên form ngầu lắm chất liệu dạ phối nỉ da cá cực kỳ nịnh mắt luôn móa shop rep tin nhắn cũng dễ thương nữa kkk 10 điểm nha",positive
2626468893,"eo ôi mọi người ơi tin mình đi nên chốt đơn liền nha áo vest này lên form ngầu lắm chất liệu dạ phối nỉ da cá cực kỳ nịnh mắt luôn móa shop rep tin nhắn cũng dễ thương nữa kkk 10 điểm 😍",positive
2626468893,"Chùi ui mới đầu tưởng mua qua mạng form rộng xộc xệch ai dè mạc vừa in luôn chời đường chỉ chắc chắn lắm k có chỉ thừa nhu mấy shop khác đâu nà",positive
2626468893,"Cứu chật thua",negative
2626468893,"Đỉnh mọi người ơi tin mình đi nên chốt đơn liền nha áo vest vest này lên form ngầu lắm chất liệu dạ phối nỉ da cá cực kỳ nịnh mắt luôn móa shop rep tin nhắn cũng dễ thương nữa kkk 10 điểm 💯",positive
